,precision,recall,f1-score,support
0,0.7705627705627706,0.8018018018018018,0.7858719646799117,222.0
1,0.7934272300469484,0.7612612612612613,0.7770114942528735,222.0
accuracy,0.7815315315315315,0.7815315315315315,0.7815315315315315,0.7815315315315315
macro avg,0.7819950003048595,0.7815315315315315,0.7814417294663927,444.0
weighted avg,0.7819950003048595,0.7815315315315315,0.7814417294663927,444.0
