,precision,recall,f1-score,support
0,0.777292576419214,0.8018018018018018,0.7893569844789357,222.0
1,0.7953488372093023,0.7702702702702703,0.782608695652174,222.0
accuracy,0.786036036036036,0.786036036036036,0.786036036036036,0.786036036036036
macro avg,0.7863207068142581,0.7860360360360361,0.7859828400655549,444.0
weighted avg,0.7863207068142581,0.786036036036036,0.7859828400655549,444.0
