,precision,recall,f1-score,support
0,0.7741935483870968,0.7567567567567568,0.765375854214123,222.0
1,0.762114537444934,0.7792792792792793,0.7706013363028953,222.0
accuracy,0.7680180180180181,0.7680180180180181,0.7680180180180181,0.7680180180180181
macro avg,0.7681540429160154,0.7680180180180181,0.7679885952585092,444.0
weighted avg,0.7681540429160154,0.7680180180180181,0.7679885952585092,444.0
