,precision,recall,f1-score,support
0,0.7514619883040936,0.75,0.750730282375852,1028.0
1,0.7291886195995785,0.7307286166842661,0.729957805907173,947.0
accuracy,0.7407594936708861,0.7407594936708861,0.7407594936708861,0.7407594936708861
macro avg,0.740325303951836,0.7403643083421331,0.7403440441415126,1975.0
weighted avg,0.7407820489809667,0.7407594936708861,0.7407700113804905,1975.0
