,precision,recall,f1-score,support
0,1.0,1.0,1.0,12.0
1,1.0,0.9285714285714286,0.9629629629629629,14.0
2,0.9,1.0,0.9473684210526315,9.0
accuracy,0.9714285714285714,0.9714285714285714,0.9714285714285714,0.9714285714285714
macro avg,0.9666666666666667,0.9761904761904763,0.9701104613385314,35.0
weighted avg,0.9742857142857143,0.9714285714285714,0.971651350598719,35.0
