model_returned_smth,valid_cf_disc,dissimilarity_proximity_categorical_hamming,dissimilarity_proximity_categorical_jaccard,dissimilarity_proximity_continuous_manhatan,dissimilarity_proximity_continuous_euclidean,dissimilarity_proximity_continuous_mad,distance_l2_jaccard,distance_mad_hamming,sparsity,flow_log_density_cfs,flow_log_density_xs,flow_prob_condition_acc,lof_scores_xs,lof_scores_cfs,isolation_forest_scores_xs,isolation_forest_scores_cfs,time
1.0,1.0,,0.0,0.5150206930097192,0.40160483909656897,2.1554698328177135,0.40160483909656897,,1.0,-7.823670864105225,2.503053903579712,0.046666666865348816,1.0726932,1.0813545,0.010853672564631022,-0.06987994965769397,0
1.0,1.0,,0.0,0.48041769046336413,0.3592822834145291,2.1780104867617287,0.3592822834145291,,1.0,-8.258081436157227,2.5592422485351562,0.036666665226221085,1.0723336,1.0901794,0.01863964938002684,-0.04433123399280115,0
1.0,1.0,,0.0,0.5161192514374853,0.3838904936887844,2.1947114872932434,0.3838904936887844,,1.0,-11.92895221710205,2.5708553791046143,0.02666666731238365,1.074249,1.1060963,0.016709986414873392,-0.06915956534326947,0
1.0,1.0,,0.0,0.5000391977125158,0.37277085579998526,2.0371261922518413,0.37277085579998526,,1.0,-10.935675621032715,2.6076180934906006,0.07333333045244217,1.0692067,1.0844498,0.011555534564205524,-0.06834559292334555,0
1.0,1.0,,0.0,0.52149817683924,0.38524486097563565,2.2104070884328224,0.38524486097563565,,1.0,-8.648093223571777,2.639678955078125,0.03344481438398361,1.0765705,1.0979048,0.015830313731735213,-0.06863582975075083,0
