model_returned_smth,valid_cf_disc,dissimilarity_proximity_categorical_hamming,dissimilarity_proximity_categorical_jaccard,dissimilarity_proximity_continuous_manhatan,dissimilarity_proximity_continuous_euclidean,dissimilarity_proximity_continuous_mad,distance_l2_jaccard,distance_mad_hamming,sparsity,flow_log_density_cfs,flow_log_density_xs,flow_prob_condition_acc,lof_scores_xs,lof_scores_cfs,isolation_forest_scores_xs,isolation_forest_scores_cfs,time
0.9533333333333334,1.0,,0.0,0.39257119122202266,0.3415232521451771,1.7222677588046014,0.3415232521451771,,1.0,-11.160201072692871,2.5027856826782227,0.0,1.0977226,2.7014408,0.019903026050530116,-0.07791802852365534,2440.5637316703796
0.95,1.0,,0.0,0.34690837176483974,0.30607549333435774,1.6288627447789175,0.30607549333435774,,1.0,-17.770099639892578,2.5569982528686523,0.0,1.1093178,2.6244824,0.01627316751666328,-0.07751419928057542,2444.3210146427155
0.9333333333333333,1.0,,0.0,0.37671913799962825,0.33645430504579565,1.7160728193287338,0.33645430504579565,,1.0,-10.92186164855957,2.6170599460601807,0.0,1.0864316,2.8199327,0.020115591560357488,-0.08419761796632197,2463.411025762558
0.91,1.0,,0.0,0.35681302980571,0.3167064146627893,1.6014339548327547,0.3167064146627893,,1.0,-10.807409286499023,2.62965726852417,0.0,1.0996946,2.5382018,0.020007328520623216,-0.07797124401915315,2339.214681625366
0.9698996655518395,1.0,,0.0,0.3744019316830512,0.3325132214014995,1.616211206954101,0.3325132214014995,,1.0,-8.124699592590332,2.6417698860168457,0.0,1.0890682,2.581077,0.019712890971479876,-0.06941332810314939,2344.492008447647
