model_returned_smth,valid_cf_disc,dissimilarity_proximity_categorical_hamming,dissimilarity_proximity_categorical_jaccard,dissimilarity_proximity_continuous_manhatan,dissimilarity_proximity_continuous_euclidean,dissimilarity_proximity_continuous_mad,distance_l2_jaccard,distance_mad_hamming,sparsity,flow_log_density_cfs,flow_log_density_xs,flow_prob_condition_acc,lof_scores_xs,lof_scores_cfs,isolation_forest_scores_xs,isolation_forest_scores_cfs,time
0.9833333333333333,0.5525423884391785,,0.0,0.3508658304901942,0.3046893753216667,1.4468088704018505,0.3046893753216667,,1.0,-11.966506004333496,2.4430863857269287,0.0,1.0974929,2.8506038,0.018596253076641964,-0.07826459900591543,1801.735744714737
1.0,0.5566666722297668,,0.0,0.3347348050398384,0.290673714487325,1.519049574871977,0.290673714487325,,1.0,-16.487319946289062,2.504899263381958,0.0,1.1076694,2.4362247,0.015508409793053284,-0.06827486043597633,1758.694123506546
0.9966666666666667,0.5284280776977539,,0.0,0.3420933667523197,0.3015370096829414,1.578647263206636,0.3015370096829414,,1.0,-8.586339950561523,2.6088576316833496,0.0,1.0946437,2.7606902,0.012001778306477242,-0.06664576698528554,1757.860933303833
0.9933333333333333,0.5536912679672241,,0.0,0.33129391794403396,0.28800734823885327,1.3531451707536524,0.28800734823885327,,1.0,-9.505499839782715,2.5386667251586914,0.0,1.1033852,2.652099,0.014724179396926268,-0.07943921437688972,1696.033137798309
0.9698996655518395,0.6448276042938232,,0.0,0.32335114041791563,0.28032183565162366,1.3709654918010221,0.28032183565162366,,1.0,-7.061959266662598,2.617173910140991,0.0,1.0885376,2.6402435,0.018718765827988454,-0.07219228468093614,1641.1878547668457
