model_returned_smth,valid_cf_disc,dissimilarity_proximity_categorical_hamming,dissimilarity_proximity_categorical_jaccard,dissimilarity_proximity_continuous_manhatan,dissimilarity_proximity_continuous_euclidean,dissimilarity_proximity_continuous_mad,distance_l2_jaccard,distance_mad_hamming,sparsity,flow_log_density_cfs,flow_log_density_xs,flow_prob_condition_acc,lof_scores_xs,lof_scores_cfs,isolation_forest_scores_xs,isolation_forest_scores_cfs,time
1.0,1.0,,0.0,0.5150206930097192,0.40160483909656897,2.1554698328177135,0.40160483909656897,,1.0,-7.823668479919434,2.50305438041687,0.046666666865348816,1.0974929,2.3105683,0.018596253076641964,-0.0527171366113569,458.1742486954
1.0,1.0,,0.0,0.48041769046336413,0.3592822834145291,2.1780104867617287,0.3592822834145291,,1.0,-8.258079528808594,2.5592422485351562,0.036666665226221085,1.1076694,1.908246,0.015508409793053284,-0.051501617839578295,428.9802206357
1.0,1.0,,0.0,0.5161192514374853,0.3838904936887844,2.1947114872932434,0.3838904936887844,,1.0,-11.92895221710205,2.5708556175231934,0.02666666731238365,1.0946437,2.3400137,0.012001778306477242,-0.06548367800567297,437.5603622993
1.0,1.0,,0.0,0.5000391977125158,0.37277085579998526,2.0371261922518413,0.37277085579998526,,1.0,-10.935675621032715,2.6076180934906006,0.07333333045244217,1.1033852,2.3831048,0.014724179396926268,-0.06860188058316313,425.8678987764
1.0,1.0,,0.0,0.52149817683924,0.38524486097563565,2.2104070884328224,0.38524486097563565,,1.0,-8.648093223571777,2.639678478240967,0.03344481438398361,1.0885376,2.2581391,0.018718765827988454,-0.06792402048666442,457.3886380423