model_returned_smth,valid_cf_disc,dissimilarity_proximity_categorical_hamming,dissimilarity_proximity_categorical_jaccard,dissimilarity_proximity_continuous_manhatan,dissimilarity_proximity_continuous_euclidean,dissimilarity_proximity_continuous_mad,distance_l2_jaccard,distance_mad_hamming,sparsity,flow_log_density_cfs,flow_log_density_xs,flow_prob_condition_acc,lof_scores_xs,lof_scores_cfs,isolation_forest_scores_xs,isolation_forest_scores_cfs,time
0.9833333333333333,0.511864423751831,,0.0,0.3491743639888649,0.304851145561497,1.4347666270093413,0.304851145561497,,1.0,-10.53302001953125,2.4336342811584473,0.0,1.0803148,1.0828432,0.01361883600438996,-0.07647039135302508,1801.735744714737
1.0,0.5566666722297668,,0.0,0.33566923919105957,0.2913438820029228,1.3611509328830742,0.2913438820029228,,1.0,-15.709665298461914,2.566579818725586,0.0,1.0767007,1.0928172,0.012267151231019612,-0.074582563931937,1758.694123506546
0.9966666666666667,0.4882943034172058,,0.0,0.3448338013091316,0.2991520990955741,1.5123735580032003,0.2991520990955741,,1.0,-8.530776977539062,2.5056889057159424,0.0,1.0734605,1.0761641,0.012452733632903005,-0.0758391087967288,1757.860933303833
0.9933333333333333,0.563758373260498,,0.0,0.33163377640414093,0.28854783584884214,1.3510723912290163,0.28854783584884214,,1.0,-9.017343521118164,2.6382696628570557,0.0,1.0689977,1.0812308,0.021528833867049423,-0.06747756481597984,1696.0331377983093
0.9698996655518395,0.6068965792655945,,0.0,0.32630885304586793,0.2840674740937698,1.4048507379537278,0.2840674740937698,,1.0,-7.524527072906494,2.579225540161133,0.0,1.0760077,1.0867662,0.019458775458751947,-0.05470973369291097,1641.1878547668457
