model_returned_smth,valid_cf_disc,dissimilarity_proximity_categorical_hamming,dissimilarity_proximity_categorical_jaccard,dissimilarity_proximity_continuous_manhatan,dissimilarity_proximity_continuous_euclidean,dissimilarity_proximity_continuous_mad,distance_l2_jaccard,distance_mad_hamming,sparsity,flow_log_density_cfs,flow_log_density_xs,flow_prob_condition_acc,lof_scores_xs,lof_scores_cfs,isolation_forest_scores_xs,isolation_forest_scores_cfs,time
1.0,1.0,,0.0,0.5150206930097192,0.40160483909656897,2.1554698328177135,0.40160483909656897,,1.0,-15.11888313293457,2.50305438041687,0.0,1.0726932,1.0813545,0.017838851331167162,-0.058167712154923334,497.54116344451904
1.0,0.996666669845581,,0.0,0.48041769046336413,0.3592822834145291,2.1780104867617287,0.3592822834145291,,1.0,-14.984648704528809,2.5592422485351562,0.0,1.0723336,1.0901794,0.01470569266726775,-0.05605012449389238,492.57570123672485
1.0,0.996666669845581,,0.0,0.5161192514374853,0.3838904936887844,2.1947114872932434,0.3838904936887844,,1.0,-14.76112174987793,2.5708556175231934,0.0,1.074249,1.1060963,0.012866128717104583,-0.0723385966069422,483.91312193870544
1.0,1.0,,0.0,0.5000391977125158,0.37277085579998526,2.0371261922518413,0.37277085579998526,,1.0,-16.075023651123047,2.6076180934906006,0.0,1.0692067,1.0844498,0.014906966803632307,-0.06424709391340745,488.98825764656067
1.0,1.0,,0.0,0.52149817683924,0.38524486097563565,2.2104070884328224,0.38524486097563565,,1.0,-14.941449165344238,2.639678478240967,0.0,1.0765705,1.0979048,0.01981240407215809,-0.06312867721479792,479.1606159210205
