,precision,recall,f1-score,support
0,0.0,0.0,0.0,1027.0
1,0.4797365754812563,1.0,0.6484080794248545,947.0
accuracy,0.4797365754812563,0.4797365754812563,0.4797365754812563,0.4797365754812563
macro avg,0.23986828774062816,0.5,0.3242040397124272,1974.0
weighted avg,0.23014718185448313,0.4797365754812563,0.31106507153765817,1974.0
