,precision,recall,f1-score,support
0,0.8461538461538461,0.8543689320388349,0.8502415458937198,103.0
1,0.8514851485148515,0.8431372549019608,0.8472906403940886,102.0
accuracy,0.848780487804878,0.848780487804878,0.848780487804878,0.848780487804878
macro avg,0.8488194973343488,0.8487530934703978,0.8487660931439043,205.0
weighted avg,0.8488064941578586,0.848780487804878,0.8487732904743911,205.0
