coverage,validity,actionability,sparsity,proximity_euclidean_hamming,proximity_euclidean_jaccard,proximity_l1_jaccard,proximity_mad_jaccard,proximity_l2_jaccard,proximity_mad_hamming,prob_plausibility,log_density_cf,log_density_test,lof_scores_cf,lof_scores_test,isolation_forest_scores_cf,isolation_forest_scores_test,number_of_instances,time,n_groups
1.0,0.17346938775510204,0.3673469387755102,0.336734693877551,0.4878847222220832,0.4878847222220832,0.4900154567063403,2.877340116921593,0.4878847222220832,2.877340116921593,0.04081632653061224,-73.708374,1.4672936,1.1031121,1.0410503,0.011239075195249913,0.0046847134185437275,98.0,0.0028951168060302734,8
