model_returned_smth,valid_cf_disc,dissimilarity_proximity_categorical_hamming,dissimilarity_proximity_categorical_jaccard,dissimilarity_proximity_continuous_manhatan,dissimilarity_proximity_continuous_euclidean,dissimilarity_proximity_continuous_mad,distance_l2_jaccard,distance_mad_hamming,sparsity,flow_log_density_cfs,flow_log_density_xs,flow_prob_condition_acc,lof_scores_xs,lof_scores_cfs,isolation_forest_scores_xs,isolation_forest_scores_cfs,time
1.0,1.0,,0.0,0.16095347479510716,0.16077230222285055,1.40844336612914,0.16077230222285055,,0.7402402402402403,0.705657422542572,1.2017868757247925,0.38288289308547974,1.058463,1.0573623,0.02955897213038306,0.03262398294631475,13.149275302886963
1.0,1.0,,0.0,0.16811529172136194,0.168113643124189,1.4833675111423343,0.168113643124189,,0.7319819819819819,0.5331783294677734,1.2399526834487915,0.38513514399528503,1.0577292,1.0559337,0.02420664581624061,0.022059381754231083,15.242515325546265
1.0,1.0,,0.0,0.18143384375799246,0.18084011981203382,1.6105995357641016,0.18084011981203382,,0.7882882882882883,0.5023469924926758,1.1745578050613403,0.3468468487262726,1.0525318,1.0557494,0.026121381549492083,0.026156258212099673,8.78623080253601
1.0,1.0,,0.0,0.16136018209794087,0.16108362637625026,1.4238958991057122,0.16108362637625026,,0.8175675675675675,0.7214005589485168,1.3193167448043823,0.4279279410839081,1.0560997,1.0583687,0.032012235753173204,0.027302718853301853,8.772583246231079
1.0,1.0,,0.0,0.1712686921436306,0.1712636121365297,1.3981063969022247,0.1712636121365297,,0.8881381381381381,0.693202018737793,1.2359378337860107,0.3558558523654938,1.0586525,1.0537503,0.027892641327334308,0.029707076216813743,8.823598623275757
