model_returned_smth,valid_cf_disc,dissimilarity_proximity_categorical_hamming,dissimilarity_proximity_categorical_jaccard,dissimilarity_proximity_continuous_manhatan,dissimilarity_proximity_continuous_euclidean,dissimilarity_proximity_continuous_mad,distance_l2_jaccard,distance_mad_hamming,sparsity,flow_log_density_cfs,flow_log_density_xs,flow_prob_condition_acc,lof_scores_xs,lof_scores_cfs,isolation_forest_scores_xs,isolation_forest_scores_cfs,time
1.0,1.0,,0.0,0.19980982637340533,0.19927926281523858,1.7486534727210816,0.19927926281523858,,0.743993993993994,0.5943915843963623,1.201786756515503,0.4121621549129486,1.0600836,1.057977,0.023257124431732265,0.021659125556912705,3.8160791397094727
1.0,1.0,,0.0,0.19557284961720062,0.1955351590759715,1.7255876090273738,0.1955351590759715,,0.7612612612612613,0.5817152261734009,1.239952564239502,0.4144144058227539,1.0610975,1.0580345,0.030002649633746246,0.026810395673480838,4.773371934890747
1.0,1.0,,0.0,0.20820853056938424,0.20757714758400092,1.8483348111344107,0.20757714758400092,,0.737987987987988,0.44889330863952637,1.1745578050613403,0.36261260509490967,1.055571,1.0571185,0.025671617782813183,0.024058661882426096,3.868133306503296
1.0,1.0,,0.0,0.19805933179853882,0.19760729047335196,1.747798394666133,0.19760729047335196,,0.8168168168168168,0.46974050998687744,1.3193167448043823,0.4234234094619751,1.0580374,1.061163,0.032235089437632564,0.0263047025901983,3.8211309909820557
1.0,1.0,,0.0,0.20218807396369878,0.2021856850942529,1.6505127255123127,0.2021856850942529,,0.7852852852852853,0.6175298690795898,1.2359378337860107,0.4009009003639221,1.0614915,1.055283,0.02785156879410982,0.032821250403963574,3.8194100856781006
