model_returned_smth,valid_cf_disc,dissimilarity_proximity_categorical_hamming,dissimilarity_proximity_categorical_jaccard,dissimilarity_proximity_continuous_manhatan,dissimilarity_proximity_continuous_euclidean,dissimilarity_proximity_continuous_mad,distance_l2_jaccard,distance_mad_hamming,sparsity,flow_log_density_cfs,flow_log_density_xs,flow_prob_condition_acc,lof_scores_xs,lof_scores_cfs,isolation_forest_scores_xs,isolation_forest_scores_cfs,time
1.0,0.7815315127372742,,0.0,0.205944268029963,0.20571311127161537,1.7018893121900063,0.20571311127161537,,0.7156580211335255,0.48081445693969727,1.3614513874053955,0.409221887588501,1.0679567,1.096441,0.025300793516807005,0.025674637099686454,13.149275302886965
1.0,0.7567567825317383,,0.0,0.22214994220575707,0.22214857442445995,1.7538144751334108,0.22214857442445995,,0.6726190476190477,0.4275980591773987,1.4303526878356934,0.4047619104385376,1.0676569,1.116266,0.03014741928070085,0.027765888960144564,15.242515325546265
1.0,0.7882882952690125,,0.0,0.2301566217387361,0.22940526750731716,1.8750600803217718,0.22940526750731716,,0.7390476190476191,0.3487051725387573,1.3343247175216675,0.34285715222358704,1.0723763,1.1169441,0.020505050651133287,0.01679865921650225,8.78623080253601
1.0,0.7837837934494019,,0.0,0.20586632506211602,0.20551596440261166,1.704105172452153,0.20551596440261166,,0.7806513409961686,0.446007639169693,1.447043538093567,0.3850574791431427,1.0595237,1.10571,0.027864477094232516,0.025827055740888394,8.772583246231079
1.0,0.7792792916297913,,0.0,0.21976742664664295,0.21976478362176857,1.617919611486181,0.21976478362176857,,0.861271676300578,0.4661523997783661,1.3625786304473877,0.34682080149650574,1.0682547,1.0973631,0.024361042918202604,0.024766823535288657,8.823598623275757
