model_returned_smth,valid_cf_disc,dissimilarity_proximity_categorical_hamming,dissimilarity_proximity_categorical_jaccard,dissimilarity_proximity_continuous_manhatan,dissimilarity_proximity_continuous_euclidean,dissimilarity_proximity_continuous_mad,distance_l2_jaccard,distance_mad_hamming,sparsity,flow_log_density_cfs,flow_log_density_xs,flow_prob_condition_acc,lof_scores_xs,lof_scores_cfs,isolation_forest_scores_xs,isolation_forest_scores_cfs,time
1.0,1.0,,0.0,0.19980982637340533,0.19927926281523858,1.7486534727210816,0.19927926281523858,,0.743993993993994,0.5943916440010071,1.2017868757247925,0.4121621549129486,1.0679567,1.11086,0.025300793516807005,0.0233089342188526,3.8160791397094727
1.0,1.0,,0.0,0.19557284961720062,0.1955351590759715,1.7255876090273738,0.1955351590759715,,0.7612612612612613,0.5817152857780457,1.2399526834487915,0.4144144058227539,1.0676569,1.1208547,0.03014741928070085,0.0271382367895827,4.773371934890747
1.0,1.0,,0.0,0.20820853056938424,0.20757714758400092,1.8483348111344107,0.20757714758400092,,0.737987987987988,0.44889339804649353,1.1745578050613403,0.36261260509490967,1.0723763,1.1236962,0.020505050651133287,0.01553182317888187,3.868133306503296
1.0,1.0,,0.0,0.19805933179853882,0.19760729047335196,1.747798394666133,0.19760729047335196,,0.8168168168168168,0.4697405695915222,1.3193167448043823,0.4234234094619751,1.0595237,1.1308427,0.027864477094232516,0.020732372421326233,3.821130990982056
1.0,1.0,,0.0,0.20218807396369878,0.2021856850942529,1.6505127255123127,0.2021856850942529,,0.7852852852852853,0.6175298690795898,1.2359378337860107,0.4009009003639221,1.0682547,1.105406,0.024361042918202604,0.024429072148101666,3.8194100856781006
