model_returned_smth,valid_cf_disc,dissimilarity_proximity_categorical_hamming,dissimilarity_proximity_categorical_jaccard,dissimilarity_proximity_continuous_manhatan,dissimilarity_proximity_continuous_euclidean,dissimilarity_proximity_continuous_mad,distance_l2_jaccard,distance_mad_hamming,sparsity,flow_log_density_cfs,flow_log_density_xs,flow_prob_condition_acc,lof_scores_xs,lof_scores_cfs,isolation_forest_scores_xs,isolation_forest_scores_cfs,time
1.0,1.0,,0.0,0.19980982637340533,0.19927926281523858,1.7486534727210816,0.19927926281523858,,0.743993993993994,0.5943915843963623,1.201786756515503,0.4121621549129486,1.0600836,1.057977,0.02812325368194501,0.02725689770166897,3.7419729232788086
1.0,1.0,,0.0,0.19557284961720062,0.1955351590759715,1.7255876090273738,0.1955351590759715,,0.7612612612612613,0.5817152261734009,1.239952564239502,0.4144144058227539,1.0610975,1.0580345,0.029291535726033848,0.027869612675917043,4.767506837844849
1.0,1.0,,0.0,0.20812309778233037,0.20760764629530326,1.847756774394945,0.20760764629530326,,0.6974474474474475,0.44179069995880127,1.1745578050613403,0.36261260509490967,1.0555404,1.0571684,0.022390446178714003,0.01828512955655282,4.736093759536743
1.0,1.0,,0.0,0.19805933179853882,0.19760729047335196,1.747798394666133,0.19760729047335196,,0.8168168168168168,0.46974050998687744,1.3193167448043823,0.4234234094619751,1.0580374,1.061163,0.02622728500391283,0.022109594183250217,3.7132720947265625
1.0,1.0,,0.0,0.20218807396369878,0.2021856850942529,1.6505127255123127,0.2021856850942529,,0.7852852852852853,0.6175298690795898,1.2359378337860107,0.4009009003639221,1.0614915,1.055283,0.028103207891494682,0.03233557945840558,3.7258119583129883
