,precision,recall,f1-score,support
0,0.9076923076923077,0.9672131147540983,0.9365079365079365,61.0
1,0.9649122807017544,0.9016393442622951,0.9322033898305084,61.0
accuracy,0.9344262295081968,0.9344262295081968,0.9344262295081968,0.9344262295081968
macro avg,0.936302294197031,0.9344262295081966,0.9343556631692225,122.0
weighted avg,0.936302294197031,0.9344262295081968,0.9343556631692225,122.0
