,precision,recall,f1-score,support
0,0.8955223880597015,0.9836065573770492,0.9375,61.0
1,0.9818181818181818,0.8852459016393442,0.9310344827586207,61.0
accuracy,0.9344262295081968,0.9344262295081968,0.9344262295081968,0.9344262295081968
macro avg,0.9386702849389417,0.9344262295081966,0.9342672413793103,122.0
weighted avg,0.9386702849389417,0.9344262295081968,0.9342672413793103,122.0
