,precision,recall,f1-score,support
0,0.9666666666666667,0.9508196721311475,0.9586776859504132,61.0
1,0.9516129032258065,0.9672131147540983,0.959349593495935,61.0
accuracy,0.9590163934426229,0.9590163934426229,0.9590163934426229,0.9590163934426229
macro avg,0.9591397849462366,0.9590163934426229,0.9590136397231741,122.0
weighted avg,0.9591397849462366,0.9590163934426229,0.9590136397231742,122.0
