,precision,recall,f1-score,support
0,0.95,0.9344262295081968,0.9421487603305785,61.0
1,0.9354838709677419,0.9508196721311475,0.943089430894309,61.0
accuracy,0.9426229508196722,0.9426229508196722,0.9426229508196722,0.9426229508196722
macro avg,0.9427419354838709,0.9426229508196722,0.9426190956124437,122.0
weighted avg,0.9427419354838709,0.9426229508196722,0.9426190956124437,122.0
