,precision,recall,f1-score,support
0,0.90625,0.9508196721311475,0.928,61.0
1,0.9482758620689655,0.9016393442622951,0.9243697478991597,61.0
accuracy,0.9262295081967213,0.9262295081967213,0.9262295081967213,0.9262295081967213
macro avg,0.9272629310344828,0.9262295081967213,0.9261848739495799,122.0
weighted avg,0.9272629310344827,0.9262295081967213,0.9261848739495799,122.0
