,precision,recall,f1-score,support
0,0.9166666666666666,1.0,0.9565217391304348,11.0
1,1.0,0.9333333333333333,0.9655172413793104,15.0
accuracy,0.9615384615384616,0.9615384615384616,0.9615384615384616,0.9615384615384616
macro avg,0.9583333333333333,0.9666666666666667,0.9610194902548725,26.0
weighted avg,0.9647435897435896,0.9615384615384616,0.9617114519663246,26.0
