,precision,recall,f1-score,support
0,0.3142857142857143,1.0,0.4782608695652174,11.0
1,0.0,0.0,0.0,15.0
2,0.0,0.0,0.0,9.0
accuracy,0.3142857142857143,0.3142857142857143,0.3142857142857143,0.3142857142857143
macro avg,0.10476190476190476,0.3333333333333333,0.15942028985507248,35.0
weighted avg,0.09877551020408164,0.3142857142857143,0.15031055900621118,35.0
