model_returned_smth,valid_cf_disc,dissimilarity_proximity_categorical_hamming,dissimilarity_proximity_categorical_jaccard,dissimilarity_proximity_continuous_manhatan,dissimilarity_proximity_continuous_euclidean,dissimilarity_proximity_continuous_mad,distance_l2_jaccard,distance_mad_hamming,sparsity,flow_log_density_cfs,flow_log_density_xs,flow_prob_condition_acc,lof_scores_xs,lof_scores_cfs,isolation_forest_scores_xs,isolation_forest_scores_cfs,time
1.0,1.0,,0.0,0.3493174797151147,0.3493159505629759,1.3991780051370946,0.3493159505629759,,0.8219512195121951,-12.380653381347656,1.4153826236724854,0.08780487626791,1.0710217,1.0607148,-0.0005103643801640707,-0.03775963506013289,5.059786081314087
1.0,1.0,,0.0,0.2989763142586481,0.29897613088455627,1.367663966432759,0.29897613088455627,,0.7195121951219512,-6.458693981170654,1.3076913356781006,0.1024390235543251,1.0625813,1.064424,0.0008755352758673205,-0.0215746611571603,3.888759136199951
1.0,1.0,,0.0,0.32117097870157124,0.32117067680130384,1.556653626817392,0.32117067680130384,,0.7634146341463415,-4.983883857727051,1.4187835454940796,0.024390242993831635,1.0636734,1.0624918,0.0025206421351693033,-0.03465252321646413,4.640902042388916
1.0,1.0,,0.0,0.3218841613369721,0.3218832542928824,1.6460319775542835,0.3218832542928824,,0.8439024390243902,-12.725089073181152,1.3041713237762451,0.09756097197532654,1.0641106,1.073009,0.00543875667452355,-0.02996918307724244,3.3751280307769775
1.0,1.0,,0.0,0.29510011430829763,0.2950993209976901,1.39052426123389,0.2950993209976901,,0.821078431372549,-7.138230323791504,1.4616645574569702,0.07352941483259201,1.064935,1.0666808,0.0042653984812417445,-0.026315724942908496,3.7795989513397217
