model_returned_smth,valid_cf_disc,dissimilarity_proximity_categorical_hamming,dissimilarity_proximity_categorical_jaccard,dissimilarity_proximity_continuous_manhatan,dissimilarity_proximity_continuous_euclidean,dissimilarity_proximity_continuous_mad,distance_l2_jaccard,distance_mad_hamming,sparsity,flow_log_density_cfs,flow_log_density_xs,flow_prob_condition_acc,lof_scores_xs,lof_scores_cfs,isolation_forest_scores_xs,isolation_forest_scores_cfs,time
1.0,1.0,,0.0,0.3493175701471046,0.3493161699083419,1.3991781455441945,0.3493161699083419,,0.9219512195121952,-12.380548477172852,1.4153826236724854,0.08780487626791,1.0710313,1.060727,-0.0020261417327711155,-0.03260060627291006,3.735034942626953
1.0,1.0,,0.0,0.2989763856025004,0.29897565860095304,1.3676655197697805,0.29897565860095304,,0.8341463414634146,-6.458710670471191,1.3076913356781006,0.1024390235543251,1.0625818,1.0644238,-0.0036586772497246367,-0.024473714876482037,3.368717670440674
1.0,1.0,,0.0,0.32117097390611177,0.3211699964514691,1.5566541768701339,0.3211699964514691,,0.8195121951219512,-4.983889102935791,1.4187835454940796,0.024390242993831635,1.0636733,1.0624918,0.005459325049392793,-0.028752227133670663,4.538406848907471
1.0,1.0,,0.0,0.3218841732579011,0.32188316546612067,1.6460321392159818,0.32188316546612067,,0.8560975609756097,-12.724885940551758,1.3041713237762451,0.09756097197532654,1.0641109,1.073009,0.0036641229118632625,-0.021292361075869286,4.199422121047974
1.0,1.0,,0.0,0.29510011430829763,0.2950993209976901,1.39052426123389,0.2950993209976901,,0.821078431372549,-7.138230323791504,1.4616645574569702,0.07352941483259201,1.064935,1.0666808,0.0054845008505289145,-0.0263338752020589,3.747159004211426
