model_returned_smth,valid_cf_disc,dissimilarity_proximity_categorical_hamming,dissimilarity_proximity_categorical_jaccard,dissimilarity_proximity_continuous_manhatan,dissimilarity_proximity_continuous_euclidean,dissimilarity_proximity_continuous_mad,distance_l2_jaccard,distance_mad_hamming,sparsity,flow_log_density_cfs,flow_log_density_xs,flow_prob_condition_acc,lof_scores_xs,lof_scores_cfs,isolation_forest_scores_xs,isolation_forest_scores_cfs,time
1.0,1.0,,0.0,0.389808990599633,0.38980687549790743,1.5613659229356704,0.38980687549790743,,0.9439024390243902,-19.50804901123047,1.4153826236724854,0.1024390235543251,1.064312,1.063212,0.0014135498589894022,-0.03639429345498976,3.623013973236084
1.0,1.0,,0.0,0.3010276057098697,0.30102481615092946,1.3770538498340856,0.30102481615092946,,0.8707317073170732,-6.462043762207031,1.3076913356781006,0.10731707513332367,1.0621204,1.0636607,0.0002730170970223726,-0.019811062397031676,4.362035036087036
1.0,1.0,,0.0,0.28705790824875826,0.2870570022651012,1.391314683434349,0.2870570022651012,,0.8219512195121951,-5.109889984130859,1.4187835454940796,0.0,1.0702686,1.0634989,-0.0013109674484463936,-0.028120048848104214,4.338238000869751
1.0,1.0,,0.0,0.367626541206988,0.3676230829636032,1.879949790664108,0.3676230829636032,,0.9170731707317074,-16.380197525024414,1.3041713237762451,0.10731707513332367,1.0628018,1.0728889,0.0036946371365737716,-0.04121398517066514,4.435712099075317
1.0,1.0,,0.0,0.3282802406990645,0.32827778683621545,1.546872630770154,0.32827778683621545,,0.8872549019607843,-7.337827205657959,1.4616645574569702,0.0784313753247261,1.0566117,1.0677316,0.0026751688376152006,-0.030879514490400755,3.582990884780884
