model_returned_smth,valid_cf_disc,dissimilarity_proximity_categorical_hamming,dissimilarity_proximity_categorical_jaccard,dissimilarity_proximity_continuous_manhatan,dissimilarity_proximity_continuous_euclidean,dissimilarity_proximity_continuous_mad,distance_l2_jaccard,distance_mad_hamming,sparsity,flow_log_density_cfs,flow_log_density_xs,flow_prob_condition_acc,lof_scores_xs,lof_scores_cfs,isolation_forest_scores_xs,isolation_forest_scores_cfs,time
1.0,1.0,,0.0,0.3493174797151147,0.3493159505629759,1.3991780051370946,0.3493159505629759,,0.8219512195121951,-12.380655288696289,1.4153826236724854,0.08780487626791,1.045943,1.5298343,-0.0005268676476471984,-0.030525531169753012,5.059786081314087
1.0,1.0,,0.0,0.2989763142586481,0.29897613088455627,1.367663966432759,0.29897613088455627,,0.7195121951219512,-6.4586944580078125,1.3076914548873901,0.1024390235543251,1.084471,1.444674,-0.0010762087434659318,-0.017772458589948123,3.888759136199951
1.0,1.0,,0.0,0.32117097870157124,0.32117067680130384,1.556653626817392,0.32117067680130384,,0.7634146341463415,-4.983883857727051,1.4187835454940796,0.024390242993831635,1.0458289,1.5466415,0.0044313801402887905,-0.03190633437219865,4.640902042388916
1.0,1.0,,0.0,0.3218841613369721,0.3218832542928824,1.6460319775542835,0.3218832542928824,,0.8439024390243902,-12.725088119506836,1.3041713237762451,0.09756097197532654,1.0599597,1.657719,0.0027541499283298514,-0.02443365977103189,3.375128030776977
1.0,1.0,,0.0,0.29510011430829763,0.2950993209976901,1.39052426123389,0.2950993209976901,,0.821078431372549,-7.138230323791504,1.4616645574569702,0.07352941483259201,1.0473603,1.4494189,0.0050090523921422605,-0.024392709500106597,3.7795989513397217
