model_returned_smth,valid_cf_disc,dissimilarity_proximity_categorical_hamming,dissimilarity_proximity_categorical_jaccard,dissimilarity_proximity_continuous_manhatan,dissimilarity_proximity_continuous_euclidean,dissimilarity_proximity_continuous_mad,distance_l2_jaccard,distance_mad_hamming,sparsity,flow_log_density_cfs,flow_log_density_xs,flow_prob_condition_acc,lof_scores_xs,lof_scores_cfs,isolation_forest_scores_xs,isolation_forest_scores_cfs,time
1.0,1.0,,0.0,0.32962802832878035,0.32962506275933934,1.3203193268474978,0.32962506275933934,,0.8780487804878049,-8.886248588562012,1.4153826236724854,0.03414634242653847,1.0665563,1.0566862,-0.0007872145499198522,-0.028697719588946763,10.217903137207031
1.0,1.0,,0.0,0.3067683312133318,0.30676319069937996,1.4033389492267494,0.30676319069937996,,0.8682926829268293,-5.745177268981934,1.3076914548873901,0.08780487626791,1.0511707,1.0615432,-0.0009466921083482677,-0.024781821616962692,9.46818208694458
1.0,1.0,,0.0,0.3591268815344381,0.3591223821426275,1.7406244106622601,0.3591223821426275,,0.9585365853658536,-17.066316604614258,1.4187835454940796,0.014634146355092525,1.0590858,1.0608032,0.0018223477840012842,-0.04245366799977474,11.374790668487549
1.0,1.0,,0.0,0.33778636251951044,0.33778031198070924,2.067056776653146,0.33778031198070924,,0.9292682926829269,-15.103150367736816,1.3041713237762451,0.10731707513332367,1.0589428,1.0592666,-0.0008007213159901605,-0.04671532333472572,11.54813027381897
1.0,1.0,,0.0,0.3121502177935897,0.31214700977334997,1.4708808061626275,0.31214700977334997,,0.9264705882352942,-4.081542015075684,1.4616645574569702,0.12745098769664764,1.0540323,1.0643126,0.00574238675053977,-0.030664130420907227,9.446130990982056
