model_returned_smth,valid_cf_disc,dissimilarity_proximity_categorical_hamming,dissimilarity_proximity_categorical_jaccard,dissimilarity_proximity_continuous_manhatan,dissimilarity_proximity_continuous_euclidean,dissimilarity_proximity_continuous_mad,distance_l2_jaccard,distance_mad_hamming,sparsity,flow_log_density_cfs,flow_log_density_xs,flow_prob_condition_acc,lof_scores_xs,lof_scores_cfs,isolation_forest_scores_xs,isolation_forest_scores_cfs,time
1.0,1.0,,0.0,0.389808990599633,0.38980687549790743,1.5613659229356704,0.38980687549790743,,0.9439024390243902,-19.508047103881836,1.4153826236724854,0.1024390235543251,1.045943,1.8014759,-0.0005268676476471984,-0.03838064137355175,3.623013973236084
1.0,1.0,,0.0,0.3010276057098697,0.30102481615092946,1.3770538498340856,0.30102481615092946,,0.8707317073170732,-6.462043762207031,1.3076914548873901,0.10731707513332367,1.084471,1.4547423,-0.0010762087434659318,-0.018118097165569464,4.362035036087036
1.0,1.0,,0.0,0.28705790824875826,0.2870570022651012,1.391314683434349,0.2870570022651012,,0.8219512195121951,-5.109890460968018,1.4187835454940796,0.0,1.0458289,1.3435297,0.0044313801402887905,-0.023932419359189328,4.338238000869751
1.0,1.0,,0.0,0.367626541206988,0.3676230829636032,1.879949790664108,0.3676230829636032,,0.9170731707317074,-16.380199432373047,1.3041713237762451,0.10731707513332367,1.0599597,1.9994252,0.0027541499283298514,-0.03756335261919416,4.435712099075317
1.0,1.0,,0.0,0.3282802406990645,0.32827778683621545,1.546872630770154,0.32827778683621545,,0.8872549019607843,-7.337828159332275,1.4616645574569702,0.0784313753247261,1.0473603,1.6865077,0.0050090523921422605,-0.030868825250624683,3.582990884780884
