,train_ll,test_ll
0,-43.172542572021484,-32.71845245361328
