,train_ll,test_ll
0,-1467.275146484375,-3080.138671875
