,precision,recall,f1-score,support
0,0.9021739130434783,0.8058252427184466,0.8512820512820513,103.0
1,0.8230088495575221,0.9117647058823529,0.8651162790697674,102.0
accuracy,0.8585365853658536,0.8585365853658536,0.8585365853658536,0.8585365853658536
macro avg,0.8625913813005002,0.8587949743003997,0.8581991651759093,205.0
weighted avg,0.8627844668211976,0.8585365853658536,0.8581654231569149,205.0
