,train_ll,test_ll
0,-289.36663818359375,-322.6349182128906
