,train_ll,test_ll
0,-444.6739807128906,-536.2747802734375
