,train_ll,test_ll
0,-23.345678329467773,-22.795085906982422
