model_returned_smth,valid_cf_disc,dissimilarity_proximity_categorical_hamming,dissimilarity_proximity_categorical_jaccard,dissimilarity_proximity_continuous_manhatan,dissimilarity_proximity_continuous_euclidean,dissimilarity_proximity_continuous_mad,distance_l2_jaccard,distance_mad_hamming,sparsity,flow_log_density_cfs,flow_log_density_xs,flow_prob_condition_acc,lof_scores_xs,lof_scores_cfs,isolation_forest_scores_xs,isolation_forest_scores_cfs,time
1.0,tensor(1.),,0.0,0.30681945937168265,0.29424374744317333,1.2509999643942271,0.29424374744317333,,1.0,-1425477.375,-67719.9296875,0.40740740299224854,1.0378119,1.2921086965777688,0.0028909804358039355,-0.005569993306654793,0.1343247890472412
1.0,tensor(1.),,0.0,0.2815151118754762,0.27138063665422446,1.3110465857209366,0.27138063665422446,,1.0,-1916.28271484375,-7901.52197265625,0.5436893105506897,1.0731748,1.3436762855060247,0.003861861938178885,-0.009796100920219434,0.1329946517944336
1.0,tensor(1.),,0.0,0.2942619767116824,0.2868620346083864,1.4324722470158768,0.2868620346083864,,1.0,-220.8807830810547,-8.222881317138672,0.0,1.0632604,1.4306219614290343,-1.8850945178018135e-06,-0.02462793571266426,0.13353896141052246
1.0,tensor(1.),,0.0,0.26990380433142913,0.2683521095365445,1.3817822833617146,0.2683521095365445,,1.0,-0.5488455295562744,-2.166229724884033,0.682692289352417,1.0664157,1.3284763961672499,0.0003264332190013784,-0.01961234131983575,0.1346757411956787
1.0,tensor(1.),,0.0,0.2806950040234655,0.27811892628353774,1.3262748309210235,0.27811892628353774,,1.0,-58633.0703125,-1665.99951171875,0.28431373834609985,1.0501333,1.2943414872533163,1.8257731835934726e-05,-0.021218457898721406,0.13460826873779297
