model_returned_smth,valid_cf_disc,dissimilarity_proximity_categorical_hamming,dissimilarity_proximity_categorical_jaccard,dissimilarity_proximity_continuous_manhatan,dissimilarity_proximity_continuous_euclidean,dissimilarity_proximity_continuous_mad,distance_l2_jaccard,distance_mad_hamming,sparsity,time
1.0,tensor(1.),1.0,1.0,0.25223657173155606,0.2509377944263176,1.4406534348275677,1.2509377944263176,2.440653434827568,1.0,3.5629186630249023
1.0,tensor(1.),1.0,1.0,0.29614254976165394,0.2960567409081581,2.0212314373590825,1.296056740908158,3.0212314373590825,1.0,3.465125322341919
1.0,tensor(1.),1.0,1.0,0.2575967908273057,0.25752215080916946,1.4628925902616392,1.2575221508091694,2.462892590261639,1.0,3.4961085319519043
1.0,tensor(1.),1.0,1.0,0.26107370744532776,0.2597294273359972,1.5962735014588278,1.2597294273359971,2.596273501458828,1.0,4.636757850646973
1.0,tensor(1.),1.0,1.0,0.2654707458786969,0.2653938243408805,1.6230504606365106,1.2653938243408804,2.6230504606365104,1.0,4.235326051712036
