model_returned_smth,valid_cf_disc,dissimilarity_proximity_categorical_hamming,dissimilarity_proximity_categorical_jaccard,dissimilarity_proximity_continuous_manhatan,dissimilarity_proximity_continuous_euclidean,dissimilarity_proximity_continuous_mad,distance_l2_jaccard,distance_mad_hamming,sparsity,time
1.0,tensor(1.),1.0,1.0,0.28643861891976746,0.2815167572168281,1.1558329000253056,1.2815167572168282,2.1558329000253056,1.0,0.15897655487060547
1.0,tensor(1.),1.0,1.0,0.29173317673903165,0.2843968279045989,1.3512652636043478,1.284396827904599,2.351265263604348,1.0,0.1559586524963379
1.0,tensor(1.),1.0,1.0,0.28996523072230396,0.2874976354475418,1.4074681838842773,1.2874976354475418,2.4074681838842773,1.0,0.15729737281799316
1.0,tensor(1.),1.0,1.0,0.28025370118492027,0.27786875073049555,1.4355527926981984,1.2778687507304956,2.435552792698198,1.0,0.15767931938171387
1.0,tensor(1.),1.0,1.0,0.2764504598898853,0.2740978749029515,1.3059583896323275,1.2740978749029515,2.3059583896323277,1.0,0.15735125541687012
