model_returned_smth,valid_cf_disc,dissimilarity_proximity_categorical_hamming,dissimilarity_proximity_categorical_jaccard,dissimilarity_proximity_continuous_manhatan,dissimilarity_proximity_continuous_euclidean,dissimilarity_proximity_continuous_mad,distance_l2_jaccard,distance_mad_hamming,sparsity,flow_log_density_cfs,flow_log_density_xs,flow_prob_condition_acc,lof_scores_xs,lof_scores_cfs,isolation_forest_scores_xs,isolation_forest_scores_cfs,time
1.0,tensor(1.),,0.0,0.2821006063444942,0.2805589506363693,1.6110687343513264,0.2805589506363693,,1.0,-691.4252319335938,-12.398372650146484,0.22549019753932953,1.0393983,2.2408792076528323,0.0004266122988019526,-0.06489113460185834,1.3227026462554932
1.0,tensor(1.),,0.0,0.2927712309773606,0.2644049847319158,1.9306843255711075,0.2644049847319158,,1.0,-17147.751953125,-14.169668197631836,0.0,1.0718315,2.2549560279095067,0.0030915819464106416,-0.046420669053865174,1.308467149734497
1.0,tensor(1.),,0.0,0.2645363516888572,0.2631742426425856,1.5012293627250541,0.2631742426425856,,1.0,-28.888092041015625,-21.879961013793945,0.6504854559898376,1.0579494,2.0927480841583677,0.0011889732076440253,-0.04740136921993635,2.2644591331481934
1.0,tensor(1.),,0.0,0.2426251317690877,0.24146723406350853,1.4835664187964883,0.24146723406350853,,1.0,-993.8094482421875,-24.458343505859375,0.06796116381883621,1.0717262,2.2139854923149933,-0.001583748171466037,-0.04509576196411572,1.9512500762939453
1.0,tensor(1.),,0.0,0.2719917865652664,0.26860790230536896,1.6582544638830072,0.26860790230536896,,1.0,-84.06217193603516,-32.58184051513672,0.029411764815449715,1.0506406,2.33174845110372,0.001305483580274112,-0.05639419954872724,1.7126195430755615
