model_returned_smth,valid_cf_disc,dissimilarity_proximity_categorical_hamming,dissimilarity_proximity_categorical_jaccard,dissimilarity_proximity_continuous_manhatan,dissimilarity_proximity_continuous_euclidean,dissimilarity_proximity_continuous_mad,distance_l2_jaccard,distance_mad_hamming,sparsity,time
1.0,tensor(1.),1.0,1.0,0.32078881449827507,0.31913705865183056,1.8321907259072796,1.3191370586518305,2.83219072590728,1.0,3.445396900177002
1.0,tensor(1.),1.0,1.0,0.2843968887329567,0.2819766798787904,1.3064423266556522,1.2819766798787904,2.3064423266556524,1.0,3.4546303749084473
1.0,tensor(1.),1.0,1.0,0.2747587737200832,0.2724205849308886,1.3336572501839983,1.2724205849308885,2.3336572501839985,1.0,3.432521104812622
1.0,tensor(1.),1.0,1.0,0.3431505132236144,0.32885053048429164,2.085185359569767,1.3288505304842917,3.085185359569767,1.0,3.468329429626465
1.0,tensor(1.),1.0,1.0,0.33819073443331216,0.33379440874144173,2.061581793548277,1.3337944087414417,3.061581793548277,1.0,3.5016121864318848
