model_returned_smth,valid_cf_disc,dissimilarity_proximity_categorical_hamming,dissimilarity_proximity_categorical_jaccard,dissimilarity_proximity_continuous_manhatan,dissimilarity_proximity_continuous_euclidean,dissimilarity_proximity_continuous_mad,distance_l2_jaccard,distance_mad_hamming,sparsity,flow_log_density_cfs,flow_log_density_xs,flow_prob_condition_acc,lof_scores_xs,lof_scores_cfs,isolation_forest_scores_xs,isolation_forest_scores_cfs,time
1.0,tensor(0.0588),,0.0,0.24490395086068734,0.21929803466445802,1.354100887462789,0.21929803466445802,,1.0,-2.867203950881958,-1.9370285272598267,0.7254902124404907,1.0393983,1.7826326180543817,0.0004266122988019526,-0.045294359684280125,0.57222580909729
1.0,tensor(0.0865),,0.0,0.28498438473504323,0.2835624973842024,1.9420514441489314,0.2835624973842024,,1.0,-1565.141357421875,-991.129638671875,0.38461539149284363,1.0814106,2.2993064400043868,0.0034378923024804206,-0.05823660328139789,0.5623531341552734
1.0,tensor(0.0680),,0.0,0.1996920228149127,0.19963416406132437,1.1340513164087118,0.19963416406132437,,1.0,-1161.022705078125,-20.47483253479004,0.6699029207229614,1.0579494,1.807287954243405,0.0011889732076440253,-0.0386995281501805,0.8290572166442871
1.0,tensor(0.0594),,0.0,0.20942498171831123,0.2093687676283143,1.2815103445128344,0.2093687676283143,,1.0,-12.619024276733398,-3.1058104038238525,0.7227723002433777,1.0708363,2.1357171083662685,-0.001346227310690303,-0.048292173599425996,0.5557386875152588
1.0,tensor(0.0680),,0.0,0.2460703657379428,0.24074307672795914,1.496984676846746,0.24074307672795914,,1.0,-51.715721130371094,0.22978951036930084,0.11650485545396805,1.0529256,2.2284624978613996,0.0008239712422440144,-0.05502551555570497,0.5741686820983887
