model_returned_smth,valid_cf_disc,dissimilarity_proximity_categorical_hamming,dissimilarity_proximity_categorical_jaccard,dissimilarity_proximity_continuous_manhatan,dissimilarity_proximity_continuous_euclidean,dissimilarity_proximity_continuous_mad,distance_l2_jaccard,distance_mad_hamming,sparsity,flow_log_density_cfs,flow_log_density_xs,flow_prob_condition_acc,lof_scores_xs,lof_scores_cfs,isolation_forest_scores_xs,isolation_forest_scores_cfs,time
1.0,0.9662162065505981,,0.0,0.5940005358521303,0.39490928336332176,4.83402616146839,0.39490928336332176,,0.9634809634809635,1.9747370481491089,1.1972538232803345,0.9883449673652649,10960947.0,2976672.0,0.029514742434180653,0.0715788499831856,0.26790690422058105
1.0,0.8986486196517944,,0.0,0.5898248286623704,0.3866759561684029,4.6467789779032085,0.3866759561684029,,0.9624060150375939,1.225355625152588,1.2958520650863647,0.5137844681739807,12781645.0,4762831.0,0.03049730996734116,0.04356644752645025,0.2645132541656494
1.0,0.954954981803894,,0.0,0.6287165085701624,0.41011774067067497,4.994392033596084,0.41011774067067497,,0.9654088050314465,1.1025662422180176,1.1900484561920166,0.43396225571632385,12725506.0,4595344.5,0.015094486440184865,0.019998858781928298,0.2626960277557373
1.0,0.8513513803482056,,0.0,0.7769544676793788,0.5085544287014552,6.5829188577712525,0.5085544287014552,,0.9832451499118166,0.5051073431968689,1.3416023254394531,0.0,402583.12,7156902.5,0.026031062921078107,-0.014647687169921951,0.315277099609375
1.0,0.8963963985443115,,0.0,0.6491557561918794,0.43494782647734176,5.027054013918392,0.43494782647734176,,0.9731993299832495,0.8755131363868713,1.2461994886398315,0.0,18268278.0,5545040.0,0.027236556662908307,0.017397952812760697,0.2657961845397949
