model_returned_smth,valid_cf_disc,dissimilarity_proximity_categorical_hamming,dissimilarity_proximity_categorical_jaccard,dissimilarity_proximity_continuous_manhatan,dissimilarity_proximity_continuous_euclidean,dissimilarity_proximity_continuous_mad,distance_l2_jaccard,distance_mad_hamming,sparsity,flow_log_density_cfs,flow_log_density_xs,flow_prob_condition_acc,lof_scores_xs,lof_scores_cfs,isolation_forest_scores_xs,isolation_forest_scores_cfs,time
1.0,1.0,,0.0,0.5901832174706936,0.39272511568475327,4.845270449648032,0.39272511568475327,,0.9647147147147147,1.9892661571502686,1.2017868757247925,1.0,1.0679567,1.0291309,0.025300793516807005,0.0657252513880159,1.040618658065796
1.0,1.0,,0.0,0.5952693945434582,0.390794427069496,4.649487406283885,0.390794427069496,,0.9602102102102102,1.1725937128067017,1.2399526834487915,0.477477490901947,1.0676569,1.0499804,0.03014741928070085,0.03378089434114244,1.0833003520965576
1.0,1.0,,0.0,0.6294353835490272,0.40967366702252017,5.015183280717145,0.40967366702252017,,0.9692192192192193,1.0820715427398682,1.1745578050613403,0.4121621549129486,1.0723763,1.0746655,0.020505050651133287,0.03665682583612879,1.0558526515960691
1.0,1.0,,0.0,0.6013909825920924,0.39252573081342984,4.951389545524442,0.39252573081342984,,0.9624624624624625,1.2304325103759766,1.3193167448043823,0.5045045018196106,1.0595237,1.0380688,0.027864477094232516,0.04441893333821577,1.1526861190795898
1.0,1.0,,0.0,0.6480392375751188,0.43291629652144015,4.856835454433888,0.43291629652144015,,0.9707207207207207,0.8650294542312622,1.2359378337860107,0.0,1.0682547,1.0487523,0.024361042918202604,0.009070865045279139,1.0552639961242676
