model_returned_smth,valid_cf_disc,dissimilarity_proximity_categorical_hamming,dissimilarity_proximity_categorical_jaccard,dissimilarity_proximity_continuous_manhatan,dissimilarity_proximity_continuous_euclidean,dissimilarity_proximity_continuous_mad,distance_l2_jaccard,distance_mad_hamming,sparsity,flow_log_density_cfs,flow_log_density_xs,flow_prob_condition_acc,lof_scores_xs,lof_scores_cfs,isolation_forest_scores_xs,isolation_forest_scores_cfs,time
1.0,0.7635135054588318,,0.0,0.5876052254320097,0.39059924354977343,4.821191241612306,0.39059924354977343,,0.9654654654654654,1.520324468612671,1.2017868757247925,0.6013513803482056,10631869.0,2956105.8,0.029720042947602925,0.0763942310062456,0.7840397357940674
1.0,0.7162162065505981,,0.0,0.5929185158682165,0.3894263977907868,4.628420010074839,0.3894263977907868,,0.9617117117117117,0.9941656589508057,1.2399526834487915,0.5090090036392212,10797536.0,4488930.0,0.02672292780820249,0.04452118445871193,0.8034377098083496
1.0,0.8040540814399719,,0.0,0.6234017240307251,0.4067428524843936,4.9645206822199865,0.4067428524843936,,0.9677177177177178,0.8684492111206055,1.1745578050613403,0.44144144654273987,11707803.0,4498350.0,0.027449281590384476,0.0373640332093206,0.7959063053131104
1.0,0.7747747898101807,,0.0,0.6024560343625175,0.39394122820000077,4.960994744623029,0.39394122820000077,,0.9617117117117117,0.9414406418800354,1.3193167448043823,0.4954954981803894,13300997.0,3946425.5,0.030828965643929607,0.047870069529930045,0.7936182022094727
1.0,0.7364864945411682,,0.0,0.6479112039790027,0.4327346844032119,4.854953979318206,0.4327346844032119,,0.9737237237237237,0.2965467572212219,1.2359378337860107,0.0,15298258.0,5596668.5,0.0262632883269364,0.01958803463236821,0.8244936466217041
