model_returned_smth,valid_cf_disc,dissimilarity_proximity_categorical_hamming,dissimilarity_proximity_categorical_jaccard,dissimilarity_proximity_continuous_manhatan,dissimilarity_proximity_continuous_euclidean,dissimilarity_proximity_continuous_mad,distance_l2_jaccard,distance_mad_hamming,sparsity,flow_log_density_cfs,flow_log_density_xs,flow_prob_condition_acc,lof_scores_xs,lof_scores_cfs,isolation_forest_scores_xs,isolation_forest_scores_cfs,time
1.0,1.0,,0.0,0.5894738306429841,0.39140920868275353,4.837785018188459,0.39140920868275353,,0.9662162162162162,1.9675856828689575,1.201786756515503,1.0,10589132.0,2915209.5,0.026432935892072826,0.0651874302277699,0.22224688529968262
1.0,1.0,,0.0,0.5888898396059066,0.3875743179632022,4.597009920322143,0.3875743179632022,,0.960960960960961,1.2087812423706055,1.239952564239502,0.5045045018196106,11044632.0,4397698.0,0.029083659565740085,0.06019457005330045,0.22188711166381836
1.0,1.0,,0.0,0.6209631508807778,0.4056065683841637,4.943305439642958,0.4056065683841637,,0.9684684684684685,1.1298679113388062,1.1745578050613403,0.45495495200157166,11707803.0,4498350.0,0.02603281723709687,0.037298442915818304,0.22186660766601562
1.0,1.0,,0.0,0.5984803021272963,0.3914529172634988,4.925058073020196,0.3914529172634988,,0.9617117117117117,1.262864112854004,1.3193167448043823,0.5315315127372742,13300997.0,3946425.5,0.033294178545214145,0.04928992490274777,0.22117090225219727
1.0,1.0,,0.0,0.6478060989741337,0.4331527694673205,4.854095980390772,0.4331527694673205,,0.9714714714714715,0.8676156997680664,1.2359378337860107,0.0,15523433.0,5323649.5,0.03454548968630709,0.012272544936040458,0.21987390518188477
