model_returned_smth,valid_cf_disc,dissimilarity_proximity_categorical_hamming,dissimilarity_proximity_categorical_jaccard,dissimilarity_proximity_continuous_manhatan,dissimilarity_proximity_continuous_euclidean,dissimilarity_proximity_continuous_mad,distance_l2_jaccard,distance_mad_hamming,sparsity,flow_log_density_cfs,flow_log_density_xs,flow_prob_condition_acc,lof_scores_xs,lof_scores_cfs,isolation_forest_scores_xs,isolation_forest_scores_cfs,time
1.0,0.7815315127372742,,0.0,0.5894738306429841,0.39140920868275353,4.837785018188459,0.39140920868275353,,0.9662162162162162,1.5090187788009644,1.2017868757247925,0.6283783912658691,10631869.0,2956105.8,0.030542817903398873,0.08030185504440557,0.673713207244873
1.0,0.7567567825317383,,0.0,0.5888898396059066,0.3875743179632022,4.597009920322143,0.3875743179632022,,0.960960960960961,0.9832966327667236,1.2399526834487915,0.5045045018196106,11044632.0,4397698.0,0.026244394416531286,0.029624321548749142,0.6616227626800537
1.0,0.7882882952690125,,0.0,0.6209631508807778,0.4056065683841637,4.943305439642958,0.4056065683841637,,0.9684684684684685,0.8896350264549255,1.1745578050613403,0.45495495200157166,11707803.0,4498350.0,0.02289509670122761,0.04326435824055502,0.6559324264526367
1.0,0.7837837934494019,,0.0,0.5984803021272963,0.3914529172634988,4.925058073020196,0.3914529172634988,,0.9617117117117117,0.9943955540657043,1.3193167448043823,0.5315315127372742,13169448.0,3946425.5,0.029879810152779733,0.042552283702711254,0.6583161354064941
1.0,0.7792792916297913,,0.0,0.6478060989741337,0.4331527694673205,4.854095980390772,0.4331527694673205,,0.9714714714714715,0.2893243432044983,1.2359378337860107,0.0,15523433.0,5323649.5,0.025433048774169714,-0.0055568904802761375,0.6589958667755127
