model_returned_smth,valid_cf_disc,dissimilarity_proximity_categorical_hamming,dissimilarity_proximity_categorical_jaccard,dissimilarity_proximity_continuous_manhatan,dissimilarity_proximity_continuous_euclidean,dissimilarity_proximity_continuous_mad,distance_l2_jaccard,distance_mad_hamming,sparsity,flow_log_density_cfs,flow_log_density_xs,flow_prob_condition_acc,lof_scores_xs,lof_scores_cfs,isolation_forest_scores_xs,isolation_forest_scores_cfs,time
1.0,1.0,,0.0,0.5911306667263275,0.39269064930609127,4.85404759672311,0.39269064930609127,,0.9654654654654654,1.9761030673980713,1.201786756515503,1.0,10544110.0,2910797.0,0.02629078438517132,0.07214865023035776,0.23014211654663086
1.0,1.0,,0.0,0.5890890928320922,0.38762437080604956,4.598334773703739,0.38762437080604956,,0.960960960960961,1.205765724182129,1.239952564239502,0.5022522807121277,10913084.0,4397698.0,0.028057501719109455,0.04797572337968813,0.2282109260559082
1.0,1.0,,0.0,0.621800753071921,0.4059326160719343,4.950192923884134,0.4059326160719343,,0.9684684684684685,1.1248369216918945,1.1745578050613403,0.45045045018196106,11640657.0,4485175.0,0.017969843839939385,0.03843047092201593,0.22969818115234375
1.0,1.0,,0.0,0.5973957710488288,0.3903624337753852,4.915618478983372,0.3903624337753852,,0.9632132132132132,1.2412422895431519,1.3193167448043823,0.5135135054588318,13235842.0,3946425.5,0.023842094569323333,0.027757675526839515,0.23057103157043457
1.0,1.0,,0.0,0.647853984795343,0.4329720395533322,4.855183801135501,0.4329720395533322,,0.9714714714714715,0.8660000562667847,1.2359378337860107,0.0,15523433.0,5323649.5,0.025047578908619937,-0.007947101214458052,0.23581385612487793
