model_returned_smth,valid_cf_disc,dissimilarity_proximity_categorical_hamming,dissimilarity_proximity_categorical_jaccard,dissimilarity_proximity_continuous_manhatan,dissimilarity_proximity_continuous_euclidean,dissimilarity_proximity_continuous_mad,distance_l2_jaccard,distance_mad_hamming,sparsity,flow_log_density_cfs,flow_log_density_xs,flow_prob_condition_acc,lof_scores_xs,lof_scores_cfs,isolation_forest_scores_xs,isolation_forest_scores_cfs,time
1.0,1.0,,0.0,0.5911306667263275,0.39269064930609127,4.85404759672311,0.39269064930609127,,0.9654654654654654,1.9761028289794922,1.2017868757247925,1.0,1.0679567,1.0291704,0.025300793516807005,0.0657231662468006,0.2301421165466308
1.0,1.0,,0.0,0.5890890928320922,0.38762437080604956,4.598334773703739,0.38762437080604956,,0.960960960960961,1.2057639360427856,1.2399526834487915,0.5022522807121277,1.0676569,1.0480452,0.03014741928070085,0.035310549481403546,0.2282109260559082
1.0,1.0,,0.0,0.621800753071921,0.4059326160719343,4.950192923884134,0.4059326160719343,,0.9684684684684685,1.1248360872268677,1.1745578050613403,0.45045045018196106,1.0723763,1.071665,0.020505050651133287,0.03804525879310848,0.2296981811523437
1.0,1.0,,0.0,0.5973957710488288,0.3903624337753852,4.915618478983372,0.3903624337753852,,0.9632132132132132,1.2412433624267578,1.3193167448043823,0.5135135054588318,1.0595237,1.0375586,0.027864477094232516,0.044974524509699125,0.2305710315704345
1.0,1.0,,0.0,0.647853984795343,0.4329720395533322,4.855183801135501,0.4329720395533322,,0.9714714714714715,0.8659990429878235,1.2359378337860107,0.0,1.0682547,1.0483731,0.024361042918202604,0.009029824891154347,0.2358138561248779
