model_returned_smth,valid_cf_disc,dissimilarity_proximity_categorical_hamming,dissimilarity_proximity_categorical_jaccard,dissimilarity_proximity_continuous_manhatan,dissimilarity_proximity_continuous_euclidean,dissimilarity_proximity_continuous_mad,distance_l2_jaccard,distance_mad_hamming,sparsity,flow_log_density_cfs,flow_log_density_xs,flow_prob_condition_acc,lof_scores_xs,lof_scores_cfs,isolation_forest_scores_xs,isolation_forest_scores_cfs,time
1.0,0.8513513803482056,,0.0,0.6170234391490421,0.40954949314678807,4.79937476235092,0.40954949314678807,,0.9656084656084656,1.9636934995651245,1.1874334812164307,0.9708994626998901,1.0679567,1.0291263,0.025300793516807005,0.06572549669874711,0.267906904220581
1.0,0.7229729890823364,,0.0,0.6205668947383808,0.4069964905557897,4.706576412340563,0.4069964905557897,,0.9667705088265836,1.102674961090088,1.166274905204773,0.42990654706954956,1.0676569,1.0494475,0.03014741928070085,0.03470301280660756,0.2645132541656494
1.0,0.8400900959968567,,0.0,0.621916027899442,0.4059982886401755,4.839593685024865,0.4059982886401755,,0.966041108132261,1.0685811042785645,1.1932669878005981,0.4128686189651489,1.0723763,1.0734301,0.020505050651133287,0.03722853352429689,0.2626960277557373
1.0,0.6373873949050903,,0.0,0.811130783885928,0.5240437470944966,7.365305957861587,0.5240437470944966,,0.9823321554770318,0.90401291847229,1.2655800580978394,0.0,1.0595237,1.0746132,0.027864477094232516,-0.016427026625370385,0.315277099609375
1.0,0.9144144058227539,,0.0,0.6543087315942927,0.43769680701324304,4.831112846952354,0.43769680701324304,,0.9761904761904762,0.8622860312461853,1.2424087524414062,0.0,1.0682547,1.048385,0.024361042918202604,0.009303969491513409,0.2657961845397949
