model_returned_smth,valid_cf_disc,dissimilarity_proximity_categorical_hamming,dissimilarity_proximity_categorical_jaccard,dissimilarity_proximity_continuous_manhatan,dissimilarity_proximity_continuous_euclidean,dissimilarity_proximity_continuous_mad,distance_l2_jaccard,distance_mad_hamming,sparsity,flow_log_density_cfs,flow_log_density_xs,flow_prob_condition_acc,lof_scores_xs,lof_scores_cfs,isolation_forest_scores_xs,isolation_forest_scores_cfs,time
1.0,1.0,,0.0,0.5894738306429841,0.39140920868275353,4.837785018188459,0.39140920868275353,,0.9662162162162162,1.9675850868225098,1.2017868757247925,1.0,1.0679567,1.0291958,0.025300793516807005,0.06572181703777893,0.2222468852996826
1.0,1.0,,0.0,0.5888898396059066,0.3875743179632022,4.597009920322143,0.3875743179632022,,0.960960960960961,1.2087794542312622,1.2399526834487915,0.5045045018196106,1.0676569,1.0478692,0.03014741928070085,0.0354496090396091,0.2218871116638183
1.0,1.0,,0.0,0.6209631508807778,0.4056065683841637,4.943305439642958,0.4056065683841637,,0.9684684684684685,1.1298673152923584,1.1745578050613403,0.45495495200157166,1.0723763,1.0713122,0.020505050651133287,0.03820860384687079,0.2218666076660156
1.0,1.0,,0.0,0.5984803021272963,0.3914529172634988,4.925058073020196,0.3914529172634988,,0.9617117117117117,1.2628651857376099,1.3193167448043823,0.5315315127372742,1.0595237,1.0365382,0.027864477094232516,0.046085706852665866,0.2211709022521972
1.0,1.0,,0.0,0.6478060989741337,0.4331527694673205,4.854095980390772,0.4331527694673205,,0.9714714714714715,0.8676146864891052,1.2359378337860107,0.0,1.0682547,1.0477413,0.024361042918202604,0.008961424634279694,0.2198739051818847
