model_returned_smth,time
0.0,12.33619999885559
0.0,12.621950149536133
0.0,13.058241844177246
0.0,10.925991773605347
0.0,10.5845468044281
