model_returned_smth,time
0.0,9.860063076019289
0.0,9.880027294158936
0.0,9.876027584075928
0.0,9.365062236785889
0.0,9.866547107696531
