,precision,recall,f1-score,support
0,1.0,0.99,0.9949748743718593,100.0
1,0.9900990099009901,1.0,0.9950248756218906,100.0
2,1.0,1.0,1.0,100.0
accuracy,0.9966666666666667,0.9966666666666667,0.9966666666666667,0.9966666666666667
macro avg,0.9966996699669967,0.9966666666666667,0.9966665833312499,300.0
weighted avg,0.9966996699669968,0.9966666666666667,0.99666658333125,300.0
