,precision,recall,f1-score,support
0,0.7369970559371933,0.7312560856864654,0.7341153470185728,1027.0
1,0.7109947643979058,0.7170010559662091,0.7139852786540484,947.0
accuracy,0.7244174265450861,0.7244174265450861,0.7244174265450861,0.7244174265450861
macro avg,0.7239959101675495,0.7241285708263372,0.7240503128363106,1974.0
weighted avg,0.7245228056394702,0.7244174265450861,0.7244582169571724,1974.0
