model_returned_smth,valid_cf_disc,dissimilarity_proximity_categorical_hamming,dissimilarity_proximity_categorical_jaccard,dissimilarity_proximity_continuous_manhatan,dissimilarity_proximity_continuous_euclidean,dissimilarity_proximity_continuous_mad,distance_l2_jaccard,distance_mad_hamming,sparsity,flow_log_density_cfs,flow_log_density_xs,flow_prob_condition_acc,lof_scores_xs,lof_scores_cfs,isolation_forest_scores_xs,isolation_forest_scores_cfs,time
1.0,1.0,,0.0,0.38721769125200806,0.3322528330684959,1.732751257667939,0.3322528330684959,,0.9066666666666666,-6.052023410797119,2.50305438041687,0.0,173.86603,1746.2649,0.014942984126082835,-0.09184233151793308,6.705917596817017
1.0,1.0,,0.0,0.3701354908570647,0.31068898350385665,1.7153475245336691,0.31068898350385665,,0.9566666666666667,-5.086008548736572,2.5592422485351562,0.0,1.9095525,197.556,0.011031879093306085,-0.0846019792836812,6.620814085006714
1.0,1.0,,0.0,0.40198610520611205,0.3361234407468106,1.827010997362017,0.3361234407468106,,0.9433333333333334,-5.954039573669434,2.5708556175231934,0.0,1.0907239,15.921647,0.014700620329583695,-0.07216330407587554,6.476329326629639
1.0,1.0,,0.0,0.38314007498013475,0.3202058513222385,1.5986504276593527,0.3202058513222385,,0.945,-5.239059925079346,2.6076180934906006,0.0,1.0806981,120.61119,0.014451680892222176,-0.07716178431889306,6.645986795425415
1.0,1.0,,0.0,0.3841060399012422,0.32458549962614935,1.7177176712747402,0.32458549962614935,,0.9548494983277592,-6.207766056060791,2.639678478240967,0.0,1.0903133,9.412546,0.02120377098503019,-0.06903418733985589,6.67759370803833
