model_returned_smth,valid_cf_disc,dissimilarity_proximity_categorical_hamming,dissimilarity_proximity_categorical_jaccard,dissimilarity_proximity_continuous_manhatan,dissimilarity_proximity_continuous_euclidean,dissimilarity_proximity_continuous_mad,distance_l2_jaccard,distance_mad_hamming,sparsity,flow_log_density_cfs,flow_log_density_xs,flow_prob_condition_acc,lof_scores_xs,lof_scores_cfs,isolation_forest_scores_xs,isolation_forest_scores_cfs,time
1.0,1.0,,0.0,0.38721769125200806,0.3322528330684959,1.732751257667939,0.3322528330684959,,0.9066666666666666,-3.6154255867004395,2.50305438041687,0.0,1.0974929,2.3644953,0.018596253076641964,-0.07408632667096157,6.705917596817017
1.0,0.996666669845581,,0.0,0.3713734021977238,0.31172807709417055,1.7124448088200197,0.31172807709417055,,0.959866220735786,-3.801420211791992,2.575920581817627,0.0,1.1063609,2.10543,0.01569199293360202,-0.06947988327162653,6.620814085006714
1.0,0.996666669845581,,0.0,0.40333054014123404,0.337247599212169,1.8440964675467948,0.337247599212169,,0.9448160535117057,-2.9759364128112793,2.585073709487915,0.0,1.0924205,2.08302,0.01221550992251559,-0.06536198621708843,6.476329326629639
1.0,1.0,,0.0,0.38314007498013475,0.3202058513222385,1.5986504276593527,0.3202058513222385,,0.945,-3.7244412899017334,2.6076180934906006,0.0,1.1033852,1.9147658,0.014724179396926268,-0.0792402180010661,6.645986795425415
1.0,1.0,,0.0,0.3841060399012422,0.32458549962614935,1.7177176712747402,0.32458549962614935,,0.9548494983277592,-3.447639226913452,2.639678478240967,0.0,1.0885376,2.0846765,0.018718765827988454,-0.07262230636167752,6.67759370803833
