,precision,recall,f1-score,support
0,0.7213420316868593,0.75365141187926,0.7371428571428571,1027.0
1,0.7192008879023307,0.6842661034846885,0.7012987012987013,947.0
accuracy,0.7203647416413373,0.7203647416413373,0.7203647416413373,0.7203647416413373
macro avg,0.720271459794595,0.7189587576819743,0.7192207792207792,1974.0
weighted avg,0.7203148467000565,0.7203647416413373,0.7199471045671654,1974.0
