model_returned_smth,valid_cf_disc,dissimilarity_proximity_categorical_hamming,dissimilarity_proximity_categorical_jaccard,dissimilarity_proximity_continuous_manhatan,dissimilarity_proximity_continuous_euclidean,dissimilarity_proximity_continuous_mad,distance_l2_jaccard,distance_mad_hamming,sparsity,flow_log_density_cfs,flow_log_density_xs,flow_prob_condition_acc,lof_scores_xs,lof_scores_cfs,isolation_forest_scores_xs,isolation_forest_scores_cfs,time
0.8,0.9513888955116272,,0.0,3.165679783659007,2.2047129533594267,11.39469380134418,2.2047129533594267,,0.9741753472222222,-46.03175354003906,34.08529281616211,0.0763888880610466,1.0396175,1.0636404,0.01839173161628985,0.007101012462033084,217.9270098209381
0.6027777777777777,0.9585253596305847,,0.0,3.5220490702138156,2.488615379112913,13.445343177982767,2.488615379112913,,0.9746543778801844,-50.75468444824219,27.89008140563965,0.07373271882534027,1.0445827,1.065388,0.01732016300273654,0.007075982556152939,195.72440266609192
0.8997214484679665,0.9411764740943909,,0.0,3.340948716901152,2.472455421738803,8.213793940593986,2.472455421738803,,0.9837461300309598,-39.276885986328125,31.67601776123047,0.02476780116558075,1.0350968,1.0668962,0.019721453509080486,0.009313757443091035,253.11876010894775
0.7966573816155988,0.9125874042510986,,0.0,3.350822204282212,2.476884322016044,9.809853672462703,2.476884322016044,,0.981097027972028,-37.9900016784668,41.060943603515625,0.03146853297948837,1.038097,1.0613016,0.02272711665672428,0.013270375463454678,241.94489860534668
0.8997214484679665,0.9164086580276489,,0.0,3.312088398636525,2.573634018245338,8.434636391966249,2.573634018245338,,0.9708301083591331,-31.86885643005371,35.95946502685547,0.02476780116558075,1.0374744,1.0634947,0.017974046926761897,0.008536291410798301,282.6944878101349
