model_returned_smth,valid_cf_disc,dissimilarity_proximity_categorical_hamming,dissimilarity_proximity_categorical_jaccard,dissimilarity_proximity_continuous_manhatan,dissimilarity_proximity_continuous_euclidean,dissimilarity_proximity_continuous_mad,distance_l2_jaccard,distance_mad_hamming,sparsity,flow_log_density_cfs,flow_log_density_xs,flow_prob_condition_acc,lof_scores_xs,lof_scores_cfs,isolation_forest_scores_xs,isolation_forest_scores_cfs,time
0.8,0.9548611044883728,,0.0,3.1429363450529815,2.1929515308101384,11.217723665874907,2.1929515308101384,,0.9729545454545454,-64.4483642578125,34.14537048339844,0.08727272599935532,1.0434062,1.6117191,0.020464478122203998,0.01227193220063786,217.9270098209381
0.6027777777777777,0.9539170265197754,,0.0,3.4765325231149835,2.4874300428720137,13.33370112710094,2.4874300428720137,,0.9734299516908212,-67.28112030029297,27.71452522277832,0.03864734247326851,1.0568944,1.6856136,0.010775197034257326,-0.00021152715035530772,195.72440266609192
0.8997214484679665,0.9411764740943909,,0.0,3.3467905390485426,2.491715110378224,10.998739606013089,2.491715110378224,,0.9827302631578947,-42.260311126708984,31.812288284301758,0.02631578966975212,1.0522075,1.7077368,0.013428328030361517,0.003913783171307297,253.11876010894773
0.7966573816155988,0.9090909361839294,,0.0,3.2855334891625585,2.4615839492775544,10.03768713015171,2.4615839492775544,,0.9792067307692308,-42.676692962646484,41.69585418701172,0.03846153989434242,1.0394866,1.6872259,0.02295437620682947,0.01229485095180578,241.94489860534668
0.8997214484679665,0.9102166891098022,,0.0,3.226341088747026,2.531522640633409,7.948227504041618,2.531522640633409,,0.9679528061224489,-56.92366027832031,35.55803680419922,0.030612245202064514,1.0483919,1.7397774,0.019671973525184162,0.008072020407659515,282.6944878101349
