model_returned_smth,valid_cf_disc,dissimilarity_proximity_categorical_hamming,dissimilarity_proximity_categorical_jaccard,dissimilarity_proximity_continuous_manhatan,dissimilarity_proximity_continuous_euclidean,dissimilarity_proximity_continuous_mad,distance_l2_jaccard,distance_mad_hamming,sparsity,flow_log_density_cfs,flow_log_density_xs,flow_prob_condition_acc,lof_scores_xs,lof_scores_cfs,isolation_forest_scores_xs,isolation_forest_scores_cfs,time
1.0,1.0,,0.0,2.4711379558688367,1.1918283731349002,8.554759828560726,1.1918283731349002,,0.5426649305555555,-39.46466064453125,36.3851318359375,0.07500000298023224,1.0341144,1.0665641,0.018312509963322773,0.004251029575098343,0
1.0,1.0,,0.0,2.414452472601105,1.1750671302435642,7.2333145343261975,1.1750671302435642,,0.5354600694444445,-25.994218826293945,32.4938850402832,0.1111111119389534,1.0351362,1.0655106,0.019684091730683362,0.006052303205350314,0
1.0,1.0,,0.0,2.51087814810406,1.2073688931366087,9.520290725375068,1.2073688931366087,,0.5433495821727019,-30.947437286376953,32.42351150512695,0.033426184207201004,1.0328708,1.065314,0.013661012641788187,-0.00017597999688054983,0
1.0,1.0,,0.0,2.53819757859052,1.2179074267246643,7.88229351160911,1.2179074267246643,,0.5512708913649025,-43.890628814697266,40.37196350097656,0.08356545865535736,1.0342729,1.0647249,0.02564983020707314,0.0077675323840306265,0
1.0,1.0,,0.0,2.4219043012193833,1.1803945751966638,7.745773626342451,1.1803945751966638,,0.536516364902507,-34.53822326660156,37.313690185546875,0.07799442857503891,1.0349967,1.0663499,0.017620966083830132,0.004349027260934297,0
