model_returned_smth,valid_cf_disc,dissimilarity_proximity_categorical_hamming,dissimilarity_proximity_categorical_jaccard,dissimilarity_proximity_continuous_manhatan,dissimilarity_proximity_continuous_euclidean,dissimilarity_proximity_continuous_mad,distance_l2_jaccard,distance_mad_hamming,sparsity,flow_log_density_cfs,flow_log_density_xs,flow_prob_condition_acc,lof_scores_xs,lof_scores_cfs,isolation_forest_scores_xs,isolation_forest_scores_cfs,time
1.0,1.0,,0.0,2.89610812992785,1.1243692753666203,11.837982362886224,1.1243692753666203,,0.5019965277777778,11.719806671142578,36.3851318359375,0.19166666269302368,1.0434062,1.1200843,0.02537939108538267,0.024814488462515605,15840.905664205551
1.0,1.0,,0.0,2.9096114257641954,1.1218044302953016,9.67114337070827,1.1218044302953016,,0.5063802083333333,4.837162494659424,32.4938850402832,0.18333333730697632,1.0568944,1.1353766,0.01814896528807984,0.0197282625144743,15198.662190198898
1.0,1.0,,0.0,3.018674276817969,1.1564533818213967,11.743688567612706,1.1564533818213967,,0.5070943593314763,0.3891204595565796,32.42351150512695,0.12534819543361664,1.0522075,1.1297419,0.011904963584868814,0.012946219977679143,15095.500671625137
