model_returned_smth,valid_cf_disc,dissimilarity_proximity_categorical_hamming,dissimilarity_proximity_categorical_jaccard,dissimilarity_proximity_continuous_manhatan,dissimilarity_proximity_continuous_euclidean,dissimilarity_proximity_continuous_mad,distance_l2_jaccard,distance_mad_hamming,sparsity,flow_log_density_cfs,flow_log_density_xs,flow_prob_condition_acc,lof_scores_xs,lof_scores_cfs,isolation_forest_scores_xs,isolation_forest_scores_cfs,time
1.0,0.7749999761581421,,0.0,10.78820312526339,2.083693895597999,34.32580969529676,2.083693895597999,,0.7889224910394266,-441.5517883300781,36.256744384765625,0.00358422938734293,1.039159,1.1047748,0.024098100512160037,-0.0708808044906071,3225.594340324402
1.0,0.7222222089767456,,0.0,11.045849278209262,2.138362450748959,30.23230416652486,2.138362450748959,,0.7847956730769231,-548.8744506835938,33.84770584106445,0.0,1.0404464,1.1050029,0.01375218537116877,-0.07350858347585146,3277.8434307575226
1.0,0.7548746466636658,,0.0,11.589802380901169,2.2311959394856093,40.388664748762814,2.2311959394856093,,0.7946840405904059,-597.4069213867188,33.014732360839844,0.0,1.03737,1.1123066,0.015997463920769762,-0.09006657447653219,3493.8733580112457
1.0,0.7493036389350891,,0.0,11.402718253461442,2.183915003443519,34.05763333355737,2.183915003443519,,0.7951905204460966,-431.5681457519531,40.88296127319336,0.0,1.0372301,1.1017759,0.022996647533558047,-0.07846306545441802,3324.2619726657867
1.0,0.6908078193664551,,0.0,10.73589243145182,2.060356908811571,33.71800800846632,2.060356908811571,,0.7859122983870968,-552.5307006835938,35.87009048461914,0.0,1.038456,1.1002628,0.026060574735356633,-0.07633235106805543,3390.3062765598297
