model_returned_smth,valid_cf_disc,dissimilarity_proximity_categorical_hamming,dissimilarity_proximity_categorical_jaccard,dissimilarity_proximity_continuous_manhatan,dissimilarity_proximity_continuous_euclidean,dissimilarity_proximity_continuous_mad,distance_l2_jaccard,distance_mad_hamming,sparsity,flow_log_density_cfs,flow_log_density_xs,flow_prob_condition_acc,lof_scores_xs,lof_scores_cfs,isolation_forest_scores_xs,isolation_forest_scores_cfs,time
1.0,1.0,,0.0,2.4711379558688367,1.1918283731349002,8.554759828560726,1.1918283731349002,,0.5426649305555555,-39.46466064453125,36.3851318359375,0.07500000298023224,1.0434062,1.1953696,0.020464478122203998,0.00869206297323895,651.7579453786
1.0,1.0,,0.0,2.414452472601105,1.1750671302435642,7.2333145343261975,1.1750671302435642,,0.5354600694444445,-25.994218826293945,32.4938850402832,0.1111111119389534,1.0568944,1.2083732,0.010775197034257326,-0.004035009850369332,652.1811522643
1.0,1.0,,0.0,2.51087814810406,1.2073688931366087,9.520290725375068,1.2073688931366087,,0.5433495821727019,-30.947439193725586,32.42351150512695,0.033426184207201004,1.0522075,1.2016239,0.013428328030361517,-7.981085932524887e-05,637.4312449296
1.0,1.0,,0.0,2.53819757859052,1.2179074267246643,7.88229351160911,1.2179074267246643,,0.5512708913649025,-43.890621185302734,40.37196350097656,0.08356545865535736,1.0394866,1.1939507,0.02295437620682947,0.006423517005435299,656.3906033039
1.0,1.0,,0.0,2.4219043012193833,1.1803945751966638,7.745773626342451,1.1803945751966638,,0.536516364902507,-34.53822326660156,37.31368637084961,0.07799442857503891,1.0483919,1.1941612,0.019671973525184162,0.005471924360592871,657.2511439496
