model_returned_smth,valid_cf_disc,dissimilarity_proximity_categorical_hamming,dissimilarity_proximity_categorical_jaccard,dissimilarity_proximity_continuous_manhatan,dissimilarity_proximity_continuous_euclidean,dissimilarity_proximity_continuous_mad,distance_l2_jaccard,distance_mad_hamming,sparsity,flow_log_density_cfs,flow_log_density_xs,flow_prob_condition_acc,lof_scores_xs,lof_scores_cfs,isolation_forest_scores_xs,isolation_forest_scores_cfs,time
1.0,0.7277777791023254,,0.0,10.761073182954755,2.0899091082282037,36.40806145807748,2.0899091082282037,,0.7866770038167938,-441.1734619140625,37.105918884277344,0.003816793905571103,1.0434062,1.4781716,0.020464478122203998,-0.07281403690578975,3225.594340324402
1.0,0.6861110925674438,,0.0,10.74598184519101,2.082060069515798,29.382579848368714,2.082060069515798,,0.7768218623481782,-536.4326782226562,29.746234893798828,0.004048583097755909,1.0568944,1.4911454,0.010775197034257326,-0.06814270193585537,3277.8434307575226
1.0,0.7270194888114929,,0.0,11.49081649536496,2.223851559126257,41.0442692401197,2.223851559126257,,0.7930435823754789,-599.8638916015625,34.478755950927734,0.0,1.0522075,1.5295162,0.013428328030361517,-0.08179943829955497,3493.8733580112457
1.0,0.7576601505279541,,0.0,11.377779333854198,2.1777735244554557,37.46491046703309,2.1777735244554557,,0.7960133272058824,-440.6878662109375,40.706321716308594,0.0,1.0394866,1.5190173,0.02295437620682947,-0.07501633460541898,3324.2619726657867
1.0,0.6963788270950317,,0.0,10.839869400059818,2.084714182209624,31.916921567877335,2.084714182209624,,0.78475,-564.0447387695312,36.09354782104492,0.0,1.0483919,1.4651797,0.019671973525184162,-0.07263324383514956,3390.3062765598297
