model_returned_smth,valid_cf_disc,dissimilarity_proximity_categorical_hamming,dissimilarity_proximity_categorical_jaccard,dissimilarity_proximity_continuous_manhatan,dissimilarity_proximity_continuous_euclidean,dissimilarity_proximity_continuous_mad,distance_l2_jaccard,distance_mad_hamming,sparsity,flow_log_density_cfs,flow_log_density_xs,flow_prob_condition_acc,lof_scores_xs,lof_scores_cfs,isolation_forest_scores_xs,isolation_forest_scores_cfs,time
1.0,0.9833333492279053,,0.0,2.4711379558688367,1.1918283731349002,8.554759828560726,1.1918283731349002,,0.5426649305555555,-14.506537437438965,36.3851318359375,0.14722222089767456,1.0341144,1.0665641,0.021846922970968657,0.008509767156800234,976.268562078476
1.0,0.9722222089767456,,0.0,2.414452472601105,1.1750671302435642,7.2333145343261975,1.1750671302435642,,0.5354600694444445,-16.48055076599121,32.4938850402832,0.15000000596046448,1.0351362,1.0655106,0.016773405588891396,0.0022044139689511126,953.0995857715607
1.0,0.9582172632217407,,0.0,2.51087814810406,1.2073688931366087,9.520290725375068,1.2073688931366087,,0.5433495821727019,-11.045074462890625,32.42351150512695,0.12813369929790497,1.0328708,1.065314,0.020933582294279208,0.008299520236896982,939.0512239933014
1.0,0.9721448421478271,,0.0,2.53819757859052,1.2179074267246643,7.88229351160911,1.2179074267246643,,0.5512708913649025,-26.614276885986328,40.37196350097656,0.12534819543361664,1.0342729,1.0647249,0.024939667144098697,0.007831184340169196,942.8843817710876
1.0,0.9749303460121155,,0.0,2.4219043012193833,1.1803945751966638,7.745773626342451,1.1803945751966638,,0.536516364902507,-12.749821662902832,37.31368637084961,0.12813369929790497,1.0349967,1.0663499,0.025514673366854992,0.009246773769095619,912.0366415977478
