Dataset,Valid.↑,L2↓,Prob.Plaus.↑,LogDens.↑,IsoForest↑,LOF↓
Blobs,0.0,0.016793609623192745,0.127455874717488,0.6717038705332171,0.008294419454238266,0.05567000267093584
Digits,0.004153686645510443,0.052666284382848164,0.0027842334319494646,36.85896575319282,0.005306570803753574,0.01084918438492038
HELOC,0.0,0.008925801575919738,0.023759689360042344,11.02398759133698,0.0018022138427919783,0.005364961467895161
Law,0.0,0.01804431808394419,0.08730626415588387,0.4238355120257421,0.0021817247526235276,0.003367468779362638
Moons,0.0,0.024867290049998457,0.20472365573628554,0.48254045857015176,0.006257894828250484,0.0836813591019641
Wine,0.0,0.04705785617118827,0.024973820311496697,2.1126034520118107,0.010292415643756993,0.04022415432434145
