Dataset,Valid.↑,L2↓,Prob.Plaus.↑,LogDens.↑,IsoForest↑,LOF↓
HELOC,1.0,0.14591866090037592,0.2084656612225003,13.8640437,0.05591785210364112,1.13085078
Law,1.0,0.183279700762979,0.6634424028892291,1.38619314,0.0415234868800395,1.0670713902712348
Blobs,1.0,0.32296358348732535,0.056999999999999995,-4.0830848,-0.06405671770218888,2.1122336869315963
Moons,1.0,0.27915381003877976,0.1823868475930331,-0.21220080000000002,0.004183371656416661,1.269025093802505
Wine,1.0,0.3773750502775468,0.027310370788631643,-0.7707965,0.044695939818248556,1.0902024126226073
Digits,0.9981424148606811,0.7307821242770467,0.0018653009654427198,-178.3722732,-0.0015640362382508988,1.09737824
