,precision,recall,f1-score,support
0,0.763265306122449,0.8423423423423423,0.8008565310492506,222.0
1,0.8241206030150754,0.7387387387387387,0.7790973871733967,222.0
accuracy,0.7905405405405406,0.7905405405405406,0.7905405405405406,0.7905405405405406
macro avg,0.7936929545687622,0.7905405405405406,0.7899769591113237,444.0
weighted avg,0.7936929545687622,0.7905405405405406,0.7899769591113237,444.0
