,precision,recall,f1-score,support
0,0.7661290322580645,0.8558558558558559,0.8085106382978723,222.0
1,0.8367346938775511,0.7387387387387387,0.784688995215311,222.0
accuracy,0.7972972972972973,0.7972972972972973,0.7972972972972973,0.7972972972972973
macro avg,0.8014318630678078,0.7972972972972974,0.7965998167565916,444.0
weighted avg,0.8014318630678078,0.7972972972972973,0.7965998167565915,444.0
