,precision,recall,f1-score,support
0,0.7509881422924901,0.8558558558558559,0.8,222.0
1,0.8324607329842932,0.7162162162162162,0.7699757869249395,222.0
accuracy,0.786036036036036,0.786036036036036,0.786036036036036,0.786036036036036
macro avg,0.7917244376383916,0.7860360360360361,0.7849878934624698,444.0
weighted avg,0.7917244376383917,0.786036036036036,0.7849878934624698,444.0
