,precision,recall,f1-score,support
0,0.7892156862745098,0.7252252252252253,0.755868544600939,222.0
1,0.7458333333333333,0.8063063063063063,0.7748917748917749,222.0
accuracy,0.7657657657657657,0.7657657657657657,0.7657657657657657,0.7657657657657657
macro avg,0.7675245098039216,0.7657657657657657,0.765380159746357,444.0
weighted avg,0.7675245098039215,0.7657657657657657,0.7653801597463569,444.0
