,precision,recall,f1-score,support
0,0.7275334608030593,0.7424390243902439,0.7349106711733462,1025.0
1,0.714902807775378,0.6990496304118268,0.7068873465029365,947.0
accuracy,0.7216024340770791,0.7216024340770791,0.7216024340770791,0.7216024340770791
macro avg,0.7212181342892185,0.7207443274010353,0.7208990088381413,1972.0
weighted avg,0.721467929151328,0.7216024340770791,0.721453222662759,1972.0
