,precision,recall,f1-score,support
0,0.7324350336862367,0.7424390243902439,0.7374031007751938,1025.0
1,0.7170418006430869,0.706441393875396,0.7117021276595744,947.0
accuracy,0.7251521298174443,0.7251521298174443,0.7251521298174443,0.7251521298174443
macro avg,0.7247384171646618,0.7244402091328199,0.7245526142173841,1972.0
weighted avg,0.7250428472299169,0.7251521298174443,0.7250608991826525,1972.0
