,precision,recall,f1-score,support
0,0.7330188679245283,0.7580487804878049,0.7453237410071942,1025.0
1,0.7280701754385965,0.7011615628299894,0.7143625605164067,947.0
accuracy,0.7307302231237323,0.7307302231237323,0.7307302231237323,0.7307302231237323
macro avg,0.7305445216815625,0.7296051716588972,0.7298431507618004,1972.0
weighted avg,0.7306423913605438,0.7307302231237323,0.7304554661974703,1972.0
