,train_ll,test_ll
0,2.5105342864990234,2.5760560035705566
