coverage,validity,actionability,sparsity,proximity_categorical_hamming,proximity_categorical_jaccard,proximity_continuous_manhattan,proximity_continuous_euclidean,proximity_continuous_mad,proximity_l2_jaccard,proximity_mad_hamming,prob_plausibility,log_density_cf,log_density_test,lof_scores_cf,lof_scores_test,isolation_forest_scores_cf,isolation_forest_scores_test,cf_search_time
1.0,0.9234234234234234,0.2972972972972973,0.5914760914760915,0.47170115260982065,0.47170115260982065,0.47317542419200975,0.47170115260982065,0.5100496624141154,0.47170115260982065,0.5100496624141154,0.2927927927927928,-1072.7941,-12.673059,16.80485013030684,1.1562024,-0.1473336169282306,0.07500557508474663,871.9032845497131
