,precision,recall,f1-score,support
0,0.7663551401869159,0.7387387387387387,0.7522935779816514,222.0
1,0.7478260869565218,0.7747747747747747,0.7610619469026548,222.0
accuracy,0.7567567567567568,0.7567567567567568,0.7567567567567568,0.7567567567567568
macro avg,0.7570906135717188,0.7567567567567568,0.7566777624421531,444.0
weighted avg,0.7570906135717188,0.7567567567567568,0.756677762442153,444.0
