,precision,recall,f1-score,support
0,0.7644444444444445,0.7747747747747747,0.7695749440715883,222.0
1,0.771689497716895,0.7612612612612613,0.7664399092970522,222.0
accuracy,0.7680180180180181,0.7680180180180181,0.7680180180180181,0.7680180180180181
macro avg,0.7680669710806698,0.7680180180180181,0.7680074266843202,444.0
weighted avg,0.7680669710806697,0.7680180180180181,0.7680074266843203,444.0
