,precision,recall,f1-score,support
0,0.7074074074074074,0.8603603603603603,0.7764227642276422,222.0
1,0.8218390804597702,0.6441441441441441,0.7222222222222222,222.0
accuracy,0.7522522522522522,0.7522522522522522,0.7522522522522522,0.7522522522522522
macro avg,0.7646232439335887,0.7522522522522522,0.7493224932249323,444.0
weighted avg,0.7646232439335888,0.7522522522522522,0.7493224932249323,444.0
