,precision,recall,f1-score,support
0,0.7252747252747253,0.8918918918918919,0.8,222.0
1,0.8596491228070176,0.6621621621621622,0.7480916030534351,222.0
accuracy,0.777027027027027,0.777027027027027,0.777027027027027,0.777027027027027
macro avg,0.7924619240408715,0.777027027027027,0.7740458015267175,444.0
weighted avg,0.7924619240408713,0.777027027027027,0.7740458015267175,444.0
