,precision,recall,f1-score,support
0,0.7706422018348624,0.7567567567567568,0.7636363636363637,222.0
1,0.7610619469026548,0.7747747747747747,0.7678571428571429,222.0
accuracy,0.7657657657657657,0.7657657657657657,0.7657657657657657,0.7657657657657657
macro avg,0.7658520743687587,0.7657657657657657,0.7657467532467532,444.0
weighted avg,0.7658520743687587,0.7657657657657657,0.7657467532467533,444.0
