,precision,recall,f1-score,support
0,0.7072243346007605,0.8378378378378378,0.7670103092783506,222.0
1,0.8011049723756906,0.6531531531531531,0.7196029776674938,222.0
accuracy,0.7454954954954955,0.7454954954954955,0.7454954954954955,0.7454954954954955
macro avg,0.7541646534882256,0.7454954954954955,0.7433066434729222,444.0
weighted avg,0.7541646534882255,0.7454954954954955,0.7433066434729222,444.0
