,precision,recall,f1-score,support
0,0.7522522522522522,0.7522522522522522,0.7522522522522522,222.0
1,0.7522522522522522,0.7522522522522522,0.7522522522522522,222.0
accuracy,0.7522522522522522,0.7522522522522522,0.7522522522522522,0.7522522522522522
macro avg,0.7522522522522522,0.7522522522522522,0.7522522522522522,444.0
weighted avg,0.7522522522522522,0.7522522522522522,0.7522522522522522,444.0
