,precision,recall,f1-score,support
0,0.7608695652173914,0.7882882882882883,0.7743362831858407,222.0
1,0.780373831775701,0.7522522522522522,0.7660550458715596,222.0
accuracy,0.7702702702702703,0.7702702702702703,0.7702702702702703,0.7702702702702703
macro avg,0.7706216984965462,0.7702702702702703,0.7701956645287001,444.0
weighted avg,0.7706216984965462,0.7702702702702703,0.7701956645287001,444.0
