,precision,recall,f1-score,support
0,0.786046511627907,0.7612612612612613,0.7734553775743707,222.0
1,0.7685589519650655,0.7927927927927928,0.7804878048780488,222.0
accuracy,0.777027027027027,0.777027027027027,0.777027027027027,0.777027027027027
macro avg,0.7773027317964862,0.777027027027027,0.7769715912262097,444.0
weighted avg,0.7773027317964862,0.777027027027027,0.7769715912262096,444.0
