,precision,recall,f1-score,support
0,0.752,0.8468468468468469,0.7966101694915254,222.0
1,0.8247422680412371,0.7207207207207207,0.7692307692307693,222.0
accuracy,0.7837837837837838,0.7837837837837838,0.7837837837837838,0.7837837837837838
macro avg,0.7883711340206185,0.7837837837837838,0.7829204693611473,444.0
weighted avg,0.7883711340206185,0.7837837837837838,0.7829204693611475,444.0
