,precision,recall,f1-score,support
0,0.7153284671532847,0.8828828828828829,0.7903225806451613,222.0
1,0.8470588235294118,0.6486486486486487,0.7346938775510204,222.0
accuracy,0.7657657657657657,0.7657657657657657,0.7657657657657657,0.7657657657657657
macro avg,0.7811936453413482,0.7657657657657657,0.7625082290980909,444.0
weighted avg,0.7811936453413482,0.7657657657657657,0.7625082290980909,444.0
