,precision,recall,f1-score,support
0,0.875,0.8921568627450981,0.883495145631068,102.0
1,0.89,0.8725490196078431,0.8811881188118812,102.0
accuracy,0.8823529411764706,0.8823529411764706,0.8823529411764706,0.8823529411764706
macro avg,0.8825000000000001,0.8823529411764706,0.8823416322214745,204.0
weighted avg,0.8825,0.8823529411764706,0.8823416322214745,204.0
