,precision,recall,f1-score,support
0,0.7442965779467681,0.7616731517509727,0.7528846153846154,1028.0
1,0.7345612134344529,0.7159450897571278,0.7251336898395722,947.0
accuracy,0.739746835443038,0.739746835443038,0.739746835443038,0.739746835443038
macro avg,0.7394288956906105,0.7388091207540503,0.7390091526120938,1975.0
weighted avg,0.739628532279344,0.739746835443038,0.7395782222245364,1975.0
