,train_ll,test_ll
0,8.598594665527344,6.440453052520752
