,precision,recall,f1-score,support
0,0.9166666666666666,1.0,0.9565217391304348,11.0
1,1.0,0.9333333333333333,0.9655172413793104,15.0
2,1.0,1.0,1.0,9.0
accuracy,0.9714285714285714,0.9714285714285714,0.9714285714285714,0.9714285714285714
macro avg,0.9722222222222222,0.9777777777777779,0.9740129935032483,35.0
weighted avg,0.9738095238095237,0.9714285714285714,0.9715570786035554,35.0
