model_returned_smth,valid_cf_disc,dissimilarity_proximity_categorical_hamming,dissimilarity_proximity_categorical_jaccard,dissimilarity_proximity_continuous_manhatan,dissimilarity_proximity_continuous_euclidean,dissimilarity_proximity_continuous_mad,distance_l2_jaccard,distance_mad_hamming,sparsity,flow_log_density_cfs,flow_log_density_xs,flow_prob_condition_acc,lof_scores_xs,lof_scores_cfs,isolation_forest_scores_xs,isolation_forest_scores_cfs,plausibility,cf_belongs_to_group,K_vectors,time
1.0,1.0,,0.0,1.538551504413287,0.47931203776299136,26.97273015975952,0.47931203776299136,,1.0,5.453939437866211,10.069727897644043,0.3333333432674408,0.9997546,1.0940892,0.06182620252626877,0.05420643607547266,0.5971792917158292,1.0,1,43.461912631988525
1.0,1.0,,0.0,1.5862243169297774,0.4681459842266591,22.926364322503407,0.4681459842266591,,1.0,-0.49606990814208984,8.596047401428223,0.0,1.0629584,1.1893634,0.03866811488002999,0.02486817887954386,0.6511520278288792,1.0,1,40.45909810066223
1.0,1.0,,0.0,1.708019562404264,0.5130437850127172,25.557978369972922,0.5130437850127172,,1.0,4.552909851074219,10.162012100219727,0.09090909361839294,1.026674,1.1138101,0.051374524523546745,0.04001923522931741,0.6458871440975416,1.0,1,41.99067997932434
1.0,1.0,,0.0,1.4721691229691107,0.4405509385353235,22.757400631904602,0.4405509385353235,,1.0,3.7914535999298096,11.449649810791016,0.0833333358168602,1.0196847,1.1258634,0.060960294336208365,0.048603616430549335,0.5879022059686805,1.0,1,43.26355791091919
1.0,1.0,,0.0,1.2900430584753242,0.3781097833793306,20.454287628332775,0.3781097833793306,,1.0,5.337070465087891,8.529040336608887,0.5,1.0268525,1.0723068,0.06827713002356005,0.05722942893384838,0.6357718628793684,1.0,1,43.69344615936279
