model_returned_smth,valid_cf_disc,dissimilarity_proximity_categorical_hamming,dissimilarity_proximity_categorical_jaccard,dissimilarity_proximity_continuous_manhatan,dissimilarity_proximity_continuous_euclidean,dissimilarity_proximity_continuous_mad,distance_l2_jaccard,distance_mad_hamming,sparsity,flow_log_density_cfs,flow_log_density_xs,flow_prob_condition_acc,lof_scores_xs,lof_scores_cfs,isolation_forest_scores_xs,isolation_forest_scores_cfs,plausibility,cf_belongs_to_group,K_vectors,time
1.0,0.9285714030265808,,0.0,2.4583993952255696,0.8135246189815697,36.75051527756911,0.8135246189815697,,1.0,5.536219120025635,6.557487964630127,0.6153846383094788,1.0790836,1.1404965,0.04577653569644395,0.029526625809468823,0.5184031651006829,1.0,1,9.361026048660278
1.0,1.0,,0.0,2.495341795263812,0.7949149728485608,36.138180287679035,0.7949149728485608,,1.0,4.416832447052002,5.772435665130615,0.3333333432674408,1.1365106,1.2565243,0.03455083084584508,0.013409592323983905,0.6045542628988557,1.0,1,9.429329872131348
1.0,1.0,,0.0,2.0636475837001433,0.7228064484910685,26.451556572547325,0.7228064484910685,,1.0,3.102304220199585,4.943509578704834,0.23076923191547394,1.1473676,1.2087967,0.030362108568323852,0.02707186236655911,0.5824706125383128,1.0,1,9.333033323287964
1.0,1.0,,0.0,2.1147947192478638,0.7054607919545688,28.934379724355843,0.7054607919545688,,1.0,5.443181991577148,7.464130878448486,0.3076923191547394,1.0556155,1.1154087,0.05740344475534685,0.03787519580575098,0.47807672391811595,1.0,1,8.583423137664795
1.0,1.0,,0.0,2.1374141346397146,0.735088582607889,30.19586249760219,0.735088582607889,,1.0,3.5454483032226562,2.802356004714966,0.2857142984867096,1.1260798,1.1416491,0.03490507290989576,0.04048800614425701,0.4863646867028121,1.0,1,9.506350040435791
