model_returned_smth,valid_cf_disc,dissimilarity_proximity_categorical_hamming,dissimilarity_proximity_categorical_jaccard,dissimilarity_proximity_continuous_manhatan,dissimilarity_proximity_continuous_euclidean,dissimilarity_proximity_continuous_mad,distance_l2_jaccard,distance_mad_hamming,sparsity,flow_log_density_cfs,flow_log_density_xs,flow_prob_condition_acc,lof_scores_xs,lof_scores_cfs,isolation_forest_scores_xs,isolation_forest_scores_cfs,plausibility,cf_belongs_to_group,K_vectors,time
1.0,1.0,,0.0,2.764993569165069,0.9080630547486316,42.87532043457031,0.9080630547486316,,1.0,-6.96929931640625,6.247609615325928,0.0,1.0790836,1.2487404,0.04577653569644395,0.011103812055758213,0.6514442324893615,1.0,1,65.46350193023682
1.0,1.0,,0.0,1.901660899647201,0.5865256987073697,24.856370544433595,0.5865256987073697,,1.0,-1.8249160051345825,5.3093180656433105,0.06666667014360428,1.1365106,1.2172382,0.03455083084584508,0.02521248510073181,0.6216672717910067,1.0,1,41.06094312667847
1.0,1.0,,0.0,1.874115695245564,0.6233354411666155,21.133064814976283,0.6233354411666155,,1.0,-2.0316147804260254,5.057529926300049,0.0714285746216774,1.1385983,1.261116,0.029951617002594043,0.021276310451776168,0.639752367869552,1.0,1,43.81631779670715
1.0,1.0,,0.0,1.5546987733936735,0.4855435991040247,20.07231834956578,0.4855435991040247,,1.0,-5.042952537536621,6.70698881149292,0.0,1.053114,1.1410398,0.05720572233087119,0.04490673407152263,0.5677725017889256,1.0,1,34.28818607330322
1.0,1.0,,0.0,1.7277120093659808,0.5443259930197384,21.271728515625,0.5443259930197384,,1.0,-3.7657318115234375,2.5776145458221436,0.06666667014360428,1.1297562,1.2357354,0.03257146980453223,0.027611801462275622,0.610059376301901,1.0,1,40.010175943374634
