model_returned_smth,valid_cf_disc,dissimilarity_proximity_categorical_hamming,dissimilarity_proximity_categorical_jaccard,dissimilarity_proximity_continuous_manhatan,dissimilarity_proximity_continuous_euclidean,dissimilarity_proximity_continuous_mad,distance_l2_jaccard,distance_mad_hamming,sparsity,flow_log_density_cfs,flow_log_density_xs,flow_prob_condition_acc,lof_scores_xs,lof_scores_cfs,isolation_forest_scores_xs,isolation_forest_scores_cfs,plausibility,cf_belongs_to_group,K_vectors,time
1.0,1.0,,0.0,2.06588278642656,0.6678790612930594,30.089187485831125,0.6678790612930594,,1.0,9.115509986877441,6.247609615325928,1.0,1.0790836,1.0454098,0.04577653569644395,0.07413120134614086,0.4671820432836157,1.0,8,18.297096014022827
1.0,1.0,,0.0,2.1051257027468333,0.6423686202204194,27.197675704956055,0.6423686202204194,,1.0,9.587411880493164,5.3093180656433105,1.0,1.1365106,1.0731027,0.03455083084584508,0.052422279906525364,0.48250436492961957,1.0,9,18.868199825286865
1.0,1.0,,0.0,2.2553753973916173,0.6813510327627542,25.056740147726877,0.6813510327627542,,1.0,8.327750205993652,5.057529926300049,1.0,1.1385983,1.099107,0.029951617002594043,0.05176060262859572,0.48609608293770507,1.0,8,24.63070321083069
1.0,1.0,,0.0,1.9469416015116232,0.6328909072029559,26.113530022757395,0.6328909072029559,,1.0,9.71231746673584,6.70698881149292,1.0,1.053114,1.027785,0.05720572233087119,0.07447462218433169,0.45102308456069745,0.9285714285714286,5,44.3600709438324
1.0,1.0,,0.0,1.859382359710123,0.5805110034878809,24.34452792576381,0.5805110034878809,,1.0,8.164596557617188,2.8697726726531982,1.0,1.1260798,1.0937592,0.03490507290989576,0.06200771642593339,0.4778995704681076,1.0,8,31.811246871948242
