model_returned_smth,valid_cf_disc,dissimilarity_proximity_categorical_hamming,dissimilarity_proximity_categorical_jaccard,dissimilarity_proximity_continuous_manhatan,dissimilarity_proximity_continuous_euclidean,dissimilarity_proximity_continuous_mad,distance_l2_jaccard,distance_mad_hamming,sparsity,flow_log_density_cfs,flow_log_density_xs,flow_prob_condition_acc,lof_scores_xs,lof_scores_cfs,isolation_forest_scores_xs,isolation_forest_scores_cfs,plausibility,cf_belongs_to_group,K_vectors,time
1.0,1.0,,0.0,2.1154240956529975,0.5869435946062753,39.859090423583986,0.5869435946062753,,1.0,-1.3183486461639404,8.334005355834961,0.10000000149011612,1.0022242,1.072768,0.0191486683142629,0.024190931564131008,0.695490725694887,1.0,1,15.037903070449829
1.0,1.0,,0.0,2.3264529996862016,0.6460352278279554,51.31509441799588,0.6460352278279554,,1.0,-1.9452942609786987,7.997354984283447,0.1111111119389534,1.0709856,1.2295777,0.026587892685481434,0.009839965187638054,0.6904274656017877,1.0,1,15.918863296508789
1.0,1.0,,0.0,1.5679254741795983,0.48678711736693114,28.66653537750244,0.48678711736693114,,1.0,1.1958686113357544,7.742878437042236,0.1666666716337204,1.0431072,1.0914787,0.036967402700965456,0.040111538900448704,0.656787605539293,1.0,1,30.47059416770935
1.0,1.0,,0.0,1.8534543627873064,0.5241199793323551,36.9092601776123,0.5241199793323551,,1.0,-0.4862787127494812,8.7344970703125,0.10000000149011612,1.0112998,1.0358794,0.03077618428203105,0.03999561073845877,0.5866839026723676,1.0,1,21.254791021347046
1.0,1.0,,0.0,1.9832501677899725,0.5618706682544192,36.56184387207031,0.5618706682544192,,1.0,0.5990180969238281,7.96864128112793,0.1111111119389534,1.035484,1.1193027,0.03987465267116032,0.018765847519153372,0.6378019525031379,1.0,1,22.56339716911316
