model_returned_smth,valid_cf_disc,dissimilarity_proximity_categorical_hamming,dissimilarity_proximity_categorical_jaccard,dissimilarity_proximity_continuous_manhatan,dissimilarity_proximity_continuous_euclidean,dissimilarity_proximity_continuous_mad,distance_l2_jaccard,distance_mad_hamming,sparsity,flow_log_density_cfs,flow_log_density_xs,flow_prob_condition_acc,lof_scores_xs,lof_scores_cfs,isolation_forest_scores_xs,isolation_forest_scores_cfs,plausibility,cf_belongs_to_group,K_vectors,time
1.0,1.0,,0.0,1.5032118111848831,0.49193054677275866,25.840830008188885,0.49193054677275866,,1.0,5.40334939956665,10.069727897644043,0.4166666567325592,0.9997546,1.0685058,0.06182620252626877,0.054777817499048455,0.6002641264005629,1.0,1,40.83833193778992
1.0,1.0,,0.0,2.519252991924683,0.7893267873668016,35.20179398854574,0.7893267873668016,,1.0,-1.1205787658691406,8.596047401428223,0.0,1.0629584,1.1854292,0.03866811488002999,-0.004264842577929667,0.6485184608730145,1.0,1,61.65858316421509
1.0,1.0,,0.0,2.3561967594379727,0.73847003295076,35.35741632634943,0.73847003295076,,1.0,2.855410575866699,10.162012100219727,0.09090909361839294,1.026674,1.1565789,0.051374524523546745,0.00935771256936146,0.6176154984279266,1.0,1,43.057206869125366
1.0,1.0,,0.0,2.1135834511369467,0.6615531415975343,31.397213300069172,0.6615531415975343,,1.0,1.7684274911880493,11.449649810791016,0.0,1.0196847,1.1401387,0.060960294336208365,0.022814876333835707,0.5938631635472876,1.0,1,45.00462102890015
1.0,1.0,,0.0,1.8068130489555188,0.5647265358238581,27.638290564219158,0.5647265358238581,,1.0,6.180408477783203,8.529040336608887,0.5,1.0268525,1.0852346,0.06827713002356005,0.038552008129144034,0.6030250972639818,1.0,1,52.57731366157532
