model_returned_smth,valid_cf_disc,dissimilarity_proximity_categorical_hamming,dissimilarity_proximity_categorical_jaccard,dissimilarity_proximity_continuous_manhatan,dissimilarity_proximity_continuous_euclidean,dissimilarity_proximity_continuous_mad,distance_l2_jaccard,distance_mad_hamming,sparsity,flow_log_density_cfs,flow_log_density_xs,flow_prob_condition_acc,lof_scores_xs,lof_scores_cfs,isolation_forest_scores_xs,isolation_forest_scores_cfs,plausibility,cf_belongs_to_group,K_vectors,time
1.0,1.0,,0.0,1.6680475092725828,0.5145367316500348,24.080314227512904,0.5145367316500348,,1.0,7.73434591293335,6.247609615325928,1.0,1.0790836,1.0235921,0.04577653569644395,0.08614946633141751,0.5154082343819817,1.0,14,5.171451807022095
1.0,1.0,,0.0,1.5976099346132417,0.47929785214926757,22.499337094170706,0.47929785214926757,,1.0,9.207746505737305,6.559607028961182,1.0,1.1047887,1.0462667,0.04014802950294273,0.082741265590428,0.5333691014032712,1.0,14,5.161432981491089
1.0,0.8666666746139526,,0.0,1.7232271884209835,0.5173959044047802,20.402493550227238,0.5173959044047802,,1.0,7.854964733123779,5.153622150421143,1.0,1.1338495,1.0688349,0.03588157775811027,0.0714572507824555,0.5388912819293168,1.0,15,5.1621198654174805
1.0,1.0,,0.0,1.3915488572361379,0.41958101561873445,19.888983799861027,0.41958101561873445,,1.0,9.720757484436035,6.859885215759277,1.0,1.051993,1.017615,0.05658256149369005,0.08685897122340067,0.4133652677120655,1.0,13,5.1670520305633545
1.0,1.0,,0.0,1.4833775233211262,0.4484573899246028,19.47321537562779,0.4484573899246028,,1.0,7.455507755279541,2.8697726726531982,1.0,1.1260798,1.073383,0.03490507290989576,0.070682204286288,0.5339318256092203,1.0,14,5.140141248703003
