model_returned_smth,valid_cf_disc,dissimilarity_proximity_categorical_hamming,dissimilarity_proximity_categorical_jaccard,dissimilarity_proximity_continuous_manhatan,dissimilarity_proximity_continuous_euclidean,dissimilarity_proximity_continuous_mad,distance_l2_jaccard,distance_mad_hamming,sparsity,flow_log_density_cfs,flow_log_density_xs,flow_prob_condition_acc,lof_scores_xs,lof_scores_cfs,isolation_forest_scores_xs,isolation_forest_scores_cfs,plausibility,cf_belongs_to_group,K_vectors,time
1.0,1.0,,0.0,1.4751839339733124,0.461279982452289,26.791557947794598,0.461279982452289,,1.0,4.191036701202393,10.479351997375488,0.1666666716337204,0.9997546,1.088478,0.06182620252626877,0.05247714359181871,0.5998334334279699,1.0,1,38.14061784744263
1.0,1.0,,0.0,1.9813889432698488,0.5987960333098447,28.951011300086975,0.5987960333098447,,1.0,-13.97588062286377,8.53390121459961,0.0,1.0629584,1.1771842,0.03866811488002999,0.023120155714222074,0.5949940016168126,1.0,1,44.129162073135376
1.0,1.0,,0.0,1.4175224815579979,0.47198588742788866,21.626601587642323,0.47198588742788866,,1.0,3.63118577003479,9.984206199645996,0.09090909361839294,1.026674,1.1004261,0.051374524523546745,0.03728090926705661,0.6576116188879468,1.0,1,43.723541021347046
1.0,1.0,,0.0,1.799810780833165,0.5322615677031796,29.798289616902668,0.5322615677031796,,1.0,-2.4442670345306396,11.642682075500488,0.0833333358168602,1.0196847,1.1403323,0.060960294336208365,0.04165866964457302,0.6154405642955192,1.0,1,42.806785106658936
1.0,1.0,,0.0,1.1506677317348393,0.35027702650492143,18.81784304705533,0.35027702650492143,,1.0,7.529377460479736,10.311026573181152,0.6363636255264282,1.0128188,1.0552285,0.07449313945029798,0.07100659327128761,0.645873185640873,1.0,1,43.70413017272949
