model_returned_smth,valid_cf_disc,dissimilarity_proximity_categorical_hamming,dissimilarity_proximity_categorical_jaccard,dissimilarity_proximity_continuous_manhatan,dissimilarity_proximity_continuous_euclidean,dissimilarity_proximity_continuous_mad,distance_l2_jaccard,distance_mad_hamming,sparsity,flow_log_density_cfs,flow_log_density_xs,flow_prob_condition_acc,lof_scores_xs,lof_scores_cfs,isolation_forest_scores_xs,isolation_forest_scores_cfs,plausibility,cf_belongs_to_group,K_vectors,time
1.0,1.0,,0.0,2.3622989994972676,0.760584335861319,33.00106600352696,0.760584335861319,,1.0,5.470606327056885,6.307947635650635,0.5,1.0790836,1.10934,0.04577653569644395,0.03709896243096416,0.5190076071865778,1.0,1,6.889816045761108
1.0,1.0,,0.0,2.4173375547708322,0.767906852883014,34.66119105021159,0.767906852883014,,1.0,4.958948135375977,5.772435665130615,0.4000000059604645,1.1365106,1.2489,0.03455083084584508,0.01582004800012778,0.5845276545147926,1.0,1,5.371314287185669
1.0,1.0,,0.0,1.9947170156698961,0.7166567508268202,25.606166252723106,0.7166567508268202,,1.0,5.81554651260376,4.943509578704834,0.23076923191547394,1.1473676,1.1995317,0.030362108568323852,0.025995567141971397,0.5675878891803489,1.0,1,18.2424259185791
1.0,1.0,,0.0,2.153793452021021,0.7076013129467638,29.034302638127254,0.7076013129467638,,1.0,5.727493762969971,7.464130878448486,0.23076923191547394,1.0556155,1.1035185,0.05740344475534685,0.034571023688871876,0.4696300752843286,1.0,1,10.383287906646729
1.0,1.0,,0.0,1.8396992232384426,0.6585405752271766,26.449220248631068,0.6585405752271766,,1.0,3.7354373931884766,2.802356004714966,0.4285714328289032,1.1260798,1.1399791,0.03490507290989576,0.04647887300774119,0.47487446034527137,1.0,1,7.324983835220337
