model_returned_smth,valid_cf_disc,dissimilarity_proximity_categorical_hamming,dissimilarity_proximity_categorical_jaccard,dissimilarity_proximity_continuous_manhatan,dissimilarity_proximity_continuous_euclidean,dissimilarity_proximity_continuous_mad,distance_l2_jaccard,distance_mad_hamming,sparsity,flow_log_density_cfs,flow_log_density_xs,flow_prob_condition_acc,lof_scores_xs,lof_scores_cfs,isolation_forest_scores_xs,isolation_forest_scores_cfs,plausibility,cf_belongs_to_group,K_vectors,time
1.0,1.0,,0.0,1.6267933994531631,0.51525419896704,26.051045417785645,0.51525419896704,,1.0,8.128161430358887,10.069727897644043,1.0,0.9997546,1.0439682,0.06182620252626877,0.07360022932940587,0.5498915599692681,1.0,5,24.328452110290527
1.0,1.0,,0.0,2.65126154695948,0.8274376993429505,33.18202559153239,0.8274376993429505,,1.0,9.273144721984863,8.596047401428223,1.0,1.0629584,1.0067265,0.03866811488002999,0.0635922630827891,0.4600302980514504,1.0,3,18.457011938095093
1.0,1.0,,0.0,2.1968227905983273,0.6930236049496794,31.08426423506303,0.6930236049496794,,1.0,9.062167167663574,10.162012100219727,1.0,1.026674,1.0129542,0.051374524523546745,0.07038130013660301,0.4887557355298755,1.0,4,12.406918287277222
1.0,1.0,,0.0,1.8039546335736911,0.618031393615483,27.119783242543537,0.618031393615483,,1.0,8.982060432434082,11.449649810791016,1.0,1.0196847,1.0232296,0.060960294336208365,0.07325447620747426,0.5133164937082959,1.0,5,24.860857248306274
1.0,1.0,,0.0,1.5512130525700438,0.4744468053228348,26.63111972808838,0.4744468053228348,,1.0,8.550254821777344,8.529040336608887,1.0,1.0268525,1.0527357,0.06827713002356005,0.06495509191856604,0.5990793317803451,1.0,5,25.71060609817505
