model_returned_smth,valid_cf_disc,dissimilarity_proximity_categorical_hamming,dissimilarity_proximity_categorical_jaccard,dissimilarity_proximity_continuous_manhatan,dissimilarity_proximity_continuous_euclidean,dissimilarity_proximity_continuous_mad,distance_l2_jaccard,distance_mad_hamming,sparsity,flow_log_density_cfs,flow_log_density_xs,flow_prob_condition_acc,lof_scores_xs,lof_scores_cfs,isolation_forest_scores_xs,isolation_forest_scores_cfs,plausibility,cf_belongs_to_group,K_vectors,time
1.0,1.0,,0.0,1.8034951786200206,0.5107622983802144,33.58807706832886,0.5107622983802144,,1.0,2.551023483276367,10.479351997375488,0.0833333358168602,0.9997546,1.1524384,0.06182620252626877,0.03623702982816118,0.6356104462869289,1.0,12,22.646172046661377
1.0,1.0,,0.0,2.1023501077046,0.5890147794412223,31.387021621068318,0.5890147794412223,,1.0,-27.860769271850586,8.53390121459961,0.0,1.0629584,1.2862936,0.03866811488002999,0.006175169825998171,0.7021485899432673,1.0,12,22.450724124908447
1.0,1.0,,0.0,1.7912582772021943,0.5127965753434238,27.06930043480613,0.5127965753434238,,1.0,1.2304333448410034,9.984206199645996,0.09090909361839294,1.026674,1.1884774,0.051374524523546745,0.02204645427732017,0.7132271283541481,1.0,11,22.665958166122437
1.0,1.0,,0.0,1.9323486567785342,0.5451474733740072,33.73175883293152,0.5451474733740072,,1.0,-5.93959379196167,11.642682075500488,0.0833333358168602,1.0196847,1.1959015,0.060960294336208365,0.03092432547136591,0.6673366733365559,1.0,12,21.5411479473114
1.0,1.0,,0.0,1.308069345625964,0.36747602538417895,22.544956380670722,0.36747602538417895,,1.0,6.500345230102539,10.311026573181152,0.4545454680919647,1.0128188,1.062182,0.07449313945029798,0.06620330954882037,0.6659506155030018,1.0,11,20.082932949066162
