model_returned_smth,valid_cf_disc,dissimilarity_proximity_categorical_hamming,dissimilarity_proximity_categorical_jaccard,dissimilarity_proximity_continuous_manhatan,dissimilarity_proximity_continuous_euclidean,dissimilarity_proximity_continuous_mad,distance_l2_jaccard,distance_mad_hamming,sparsity,flow_log_density_cfs,flow_log_density_xs,flow_prob_condition_acc,lof_scores_xs,lof_scores_cfs,isolation_forest_scores_xs,isolation_forest_scores_cfs,plausibility,cf_belongs_to_group,K_vectors,time
1.0,1.0,,0.0,2.7469060024246574,0.8569921709889308,60.10126876831055,0.8569921709889308,,1.0,8.459737777709961,8.334005355834961,1.0,1.0022242,1.0081544,0.0191486683142629,0.07646816143558115,0.4981375100586544,1.0,1,5.762357950210571
1.0,1.0,,0.0,2.8708890926920705,0.90084442815133,59.970133463541664,0.90084442815133,,1.0,6.279552936553955,7.997354984283447,0.2222222238779068,1.0709856,1.0637716,0.026587892685481434,0.052144156558072176,0.5403603020136778,1.0,1,8.067561864852905
1.0,1.0,,0.0,2.48011349409353,0.7694158219574381,39.582611083984375,0.7694158219574381,,1.0,6.529974460601807,7.742878437042236,0.25,1.0431072,1.0803655,0.036967402700965456,0.05173389009336058,0.5545134755204126,1.0,1,7.808379888534546
1.0,1.0,,0.0,2.4347764851525424,0.7821328000352263,54.30413131713867,0.7821328000352263,,1.0,7.479702949523926,8.7344970703125,0.30000001192092896,1.0112998,1.0210615,0.03077618428203105,0.07031515669030354,0.48871460004961975,1.0,1,7.937962770462036
1.0,1.0,,0.0,2.5523263420392244,0.8307749111170307,43.082982805040146,0.8307749111170307,,1.0,7.774303913116455,7.96864128112793,0.7777777910232544,1.035484,1.058694,0.03987465267116032,0.05808051440855297,0.5336250516193223,1.0,1,10.636948823928833
