model_returned_smth,valid_cf_disc,dissimilarity_proximity_categorical_hamming,dissimilarity_proximity_categorical_jaccard,dissimilarity_proximity_continuous_manhatan,dissimilarity_proximity_continuous_euclidean,dissimilarity_proximity_continuous_mad,distance_l2_jaccard,distance_mad_hamming,sparsity,flow_log_density_cfs,flow_log_density_xs,flow_prob_condition_acc,lof_scores_xs,lof_scores_cfs,isolation_forest_scores_xs,isolation_forest_scores_cfs,plausibility,cf_belongs_to_group,K_vectors,time
1.0,1.0,,0.0,1.5468059958890081,0.4832995092595298,32.576233291625975,0.4832995092595298,,1.0,7.3620147705078125,8.752592086791992,1.0,1.0022242,0.98986834,0.0191486683142629,0.07774336219558313,0.5482993759121821,1.0,10,5.315546274185181
1.0,1.0,,0.0,2.203284739749506,0.6907150283002036,40.29985952377319,0.6907150283002036,,1.0,8.764961242675781,9.140349388122559,1.0,1.0759261,1.0349294,0.025891803048532815,0.06728868590895648,0.502041017725272,1.0,8,5.2841901779174805
1.0,1.0,,0.0,1.5712538444945081,0.46666179062596347,26.957904382185504,0.46666179062596347,,1.0,7.551624774932861,7.683607578277588,1.0,1.0447899,1.0296211,0.03809032779667991,0.08549522322564088,0.5849170442095998,1.0,11,5.3577961921691895
1.0,0.8999999761581421,,0.0,1.9516546943535407,0.597042493710601,52.036354064941406,0.597042493710601,,1.0,9.505095481872559,8.237674713134766,1.0,1.0112998,1.0142877,0.03077618428203105,0.08784680668962967,0.5129958193702682,1.0,10,5.307388782501221
1.0,1.0,,0.0,1.7220030813477933,0.5298887854033832,28.964962641398113,0.5298887854033832,,1.0,7.409156799316406,8.147812843322754,1.0,1.035484,1.0075754,0.03987465267116032,0.08997605615396871,0.5277789985855577,1.0,9,5.305604934692383
