model_returned_smth,valid_cf_disc,dissimilarity_proximity_categorical_hamming,dissimilarity_proximity_categorical_jaccard,dissimilarity_proximity_continuous_manhatan,dissimilarity_proximity_continuous_euclidean,dissimilarity_proximity_continuous_mad,distance_l2_jaccard,distance_mad_hamming,sparsity,flow_log_density_cfs,flow_log_density_xs,flow_prob_condition_acc,lof_scores_xs,lof_scores_cfs,isolation_forest_scores_xs,isolation_forest_scores_cfs,plausibility,cf_belongs_to_group,K_vectors,time
1.0,1.0,,0.0,1.7261183429509401,0.49407678231135804,33.105594635009766,0.49407678231135804,,1.0,5.1913909912109375,10.069727897644043,0.25,0.9997546,1.1189378,0.06182620252626877,0.04704617403116101,0.6116295430009436,1.0,12,21.689574718475342
1.0,1.0,,0.0,1.925950796653827,0.5357916491440079,29.036282857259113,0.5357916491440079,,1.0,-4.562961578369141,8.596047401428223,0.0,1.0629584,1.251203,0.03866811488002999,0.005375049852035717,0.7010755474036348,1.0,12,22.160149812698364
1.0,1.0,,0.0,1.7301707785915246,0.482795597454855,25.8055683482777,0.482795597454855,,1.0,4.360972881317139,10.162012100219727,0.09090909361839294,1.026674,1.0950919,0.051374524523546745,0.05337988246624049,0.6707855602084828,1.0,11,19.32333207130432
1.0,1.0,,0.0,1.5851166962335508,0.4415622047693619,27.10159508387248,0.4415622047693619,,1.0,1.4899030923843384,11.449649810791016,0.0833333358168602,1.0196847,1.1417662,0.060960294336208365,0.03422860506491953,0.6025752547480964,1.0,12,19.85306215286255
1.0,1.0,,0.0,1.1881258586848464,0.3324770766264203,19.719268520673115,0.3324770766264203,,1.0,5.4338059425354,8.529040336608887,0.4166666567325592,1.0268525,1.0697938,0.06827713002356005,0.06449242786115039,0.6486063117299472,1.0,12,18.846220016479492
