model_returned_smth,valid_cf_disc,dissimilarity_proximity_categorical_hamming,dissimilarity_proximity_categorical_jaccard,dissimilarity_proximity_continuous_manhatan,dissimilarity_proximity_continuous_euclidean,dissimilarity_proximity_continuous_mad,distance_l2_jaccard,distance_mad_hamming,sparsity,flow_log_density_cfs,flow_log_density_xs,flow_prob_condition_acc,lof_scores_xs,lof_scores_cfs,isolation_forest_scores_xs,isolation_forest_scores_cfs,plausibility,cf_belongs_to_group,K_vectors,time
1.0,1.0,,0.0,1.6169652151376275,0.462156028241015,23.945183413369314,0.462156028241015,,1.0,-4.170649528503418,6.307947635650635,0.2142857164144516,1.0790836,1.1142664,0.04577653569644395,0.04680660660798546,0.6594704758039,1.0,14,21.283092975616455
1.0,1.0,,0.0,1.2687809973179052,0.3574857205768689,16.691767660776772,0.3574857205768689,,1.0,-9.016280174255371,5.772435665130615,0.06666667014360428,1.1365106,1.1684223,0.03455083084584508,0.0386357604163144,0.7276977036185228,1.0,15,18.274722814559937
1.0,1.0,,0.0,1.4116470565876136,0.39536231310527287,17.478088012108437,0.39536231310527287,,1.0,-8.301368713378906,4.943509578704834,0.07692307978868484,1.1473676,1.2067734,0.030362108568323852,0.031474874360981585,0.627289527122628,1.0,13,19.643943309783936
1.0,1.0,,0.0,1.3204575658131104,0.369350044263426,16.318426792438213,0.369350044263426,,1.0,-5.677510738372803,7.464130878448486,0.0,1.0556155,1.1115649,0.05740344475534685,0.04794545845525081,0.5891600682163601,1.0,13,20.133121967315674
1.0,1.0,,0.0,1.4109107025765948,0.3961622246144399,17.99958542415074,0.3961622246144399,,1.0,-7.093906879425049,2.802356004714966,0.0,1.1260798,1.2178129,0.03490507290989576,0.03452825556814674,0.6704124534940014,1.0,14,19.99490785598755
