model_returned_smth,valid_cf_disc,dissimilarity_proximity_categorical_hamming,dissimilarity_proximity_categorical_jaccard,dissimilarity_proximity_continuous_manhatan,dissimilarity_proximity_continuous_euclidean,dissimilarity_proximity_continuous_mad,distance_l2_jaccard,distance_mad_hamming,sparsity,flow_log_density_cfs,flow_log_density_xs,flow_prob_condition_acc,lof_scores_xs,lof_scores_cfs,isolation_forest_scores_xs,isolation_forest_scores_cfs,plausibility,cf_belongs_to_group,K_vectors,time
1.0,1.0,,0.0,1.3465091695377072,0.4165185738012804,19.733412402016775,0.4165185738012804,,1.0,-3.511075735092163,6.307947635650635,0.1428571492433548,1.0790836,1.1041183,0.04577653569644395,0.052202606860946354,0.6514539769973433,1.0,1,43.73743724822998
1.0,1.0,,0.0,1.095086100930348,0.34470999662106244,14.34508589108785,0.34470999662106244,,1.0,-5.612590312957764,5.772435665130615,0.06666667014360428,1.1365106,1.1805063,0.03455083084584508,0.03698907892210452,0.6929947359404997,1.0,1,40.08092403411865
1.0,1.0,,0.0,1.536820643939651,0.45758079745680946,18.900469871667717,0.45758079745680946,,1.0,-7.309913635253906,4.943509578704834,0.07692307978868484,1.1473676,1.2233484,0.030362108568323852,0.030221508936503824,0.6158574477863927,1.0,1,44.874820709228516
1.0,1.0,,0.0,1.1146632772512162,0.34117216628640623,13.550250126765324,0.34117216628640623,,1.0,-3.3553738594055176,7.464130878448486,0.07692307978868484,1.0556155,1.1030831,0.05740344475534685,0.05199345373242429,0.5832897751968266,1.0,1,41.37111020088196
1.0,1.0,,0.0,1.6129917434549756,0.4552405880736451,20.307068961007253,0.4552405880736451,,1.0,-8.276019096374512,2.802356004714966,0.0,1.1260798,1.2481648,0.03490507290989576,0.027383797139470974,0.6731165885623539,1.0,1,22.78991174697876
