model_returned_smth,valid_cf_disc,dissimilarity_proximity_categorical_hamming,dissimilarity_proximity_categorical_jaccard,dissimilarity_proximity_continuous_manhatan,dissimilarity_proximity_continuous_euclidean,dissimilarity_proximity_continuous_mad,distance_l2_jaccard,distance_mad_hamming,sparsity,flow_log_density_cfs,flow_log_density_xs,flow_prob_condition_acc,lof_scores_xs,lof_scores_cfs,isolation_forest_scores_xs,isolation_forest_scores_cfs,plausibility,cf_belongs_to_group,K_vectors,time
1.0,1.0,,0.0,1.6223232878372074,0.45245286116265104,31.14712562561035,0.45245286116265104,,1.0,-1.7524473667144775,8.334005355834961,0.0,1.0022242,1.0448948,0.0191486683142629,0.034153780249344984,0.6981878064781954,1.0,10,22.42438006401062
1.0,1.0,,0.0,1.588539049236311,0.4443128227689137,35.34756999545627,0.4443128227689137,,1.0,-2.000309944152832,7.997354984283447,0.0,1.0709856,1.1430994,0.026587892685481434,0.03150202757728316,0.6472020786472973,1.0,9,21.93595290184021
1.0,1.0,,0.0,1.18804354860913,0.34078581316213125,20.776287317276,0.34078581316213125,,1.0,-2.341362476348877,7.742878437042236,0.0,1.0431072,1.0973622,0.036967402700965456,0.04346252515145536,0.7300894564512316,1.0,12,18.556310892105103
1.0,1.0,,0.0,1.3800711566582322,0.3835750026317536,27.318794202804565,0.3835750026317536,,1.0,-2.892726421356201,8.7344970703125,0.0,1.0112998,1.0289345,0.03077618428203105,0.040165494665152505,0.6314429318624685,1.0,10,10.35929274559021
1.0,1.0,,0.0,1.3434369714620213,0.3789558766054529,24.62658797370063,0.3789558766054529,,1.0,-0.7260873317718506,7.96864128112793,0.0,1.035484,1.0886544,0.03987465267116032,0.03515175303592738,0.6925435474659937,1.0,9,20.662471055984497
