model_returned_smth,valid_cf_disc,dissimilarity_proximity_categorical_hamming,dissimilarity_proximity_categorical_jaccard,dissimilarity_proximity_continuous_manhatan,dissimilarity_proximity_continuous_euclidean,dissimilarity_proximity_continuous_mad,distance_l2_jaccard,distance_mad_hamming,sparsity,flow_log_density_cfs,flow_log_density_xs,flow_prob_condition_acc,lof_scores_xs,lof_scores_cfs,isolation_forest_scores_xs,isolation_forest_scores_cfs,plausibility,cf_belongs_to_group,K_vectors,time
1.0,1.0,,0.0,2.611890638060868,0.7952362587349742,55.12573356628418,0.7952362587349742,,1.0,8.1650390625,8.752592086791992,1.0,1.0022242,1.0170097,0.0191486683142629,0.07073183118932828,0.4836437302972145,1.0,1,5.449851989746094
1.0,1.0,,0.0,2.5075179092172117,0.8674345549333818,54.87890264723036,0.8674345549333818,,1.0,8.924038887023926,8.653783798217773,0.5555555820465088,1.0709856,1.0308855,0.026587892685481434,0.05809670653014366,0.5707181463950921,1.0,1,9.301491022109985
1.0,1.0,,0.0,2.217899781948125,0.717943017738537,39.390498421408914,0.717943017738537,,1.0,7.6540117263793945,7.683607578277588,0.7272727489471436,1.0447899,1.0528537,0.03809032779667991,0.05948341451968104,0.5626657099488104,1.0,1,10.105668067932129
1.0,1.0,,0.0,2.6375454442782535,0.8569027645775509,71.02137247721355,0.8569027645775509,,1.0,8.510734558105469,8.237674713134766,0.7777777910232544,1.0102671,1.0102961,0.02812516800084696,0.06856697526818513,0.45744598585079754,1.0,1,10.096636056900024
1.0,0.8999999761581421,,0.0,2.25002519470743,0.7557453509479755,37.75941573248969,0.7557453509479755,,1.0,7.581784725189209,8.147812843322754,0.5555555820465088,1.0389044,1.0468838,0.039524966944850366,0.053534640872969476,0.5053308262650575,1.0,1,6.449818134307861
