model_returned_smth,valid_cf_disc,dissimilarity_proximity_categorical_hamming,dissimilarity_proximity_categorical_jaccard,dissimilarity_proximity_continuous_manhatan,dissimilarity_proximity_continuous_euclidean,dissimilarity_proximity_continuous_mad,distance_l2_jaccard,distance_mad_hamming,sparsity,flow_log_density_cfs,flow_log_density_xs,flow_prob_condition_acc,lof_scores_xs,lof_scores_cfs,isolation_forest_scores_xs,isolation_forest_scores_cfs,plausibility,cf_belongs_to_group,K_vectors,time
1.0,1.0,,0.0,2.635211278834114,0.8694046780490854,38.628349031720845,0.8694046780490854,,1.0,-24.307741165161133,6.307947635650635,0.0,1.0790836,1.2937467,0.04577653569644395,0.005962891032380584,0.6877666398565652,1.0,1,61.87017107009888
1.0,1.0,,0.0,1.7230017621535807,0.5465188615440072,22.25964724222819,0.5465188615440072,,1.0,-5.165826797485352,5.772435665130615,0.0,1.1365106,1.2115748,0.03455083084584508,0.019483398423563836,0.6641247886860547,1.0,1,35.971513986587524
1.0,1.0,,0.0,2.110428207912124,0.6336001596244827,26.077924728393555,0.6336001596244827,,1.0,-5.999117851257324,4.943509578704834,0.07692307978868484,1.1473676,1.2813121,0.030362108568323852,0.015752338738815156,0.6051978715583259,1.0,1,39.113672971725464
1.0,1.0,,0.0,1.4140216362877533,0.4657645698801238,17.148886313805214,0.4657645698801238,,1.0,-3.5010828971862793,7.464130878448486,0.07692307978868484,1.0556155,1.1281244,0.05740344475534685,0.044050742845082175,0.5859409916950751,1.0,1,48.290977001190186
1.0,1.0,,0.0,1.7366228605221425,0.5109677204506407,22.687459673200333,0.5109677204506407,,1.0,-7.558377742767334,2.802356004714966,0.0,1.1260798,1.2596322,0.03490507290989576,0.026246165434117275,0.6454630329697267,1.0,1,33.828073024749756
