model_returned_smth,valid_cf_disc,dissimilarity_proximity_categorical_hamming,dissimilarity_proximity_categorical_jaccard,dissimilarity_proximity_continuous_manhatan,dissimilarity_proximity_continuous_euclidean,dissimilarity_proximity_continuous_mad,distance_l2_jaccard,distance_mad_hamming,sparsity,flow_log_density_cfs,flow_log_density_xs,flow_prob_condition_acc,lof_scores_xs,lof_scores_cfs,isolation_forest_scores_xs,isolation_forest_scores_cfs,plausibility,cf_belongs_to_group,K_vectors,time
1.0,1.0,,0.0,1.6084828514971636,0.4805063846931427,23.147831916809082,0.4805063846931427,,1.0,7.5727105140686035,6.307947635650635,1.0,1.0790836,1.0249859,0.04577653569644395,0.08064180625520208,0.5257218635835409,1.0,14,5.03219199180603
1.0,1.0,,0.0,1.5862503623745094,0.46998252860799716,21.158099333445232,0.46998252860799716,,1.0,8.822342872619629,5.772435665130615,1.0,1.1365106,1.0490477,0.03455083084584508,0.07179754322266094,0.5363152176203517,1.0,15,5.037665128707886
1.0,1.0,,0.0,1.5663613836066081,0.47006979955836287,19.374056742741512,0.47006979955836287,,1.0,8.877801895141602,4.943509578704834,1.0,1.1473676,1.0750126,0.030362108568323852,0.07361537864971074,0.5066060241777545,1.0,13,5.05472207069397
1.0,1.0,,0.0,1.3546352754705226,0.4023286641185865,17.521135843717136,0.4023286641185865,,1.0,8.498337745666504,7.464130878448486,1.0,1.0556155,1.0243151,0.05740344475534685,0.08551491982061779,0.45793968515634653,1.0,13,5.048641204833984
1.0,1.0,,0.0,1.4520032774390919,0.4374333970191541,18.800318786076136,0.4374333970191541,,1.0,7.55165958404541,2.802356004714966,1.0,1.1260798,1.0608746,0.03490507290989576,0.06477445137178105,0.5264635309924091,1.0,14,5.075625896453857
