model_returned_smth,valid_cf_disc,dissimilarity_proximity_categorical_hamming,dissimilarity_proximity_categorical_jaccard,dissimilarity_proximity_continuous_manhatan,dissimilarity_proximity_continuous_euclidean,dissimilarity_proximity_continuous_mad,distance_l2_jaccard,distance_mad_hamming,sparsity,flow_log_density_cfs,flow_log_density_xs,flow_prob_condition_acc,lof_scores_xs,lof_scores_cfs,isolation_forest_scores_xs,isolation_forest_scores_cfs,plausibility,cf_belongs_to_group,K_vectors,time
1.0,1.0,,0.0,2.3998890237882735,0.7385612589679128,52.5777889251709,0.7385612589679128,,1.0,8.336599349975586,8.334005355834961,1.0,1.0022242,1.014098,0.0191486683142629,0.0725685917664826,0.5213109313622003,1.0,1,5.1029791831970215
1.0,1.0,,0.0,2.529399695702725,0.8892369063493576,54.47244665357802,0.8892369063493576,,1.0,8.47202205657959,7.997354984283447,0.4444444477558136,1.0709856,1.029154,0.026587892685481434,0.05776270755470517,0.5379543500327034,1.0,1,8.441098928451538
1.0,1.0,,0.0,2.314272111786219,0.727402119621277,38.192713260650635,0.727402119621277,,1.0,8.539088249206543,7.742878437042236,0.5833333134651184,1.0431072,1.0557483,0.036967402700965456,0.060339653411418316,0.5358107979368866,1.0,1,10.566693782806396
1.0,1.0,,0.0,2.5324070485308767,0.8209006335438154,54.38650054931641,0.8209006335438154,,1.0,8.43152904510498,8.7344970703125,0.699999988079071,1.0112998,1.0158685,0.03077618428203105,0.06452143797012821,0.46598187081945913,1.0,1,6.668811082839966
1.0,1.0,,0.0,2.266047880622662,0.7341737805221066,37.95028644137912,0.7341737805221066,,1.0,8.195088386535645,7.96864128112793,0.5555555820465088,1.035484,1.0539728,0.03987465267116032,0.06046152929936485,0.5152307740344777,1.0,1,8.342984914779663
