model_returned_smth,valid_cf_disc,dissimilarity_proximity_categorical_hamming,dissimilarity_proximity_categorical_jaccard,dissimilarity_proximity_continuous_manhatan,dissimilarity_proximity_continuous_euclidean,dissimilarity_proximity_continuous_mad,distance_l2_jaccard,distance_mad_hamming,sparsity,flow_log_density_cfs,flow_log_density_xs,flow_prob_condition_acc,lof_scores_xs,lof_scores_cfs,isolation_forest_scores_xs,isolation_forest_scores_cfs,plausibility,cf_belongs_to_group,K_vectors,time
1.0,1.0,,0.0,2.259135686047375,0.7073426352229789,48.62312049865723,0.7073426352229789,,1.0,8.43567180633545,8.752592086791992,1.0,1.0022242,1.0122485,0.0191486683142629,0.06552606912763184,0.48428928375975067,1.0,3,18.30693292617798
1.0,0.8999999761581421,,0.0,2.788310664602452,0.8870693368297187,59.691188388400604,0.8870693368297187,,1.0,9.695356369018555,8.653783798217773,1.0,1.0707855,1.027435,0.028098167231983807,0.06649157312932907,0.5182877997889094,1.0,4,31.332794189453125
1.0,1.0,,0.0,2.2645240448499946,0.6904951846560861,38.66210278597745,0.6904951846560861,,1.0,7.910093307495117,7.683607578277588,1.0,1.0447899,1.0404477,0.03809032779667991,0.07238608227170823,0.5935411588894267,1.0,6,10.709394216537476
1.0,1.0,,0.0,2.4289407723893723,0.7684832103929201,66.10387251112196,0.7684832103929201,,1.0,9.691953659057617,8.237674713134766,1.0,1.0102671,1.0031734,0.02812516800084696,0.08215807047236814,0.451902656480626,1.0,4,12.811223030090332
1.0,0.8999999761581421,,0.0,2.1951067693428032,0.6955370582727907,35.99161148071289,0.6955370582727907,,1.0,7.724971294403076,8.147812843322754,1.0,1.0389044,1.034281,0.039524966944850366,0.0618599585685697,0.4779550510424568,1.0,3,16.77457594871521
