model_returned_smth,valid_cf_disc,dissimilarity_proximity_categorical_hamming,dissimilarity_proximity_categorical_jaccard,dissimilarity_proximity_continuous_manhatan,dissimilarity_proximity_continuous_euclidean,dissimilarity_proximity_continuous_mad,distance_l2_jaccard,distance_mad_hamming,sparsity,flow_log_density_cfs,flow_log_density_xs,flow_prob_condition_acc,lof_scores_xs,lof_scores_cfs,isolation_forest_scores_xs,isolation_forest_scores_cfs,plausibility,cf_belongs_to_group,K_vectors,time
1.0,1.0,,0.0,1.689535905296604,0.5005693140908098,31.891081015268963,0.5005693140908098,,1.0,4.354169845581055,10.479351997375488,0.1666666716337204,0.9997546,1.0969762,0.06182620252626877,0.05107189025313641,0.6006925407140098,1.0,3,34.84832310676575
1.0,1.0,,0.0,2.5860651545226574,0.7383918164476881,38.42210149765015,0.7383918164476881,,1.0,-28.919143676757812,8.53390121459961,0.0,1.0629584,1.2174525,0.03866811488002999,-0.0005533362455415053,0.6306005330541007,1.0,3,30.789446115493774
1.0,1.0,,0.0,2.1717778244479136,0.6365279526998914,33.522816918113016,0.6365279526998914,,1.0,3.746440887451172,9.984206199645996,0.27272728085517883,1.026674,1.1225743,0.051374524523546745,0.04220833011714252,0.6161396644908255,1.0,2,31.15522813796997
1.0,1.0,,0.0,1.938281671454509,0.5907379462857575,32.452385107676186,0.5907379462857575,,1.0,-1.2956267595291138,11.642682075500488,0.0833333358168602,1.0196847,1.130062,0.060960294336208365,0.03884580340386798,0.5906980319305453,1.0,3,48.81293487548828
1.0,1.0,,0.0,1.7690574635158887,0.49807215719279463,30.582398674704812,0.49807215719279463,,1.0,7.082658290863037,10.311026573181152,0.7272727489471436,1.0128188,1.0778214,0.07449313945029798,0.05207915291945264,0.6422374250459143,1.0,4,25.924082040786743
