model_returned_smth,valid_cf_disc,dissimilarity_proximity_categorical_hamming,dissimilarity_proximity_categorical_jaccard,dissimilarity_proximity_continuous_manhatan,dissimilarity_proximity_continuous_euclidean,dissimilarity_proximity_continuous_mad,distance_l2_jaccard,distance_mad_hamming,sparsity,flow_log_density_cfs,flow_log_density_xs,flow_prob_condition_acc,lof_scores_xs,lof_scores_cfs,isolation_forest_scores_xs,isolation_forest_scores_cfs,plausibility,cf_belongs_to_group,K_vectors,time
1.0,1.0,,0.0,1.4400399054090183,0.4332116915930291,24.461622953414917,0.4332116915930291,,1.0,7.314855098724365,10.069727897644043,1.0,0.9997546,1.037148,0.06182620252626877,0.07165101572420661,0.5763910975337511,1.0,12,4.995915174484253
1.0,1.0,,0.0,1.7733423883716266,0.5610036066643783,22.740389744440716,0.5610036066643783,,1.0,8.579257011413574,8.596047401428223,1.0,1.0629584,1.0293776,0.03866811488002999,0.07795415035815743,0.4521021745904659,1.0,12,4.942394971847534
1.0,1.0,,0.0,1.6002431075004013,0.49366302264324596,23.057846329428934,0.49366302264324596,,1.0,8.784137725830078,10.162012100219727,1.0,1.026674,1.0055019,0.051374524523546745,0.09251456290806104,0.5800780251376704,1.0,11,5.013735055923462
1.0,1.0,,0.0,1.347186145062248,0.44971418500782107,20.91826581954956,0.44971418500782107,,1.0,8.373905181884766,11.449649810791016,1.0,1.0196847,1.0092518,0.060960294336208365,0.09177201063992292,0.5045333844279284,1.0,12,4.969690799713135
1.0,1.0,,0.0,1.1557384839397855,0.337974164136383,19.09140928586324,0.337974164136383,,1.0,7.7430267333984375,8.529040336608887,1.0,1.0268525,1.0250899,0.06827713002356005,0.075923003959338,0.6413418607439255,1.0,12,5.011634826660156
