model_returned_smth,valid_cf_disc,dissimilarity_proximity_categorical_hamming,dissimilarity_proximity_categorical_jaccard,dissimilarity_proximity_continuous_manhatan,dissimilarity_proximity_continuous_euclidean,dissimilarity_proximity_continuous_mad,distance_l2_jaccard,distance_mad_hamming,sparsity,flow_log_density_cfs,flow_log_density_xs,flow_prob_condition_acc,lof_scores_xs,lof_scores_cfs,isolation_forest_scores_xs,isolation_forest_scores_cfs,plausibility,cf_belongs_to_group,K_vectors,time
1.0,1.0,,0.0,1.5273704299082358,0.4705877228053507,28.046862443288166,0.4705877228053507,,1.0,5.326528549194336,10.069727897644043,0.5,0.9997546,1.0797089,0.06182620252626877,0.05486521678920111,0.592861691123226,1.0,3,37.48072910308838
1.0,1.0,,0.0,1.8552194312214851,0.5400627034370761,27.151386102040608,0.5400627034370761,,1.0,-3.1882457733154297,8.596047401428223,0.0,1.0629584,1.2077008,0.03866811488002999,0.01609482036852125,0.6683397861716233,1.0,3,40.559443950653076
1.0,1.0,,0.0,1.8059883947399529,0.553051342200921,27.110929575833406,0.553051342200921,,1.0,5.035857200622559,10.162012100219727,0.27272728085517883,1.026674,1.1178546,0.051374524523546745,0.03467426641713078,0.627374860481904,1.0,3,51.063090085983276
1.0,1.0,,0.0,2.1526104571918645,0.6069689904332293,35.67697890599569,0.6069689904332293,,1.0,1.157034993171692,11.449649810791016,0.0833333358168602,1.0196847,1.1920284,0.060960294336208365,0.017473859285963293,0.6112170923467983,1.0,3,31.024850845336914
1.0,1.0,,0.0,1.4343298920236218,0.41391082868020074,23.13024703661601,0.41391082868020074,,1.0,6.113913059234619,8.529040336608887,0.5833333134651184,1.0268525,1.0793022,0.06827713002356005,0.0567254956822561,0.6213780461608137,1.0,4,34.95878076553345
