model_returned_smth,valid_cf_disc,dissimilarity_proximity_categorical_hamming,dissimilarity_proximity_categorical_jaccard,dissimilarity_proximity_continuous_manhatan,dissimilarity_proximity_continuous_euclidean,dissimilarity_proximity_continuous_mad,distance_l2_jaccard,distance_mad_hamming,sparsity,flow_log_density_cfs,flow_log_density_xs,flow_prob_condition_acc,lof_scores_xs,lof_scores_cfs,isolation_forest_scores_xs,isolation_forest_scores_cfs,plausibility,cf_belongs_to_group,K_vectors,time
1.0,1.0,,0.0,1.8743200151249766,0.5278282080793797,36.82776927947998,0.5278282080793797,,1.0,2.4102768898010254,8.752592086791992,0.0,1.0022242,1.0510852,0.0191486683142629,0.031072700394054076,0.6795925979044037,1.0,3,32.42715883255005
1.0,1.0,,0.0,2.152414710364408,0.6083755369871289,47.92679807874892,0.6083755369871289,,1.0,-2.2087206840515137,8.653783798217773,0.1111111119389534,1.0709856,1.2112927,0.026587892685481434,0.01608897903483908,0.667588454852563,1.0,3,24.208853006362915
1.0,1.0,,0.0,1.5547147368250245,0.4665189951441308,28.71693871238015,0.4665189951441308,,1.0,4.661308288574219,7.683607578277588,0.09090909361839294,1.0447899,1.0974364,0.03809032779667991,0.04962229491238799,0.6396114364129734,1.0,3,32.22101020812988
1.0,1.0,,0.0,1.8244152137388785,0.5193498105628738,43.10548612806532,0.5193498105628738,,1.0,-8.30671215057373,8.237674713134766,0.1111111119389534,1.0102671,1.0409234,0.02812516800084696,0.04327264233333655,0.5806426746582045,1.0,2,29.616108179092407
1.0,1.0,,0.0,1.7415365702472627,0.4950165492255223,32.145644929673935,0.4950165492255223,,1.0,0.29586538672447205,8.147812843322754,0.0,1.035484,1.1151316,0.03987465267116032,0.02531596704444157,0.6554793523830411,1.0,4,23.62941026687622
