model_returned_smth,valid_cf_disc,dissimilarity_proximity_categorical_hamming,dissimilarity_proximity_categorical_jaccard,dissimilarity_proximity_continuous_manhatan,dissimilarity_proximity_continuous_euclidean,dissimilarity_proximity_continuous_mad,distance_l2_jaccard,distance_mad_hamming,sparsity,flow_log_density_cfs,flow_log_density_xs,flow_prob_condition_acc,lof_scores_xs,lof_scores_cfs,isolation_forest_scores_xs,isolation_forest_scores_cfs,plausibility,cf_belongs_to_group,K_vectors,time
1.0,1.0,,0.0,2.218022715859115,0.6168605453890654,41.75677833557129,0.6168605453890654,,1.0,-0.15103912353515625,8.752592086791992,0.0,1.0022242,1.0868921,0.0191486683142629,0.017783424364948543,0.7272406960305253,1.0,1,14.280818939208984
1.0,1.0,,0.0,2.5056692984782987,0.697483602534515,55.94846937391493,0.697483602534515,,1.0,-3.1310853958129883,8.653783798217773,0.1111111119389534,1.0709856,1.2575525,0.026587892685481434,0.004745079141379289,0.7100762277405438,1.0,1,14.697704792022705
1.0,1.0,,0.0,1.5781059924259104,0.5040091128432063,29.80512827092951,0.5040091128432063,,1.0,4.427161693572998,7.683607578277588,0.09090909361839294,1.0447899,1.0906959,0.03809032779667991,0.04325603316949477,0.6310361426519346,1.0,1,35.3158802986145
1.0,1.0,,0.0,2.048789638818966,0.5707980221937962,49.93026648627387,0.5707980221937962,,1.0,-7.15024471282959,8.237674713134766,0.1111111119389534,1.0102671,1.0494661,0.02812516800084696,0.040056417222794106,0.5929680670138779,1.0,1,21.963413953781128
1.0,1.0,,0.0,1.9547740234993398,0.56319948321254,36.697037590874565,0.56319948321254,,1.0,0.6958906650543213,8.147812843322754,0.0,1.035484,1.1138622,0.03987465267116032,0.017619214113043378,0.6406616634604281,1.0,1,23.510238885879517
