model_returned_smth,valid_cf_disc,dissimilarity_proximity_categorical_hamming,dissimilarity_proximity_categorical_jaccard,dissimilarity_proximity_continuous_manhatan,dissimilarity_proximity_continuous_euclidean,dissimilarity_proximity_continuous_mad,distance_l2_jaccard,distance_mad_hamming,sparsity,flow_log_density_cfs,flow_log_density_xs,flow_prob_condition_acc,lof_scores_xs,lof_scores_cfs,isolation_forest_scores_xs,isolation_forest_scores_cfs,plausibility,cf_belongs_to_group,K_vectors,time
1.0,1.0,,0.0,1.4552303838233154,0.49873942224132617,23.624459266662598,0.49873942224132617,,1.0,4.301842212677002,10.479351997375488,0.1666666716337204,0.9997546,1.0759448,0.06182620252626877,0.05078479224476714,0.6098210316236379,1.0,1,50.19275379180908
1.0,1.0,,0.0,2.6158287537594638,0.8544972437993446,37.38885052998861,0.8544972437993446,,1.0,-13.903752326965332,8.53390121459961,0.0,1.0629584,1.1679925,0.03866811488002999,-0.005284957747933565,0.6319527741165656,1.0,1,64.0617368221283
1.0,1.0,,0.0,2.0746430087495935,0.7291838482537657,31.616655349731445,0.7291838482537657,,1.0,2.1789515018463135,9.984206199645996,0.0,1.026674,1.1449409,0.051374524523546745,0.0068664134696936885,0.612981275141421,1.0,1,48.61928176879883
1.0,1.0,,0.0,2.2789102600266538,0.7522202800161167,35.3209114074707,0.7522202800161167,,1.0,0.28968921303749084,11.642682075500488,0.0,1.0196847,1.1108589,0.060960294336208365,0.02664318948485901,0.5785696387453406,1.0,1,64.09065127372742
1.0,1.0,,0.0,1.625719696960666,0.5230549690363181,27.352385954423383,0.5230549690363181,,1.0,7.002674579620361,10.311026573181152,0.5454545617103577,1.0128188,1.075308,0.07449313945029798,0.04201311255134837,0.6356867247275396,1.0,1,44.09129500389099
