model_returned_smth,valid_cf_disc,dissimilarity_proximity_categorical_hamming,dissimilarity_proximity_categorical_jaccard,dissimilarity_proximity_continuous_manhatan,dissimilarity_proximity_continuous_euclidean,dissimilarity_proximity_continuous_mad,distance_l2_jaccard,distance_mad_hamming,sparsity,flow_log_density_cfs,flow_log_density_xs,flow_prob_condition_acc,lof_scores_xs,lof_scores_cfs,isolation_forest_scores_xs,isolation_forest_scores_cfs,plausibility,cf_belongs_to_group,K_vectors,time
1.0,1.0,,0.0,1.7064035923519572,0.5133221151910791,25.888694013868058,0.5133221151910791,,1.0,-2.6755011081695557,6.247609615325928,0.1428571492433548,1.0790836,1.1116141,0.04577653569644395,0.05208722780045448,0.597822722724114,1.0,1,45.442223072052
1.0,1.0,,0.0,1.2661914359622946,0.3865983738392107,16.903804874420167,0.3865983738392107,,1.0,-3.157956123352051,5.3093180656433105,0.2666666805744171,1.1365106,1.1871612,0.03455083084584508,0.04184512139996864,0.6438851829968928,1.0,1,39.189677238464355
1.0,1.0,,0.0,1.3691826237897788,0.4525492971070188,15.519559485571724,0.4525492971070188,,1.0,-1.7001672983169556,5.057529926300049,0.0714285746216774,1.1385983,1.1980065,0.029951617002594043,0.0359227052920716,0.642479435882166,1.0,1,42.87177896499634
1.0,1.0,,0.0,1.064248458482325,0.3438937875977253,13.739808414663587,0.3438937875977253,,1.0,-4.9406256675720215,6.70698881149292,0.0,1.053114,1.1111721,0.05720572233087119,0.056727150596025774,0.5795944635653582,1.0,1,42.212157011032104
1.0,1.0,,0.0,1.5648884534991037,0.48791602498624154,19.848487663269044,0.48791602498624154,,1.0,-3.1896395683288574,2.5776145458221436,0.06666667014360428,1.1297562,1.2408412,0.03257146980453223,0.03129078146323319,0.6175195476068224,1.0,1,42.60133123397827
