model_returned_smth,valid_cf_disc,dissimilarity_proximity_categorical_hamming,dissimilarity_proximity_categorical_jaccard,dissimilarity_proximity_continuous_manhatan,dissimilarity_proximity_continuous_euclidean,dissimilarity_proximity_continuous_mad,distance_l2_jaccard,distance_mad_hamming,sparsity,flow_log_density_cfs,flow_log_density_xs,flow_prob_condition_acc,lof_scores_xs,lof_scores_cfs,isolation_forest_scores_xs,isolation_forest_scores_cfs,plausibility,cf_belongs_to_group,K_vectors,time
1.0,1.0,,0.0,2.1460632150826444,0.7747222186108276,34.45308494567871,0.7747222186108276,,1.0,5.015575885772705,6.247609615325928,0.5,1.0790836,1.1308101,0.04577653569644395,0.03831681595289488,0.549244872731237,1.0,1,9.002124071121216
1.0,1.0,,0.0,2.2960040064561844,0.7091022482929282,35.07742289134434,0.7091022482929282,,1.0,5.33972692489624,6.559607028961182,0.2142857164144516,1.1047887,1.1844305,0.04014802950294273,0.02693118324093462,0.5405964097835845,1.0,1,9.080631971359253
1.0,1.0,,0.0,1.7064884376640503,0.6361251095753004,21.880475741166336,0.6361251095753004,,1.0,5.958639144897461,5.153622150421143,0.4615384638309479,1.1473676,1.1807892,0.030362108568323852,0.031128985414697084,0.5659363232973941,1.0,1,8.647099018096924
1.0,1.0,,0.0,2.245401653676079,0.7370946526942878,33.62064566979041,0.7370946526942878,,1.0,4.800238609313965,6.859885215759277,0.1538461595773697,1.051993,1.1010392,0.05658256149369005,0.03832786011402811,0.4925069695841733,1.0,1,7.77225399017334
1.0,1.0,,0.0,2.1567633392821466,0.7688560874020398,30.576159613473074,0.7688560874020398,,1.0,3.5090651512145996,2.8697726726531982,0.4285714328289032,1.1260798,1.1417689,0.03490507290989576,0.0419022077103259,0.48406892290986275,1.0,1,12.214769124984741
