model_returned_smth,valid_cf_disc,dissimilarity_proximity_categorical_hamming,dissimilarity_proximity_categorical_jaccard,dissimilarity_proximity_continuous_manhatan,dissimilarity_proximity_continuous_euclidean,dissimilarity_proximity_continuous_mad,distance_l2_jaccard,distance_mad_hamming,sparsity,flow_log_density_cfs,flow_log_density_xs,flow_prob_condition_acc,lof_scores_xs,lof_scores_cfs,isolation_forest_scores_xs,isolation_forest_scores_cfs,plausibility,cf_belongs_to_group,K_vectors,time
1.0,1.0,,0.0,1.4846693885545912,0.46275214141839344,22.495071138654435,0.46275214141839344,,1.0,-2.292048692703247,6.247609615325928,0.1428571492433548,1.0790836,1.0959494,0.04577653569644395,0.059401170156898234,0.6045220206748738,1.0,3,76.52447319030762
1.0,1.0,,0.0,1.2783148310612886,0.4074728453649644,16.49555835723877,0.4074728453649644,,1.0,-0.9004253149032593,5.3093180656433105,0.13333334028720856,1.1365106,1.1923234,0.03455083084584508,0.04005470268635664,0.6253803363879928,1.0,4,58.5022029876709
1.0,1.0,,0.0,1.7634949725387352,0.5545989189898445,19.84075709751674,0.5545989189898445,,1.0,-0.7710930705070496,5.057529926300049,0.0714285746216774,1.1385983,1.2492622,0.029951617002594043,0.02472308274991214,0.6379268144051162,1.0,2,37.58359503746033
1.0,1.0,,0.0,1.1332824848858374,0.37216966600592966,14.47018153326852,0.37216966600592966,,1.0,-4.2610273361206055,6.70698881149292,0.0,1.053114,1.1064308,0.05720572233087119,0.05680909137634762,0.5720007569209303,1.0,2,41.86919665336609
1.0,1.0,,0.0,1.4510088789121558,0.44902801634487055,18.691755867004396,0.44902801634487055,,1.0,-3.9773178100585938,2.5776145458221436,0.06666667014360428,1.1297562,1.2202955,0.03257146980453223,0.04273031487469323,0.6464019427584385,1.0,6,40.521713972091675
