model_returned_smth,valid_cf_disc,dissimilarity_proximity_categorical_hamming,dissimilarity_proximity_categorical_jaccard,dissimilarity_proximity_continuous_manhatan,dissimilarity_proximity_continuous_euclidean,dissimilarity_proximity_continuous_mad,distance_l2_jaccard,distance_mad_hamming,sparsity,flow_log_density_cfs,flow_log_density_xs,flow_prob_condition_acc,lof_scores_xs,lof_scores_cfs,isolation_forest_scores_xs,isolation_forest_scores_cfs,plausibility,cf_belongs_to_group,K_vectors,time
1.0,1.0,,0.0,1.4857975548754137,0.46708881110891687,26.567673126856487,0.46708881110891687,,1.0,7.533768177032471,10.479351997375488,1.0,0.9997546,1.0116974,0.06182620252626877,0.08443329714438773,0.5073350366838992,1.0,12,5.412770748138428
1.0,0.9230769276618958,,0.0,1.7004178961118062,0.5524132584858573,21.634379148483276,0.5524132584858573,,1.0,8.814181327819824,8.53390121459961,1.0,1.1027782,1.0582591,0.032323648323602905,0.06351598891834907,0.5022378852015659,1.0,13,6.541214942932129
1.0,1.0,,0.0,1.547750350087881,0.46976727843151694,22.88590808348222,0.46976727843151694,,1.0,7.516834735870361,9.984206199645996,1.0,1.026674,1.0138997,0.051374524523546745,0.080475733551515,0.619560310282906,1.0,11,5.51871395111084
1.0,1.0,,0.0,1.6892290022224188,0.5228014760904863,28.6955304145813,0.5228014760904863,,1.0,9.595124244689941,11.642682075500488,1.0,1.0196847,1.0180386,0.060960294336208365,0.08476851853063772,0.5303178086940081,1.0,12,5.445666790008545
1.0,1.0,,0.0,1.2052021683617071,0.35273424322543956,22.13772929798473,0.35273424322543956,,1.0,7.830718517303467,10.311026573181152,1.0,1.0128188,1.0344207,0.07449313945029798,0.07684503115025741,0.6845097986770624,1.0,11,5.293329954147339
