model_returned_smth,valid_cf_disc,dissimilarity_proximity_categorical_hamming,dissimilarity_proximity_categorical_jaccard,dissimilarity_proximity_continuous_manhatan,dissimilarity_proximity_continuous_euclidean,dissimilarity_proximity_continuous_mad,distance_l2_jaccard,distance_mad_hamming,sparsity,flow_log_density_cfs,flow_log_density_xs,flow_prob_condition_acc,lof_scores_xs,lof_scores_cfs,isolation_forest_scores_xs,isolation_forest_scores_cfs,plausibility,cf_belongs_to_group,K_vectors,time
1.0,1.0,,0.0,1.841212140582502,0.5129563084609172,35.521853065490724,0.5129563084609172,,1.0,1.4636280536651611,8.752592086791992,0.0,1.0022242,1.054851,0.0191486683142629,0.02915272754342909,0.7006558621311468,1.0,1,22.321410655975342
1.0,1.0,,0.0,1.5742092291928,0.4661760146329795,35.415154457092285,0.4661760146329795,,1.0,-2.159904956817627,8.653783798217773,0.0,1.0709856,1.1513455,0.026587892685481434,0.024634937713801,0.6210642532818563,1.0,1,42.58033013343811
1.0,1.0,,0.0,1.2260521645657718,0.38422569951322155,22.4184562292966,0.38422569951322155,,1.0,4.065673828125,7.683607578277588,0.1818181872367859,1.0447899,1.0873381,0.03809032779667991,0.05280898229646475,0.6404439765892515,1.0,1,42.40491986274719
1.0,1.0,,0.0,1.810529995502697,0.5080804717456442,43.5961782667372,0.5080804717456442,,1.0,-8.105942726135254,8.237674713134766,0.1111111119389534,1.0102671,1.0399556,0.02812516800084696,0.0455272445040934,0.5922759181635394,1.0,1,23.38147807121277
1.0,1.0,,0.0,1.597405736386362,0.4662984384966278,30.304275936550564,0.4662984384966278,,1.0,0.5999980568885803,8.147812843322754,0.0,1.035484,1.0947773,0.03987465267116032,0.030202053042605044,0.6570777250902198,1.0,1,23.235644340515137
