model_returned_smth,valid_cf_disc,dissimilarity_proximity_categorical_hamming,dissimilarity_proximity_categorical_jaccard,dissimilarity_proximity_continuous_manhatan,dissimilarity_proximity_continuous_euclidean,dissimilarity_proximity_continuous_mad,distance_l2_jaccard,distance_mad_hamming,sparsity,flow_log_density_cfs,flow_log_density_xs,flow_prob_condition_acc,lof_scores_xs,lof_scores_cfs,isolation_forest_scores_xs,isolation_forest_scores_cfs,plausibility,cf_belongs_to_group,K_vectors,time
1.0,1.0,,0.0,3.1348921807482837,0.9642161920252743,67.60574569702149,0.9642161920252743,,1.0,8.183525085449219,8.752592086791992,1.0,1.0022242,1.0177603,0.0191486683142629,0.07437947849964863,0.4714510227870625,1.0,1,6.543697834014893
1.0,1.0,,0.0,3.0350680220872164,0.9107811027072876,60.6926155090332,0.9107811027072876,,1.0,5.554110050201416,8.653783798217773,0.2222222238779068,1.0709856,1.0926243,0.026587892685481434,0.040333120229174846,0.5965929719680394,1.0,1,9.682790040969849
1.0,0.9166666865348816,,0.0,2.1120613307522778,0.6880229816959806,37.562195171009414,0.6880229816959806,,1.0,7.3626179695129395,7.683607578277588,0.6363636255264282,1.0431072,1.0721141,0.036967402700965456,0.05935997732561937,0.5566999140814451,1.0,1,8.073876142501831
1.0,1.0,,0.0,2.7276226449757814,0.8498601388447441,69.73648071289062,0.8498601388447441,,1.0,7.159879207611084,8.237674713134766,0.1111111119389534,1.0102671,1.0087502,0.02812516800084696,0.06961536889369628,0.47610966225324575,1.0,1,10.377676010131836
1.0,0.8999999761581421,,0.0,2.4922793695392707,0.7949188729596478,40.78629006279839,0.7949188729596478,,1.0,6.765287399291992,8.147812843322754,0.4444444477558136,1.050058,1.0639,0.03587729003698857,0.04350802012977571,0.5318672746601947,1.0,1,8.345196962356567
