model_returned_smth,valid_cf_disc,dissimilarity_proximity_categorical_hamming,dissimilarity_proximity_categorical_jaccard,dissimilarity_proximity_continuous_manhatan,dissimilarity_proximity_continuous_euclidean,dissimilarity_proximity_continuous_mad,distance_l2_jaccard,distance_mad_hamming,sparsity,flow_log_density_cfs,flow_log_density_xs,flow_prob_condition_acc,lof_scores_xs,lof_scores_cfs,isolation_forest_scores_xs,isolation_forest_scores_cfs,plausibility,cf_belongs_to_group,K_vectors,time
1.0,1.0,,0.0,1.9083428867161274,0.6147243641926267,34.57805267969767,0.6147243641926267,,1.0,8.095606803894043,10.479351997375488,1.0,0.9997546,1.0251588,0.06182620252626877,0.08179194206016172,0.47260236355087915,1.0,4,9.074402093887329
1.0,0.9230769276618958,,0.0,2.288894439737002,0.7844401579506375,27.92861557006836,0.7844401579506375,,1.0,9.575909614562988,8.53390121459961,1.0,1.1027782,1.0172651,0.032323648323602905,0.06724805581250211,0.4631471284670429,1.0,5,27.382206916809082
1.0,1.0,,0.0,2.2784659804945644,0.6961197184019352,31.66259661587802,0.6961197184019352,,1.0,8.100137710571289,9.984206199645996,1.0,1.026674,1.0312237,0.051374524523546745,0.07184453879330076,0.5378272567960223,1.0,4,10.789480924606323
1.0,1.0,,0.0,2.04238902280728,0.6733133150494326,34.132749716440834,0.6733133150494326,,1.0,10.719749450683594,11.642682075500488,1.0,1.0196847,1.0057498,0.060960294336208365,0.07894174883639347,0.4632665718530185,1.0,4,36.687618017196655
1.0,1.0,,0.0,1.5675335709344258,0.46330452936531313,27.240291075272992,0.46330452936531313,,1.0,8.994977951049805,10.311026573181152,1.0,1.0128188,1.0259367,0.07449313945029798,0.06876163300875875,0.6302711395688937,1.0,3,30.56361222267151
