model_returned_smth,valid_cf_disc,dissimilarity_proximity_categorical_hamming,dissimilarity_proximity_categorical_jaccard,dissimilarity_proximity_continuous_manhatan,dissimilarity_proximity_continuous_euclidean,dissimilarity_proximity_continuous_mad,distance_l2_jaccard,distance_mad_hamming,sparsity,flow_log_density_cfs,flow_log_density_xs,flow_prob_condition_acc,lof_scores_xs,lof_scores_cfs,isolation_forest_scores_xs,isolation_forest_scores_cfs,plausibility,cf_belongs_to_group,K_vectors,time
1.0,1.0,,0.0,1.6375326616689563,0.4588532308482433,31.6413875579834,0.4588532308482433,,1.0,1.555109977722168,8.752592086791992,0.0,1.0022242,1.0480607,0.0191486683142629,0.0329757868404389,0.6964806827569489,1.0,10,22.118561029434204
1.0,1.0,,0.0,1.5613141691105232,0.43724672389156943,34.421127531263565,0.43724672389156943,,1.0,-4.244972229003906,8.653783798217773,0.0,1.0709856,1.1453946,0.026587892685481434,0.02554282936812348,0.6453968777103247,1.0,9,19.603981256484985
1.0,1.0,,0.0,1.4934036137790165,0.4285447291437261,26.64573300968517,0.4285447291437261,,1.0,3.485628366470337,7.683607578277588,0.09090909361839294,1.0447899,1.1334367,0.03809032779667991,0.038109892269168055,0.6706680828076726,1.0,11,22.619155883789062
1.0,1.0,,0.0,1.440839620307088,0.40568576360781855,35.39716625213623,0.40568576360781855,,1.0,-10.997703552246094,8.237674713134766,0.0,1.0102671,1.0330203,0.02812516800084696,0.0453523998476466,0.6298680106180385,1.0,9,20.594128131866455
1.0,1.0,,0.0,1.3573039461237688,0.38944195531609677,25.266580157809788,0.38944195531609677,,1.0,-0.5363576412200928,8.147812843322754,0.0,1.035484,1.0894786,0.03987465267116032,0.03336461610600469,0.6916772633854958,1.0,9,21.93685817718506
