model_returned_smth,valid_cf_disc,dissimilarity_proximity_categorical_hamming,dissimilarity_proximity_categorical_jaccard,dissimilarity_proximity_continuous_manhatan,dissimilarity_proximity_continuous_euclidean,dissimilarity_proximity_continuous_mad,distance_l2_jaccard,distance_mad_hamming,sparsity,flow_log_density_cfs,flow_log_density_xs,flow_prob_condition_acc,lof_scores_xs,lof_scores_cfs,isolation_forest_scores_xs,isolation_forest_scores_cfs,plausibility,cf_belongs_to_group,K_vectors,time
1.0,1.0,,0.0,1.905394998068611,0.5998223898667551,31.09867747624715,0.5998223898667551,,1.0,8.350325584411621,10.069727897644043,1.0,0.9997546,1.0173343,0.06182620252626877,0.08064993626702417,0.5242979261049974,1.0,1,5.106973886489868
1.0,0.9166666865348816,,0.0,2.5077078234065664,0.824250522779134,28.390700600363992,0.824250522779134,,1.0,8.520347595214844,8.492815971374512,0.5454545617103577,1.0629584,1.0388689,0.03866811488002999,0.053636900226133016,0.5054304758320602,1.0,1,7.707070827484131
1.0,0.9090909361839294,,0.0,2.5614438679069282,0.7933806679787777,42.06060791015625,0.7933806679787777,,1.0,9.16140079498291,10.432394981384277,0.800000011920929,1.026674,1.0043644,0.051374524523546745,0.07504547308767474,0.47488258131635713,1.0,1,8.642230033874512
1.0,1.0,,0.0,2.038128420089682,0.7782157213762108,33.115354220072426,0.7782157213762108,,1.0,8.936904907226562,11.449649810791016,0.8333333134651184,1.0196847,1.0186881,0.060960294336208365,0.05979903812708426,0.446090041585463,1.0,1,10.799171209335327
1.0,1.0,,0.0,1.7965296646774125,0.6142428469106075,25.31020720799764,0.6142428469106075,,1.0,7.751677989959717,8.529040336608887,0.75,1.0268525,1.0291768,0.06827713002356005,0.05762255298052115,0.48660516613965804,1.0,1,8.905188083648682
