model_returned_smth,valid_cf_disc,dissimilarity_proximity_categorical_hamming,dissimilarity_proximity_categorical_jaccard,dissimilarity_proximity_continuous_manhatan,dissimilarity_proximity_continuous_euclidean,dissimilarity_proximity_continuous_mad,distance_l2_jaccard,distance_mad_hamming,sparsity,flow_log_density_cfs,flow_log_density_xs,flow_prob_condition_acc,lof_scores_xs,lof_scores_cfs,isolation_forest_scores_xs,isolation_forest_scores_cfs,plausibility,cf_belongs_to_group,K_vectors,time
1.0,0.9285714030265808,,0.0,2.3469345232722563,0.856963691379707,38.66998819204477,0.856963691379707,,1.0,4.666521072387695,6.707280158996582,0.4615384638309479,1.0790836,1.1492778,0.04577653569644395,0.030266866699282073,0.5588306441804121,1.0,1,13.193103075027466
1.0,1.0,,0.0,2.330322036224728,0.7274156679886102,31.708801778157554,0.7274156679886102,,1.0,2.185107469558716,5.3093180656433105,0.20000000298023224,1.1365106,1.2688435,0.03455083084584508,0.010381763963452088,0.6331236727505006,1.0,1,8.679039001464844
1.0,0.9285714030265808,,0.0,1.9233327926351473,0.6919153248108721,22.918948540320763,0.6919153248108721,,1.0,3.686168670654297,4.863770484924316,0.3076923191547394,1.1385983,1.2056606,0.029951617002594043,0.023576639332860964,0.5867793066968486,1.0,1,10.804881811141968
1.0,1.0,,0.0,2.255151336152966,0.7243602014744209,30.291839599609375,0.7243602014744209,,1.0,3.7560935020446777,6.791391372680664,0.23076923191547394,1.0556155,1.1128535,0.05740344475534685,0.03760422625529615,0.4839910113712937,1.0,1,9.78345012664795
1.0,1.0,,0.0,2.2507702042503905,0.7900288158507845,27.48155377705892,0.7900288158507845,,1.0,2.454890012741089,2.5776145458221436,0.4000000059604645,1.1297562,1.1695856,0.03257146980453223,0.032830247035819334,0.5065245879984939,1.0,1,8.848162174224854
