model_returned_smth,valid_cf_disc,dissimilarity_proximity_categorical_hamming,dissimilarity_proximity_categorical_jaccard,dissimilarity_proximity_continuous_manhatan,dissimilarity_proximity_continuous_euclidean,dissimilarity_proximity_continuous_mad,distance_l2_jaccard,distance_mad_hamming,sparsity,flow_log_density_cfs,flow_log_density_xs,flow_prob_condition_acc,lof_scores_xs,lof_scores_cfs,isolation_forest_scores_xs,isolation_forest_scores_cfs,plausibility,cf_belongs_to_group,K_vectors,time
1.0,1.0,,0.0,2.477911150066315,0.7677087295705922,34.94544833047049,0.7677087295705922,,1.0,8.12248706817627,6.307947635650635,1.0,1.0790836,1.0582647,0.04577653569644395,0.05458157234762517,0.4882591932996195,1.0,5,14.61013126373291
1.0,1.0,,0.0,2.3172094132285563,0.7183401780458912,31.317686462402342,0.7183401780458912,,1.0,9.68107795715332,5.772435665130615,0.9333333373069763,1.1365106,1.0714327,0.03455083084584508,0.0501144657327061,0.45199909741398214,0.9333333333333333,7,33.000083208084106
1.0,1.0,,0.0,2.0857728047726245,0.6697889479865234,25.570676216712364,0.6697889479865234,,1.0,8.891641616821289,4.943509578704834,1.0,1.1473676,1.1149014,0.030362108568323852,0.052064951407941255,0.5247240470268376,1.0,7,15.304985046386719
1.0,1.0,,0.0,1.8000656029639335,0.5684943895812836,24.088773727416992,0.5684943895812836,,1.0,9.206517219543457,7.464130878448486,1.0,1.0556155,1.0398319,0.05740344475534685,0.07108040164129407,0.44745001164411463,1.0,6,15.787039995193481
1.0,1.0,,0.0,1.769266930674868,0.5932814159201475,23.420284543718612,0.5932814159201475,,1.0,8.88581371307373,2.802356004714966,1.0,1.1260798,1.051806,0.03490507290989576,0.0698755188640515,0.44469925845162067,1.0,7,28.94793391227722
