model_returned_smth,valid_cf_disc,dissimilarity_proximity_categorical_hamming,dissimilarity_proximity_categorical_jaccard,dissimilarity_proximity_continuous_manhatan,dissimilarity_proximity_continuous_euclidean,dissimilarity_proximity_continuous_mad,distance_l2_jaccard,distance_mad_hamming,sparsity,flow_log_density_cfs,flow_log_density_xs,flow_prob_condition_acc,lof_scores_xs,lof_scores_cfs,isolation_forest_scores_xs,isolation_forest_scores_cfs,plausibility,cf_belongs_to_group,K_vectors,time
1.0,1.0,,0.0,1.7993714263041813,0.5744962658897204,31.005709171295166,0.5744962658897204,,1.0,8.175211906433105,10.479351997375488,1.0,0.9997546,1.0208904,0.06182620252626877,0.08450346739273255,0.5077855342181915,1.0,1,5.490120887756348
1.0,1.0,,0.0,2.4238488158831992,0.829324475152157,29.548082033793133,0.829324475152157,,1.0,8.83591365814209,8.53390121459961,0.5833333134651184,1.0629584,1.015016,0.03866811488002999,0.06407275771859094,0.4917333378066689,1.0,1,12.371427774429321
1.0,1.0,,0.0,2.1086393157866867,0.6456259095429966,29.314498034390535,0.6456259095429966,,1.0,8.606792449951172,9.984206199645996,1.0,1.026674,1.0265638,0.051374524523546745,0.07957847230922527,0.5086893254734037,1.0,1,22.897423028945923
1.0,1.0,,0.0,2.0675619107981524,0.7132815304871536,34.73993047078451,0.7132815304871536,,1.0,10.710658073425293,11.642682075500488,1.0,1.0196847,1.004162,0.060960294336208365,0.07712307985661981,0.43754879885723463,1.0,1,5.521816968917847
1.0,0.9166666865348816,,0.0,1.687073146755045,0.5698756576155058,24.016666932539508,0.5698756576155058,,1.0,8.843679428100586,10.311026573181152,0.9090909361839294,1.0268525,1.0214783,0.06827713002356005,0.0673707537840085,0.48796139165489466,1.0,1,11.36022400856018
