model_returned_smth,valid_cf_disc,dissimilarity_proximity_categorical_hamming,dissimilarity_proximity_categorical_jaccard,dissimilarity_proximity_continuous_manhatan,dissimilarity_proximity_continuous_euclidean,dissimilarity_proximity_continuous_mad,distance_l2_jaccard,distance_mad_hamming,sparsity,flow_log_density_cfs,flow_log_density_xs,flow_prob_condition_acc,lof_scores_xs,lof_scores_cfs,isolation_forest_scores_xs,isolation_forest_scores_cfs,plausibility,cf_belongs_to_group,K_vectors,time
1.0,1.0,,0.0,1.921754733286798,0.5345654357229008,36.61295852661133,0.5345654357229008,,1.0,-0.8697875738143921,8.334005355834961,0.10000000149011612,1.0022242,1.0575244,0.0191486683142629,0.030763721352247357,0.6861462158319691,1.0,3,19.42924213409424
1.0,1.0,,0.0,1.9110815154595509,0.5400885657889334,42.83361562093099,0.5400885657889334,,1.0,-1.3972229957580566,7.997354984283447,0.1111111119389534,1.0709856,1.1758678,0.026587892685481434,0.02394863112760134,0.6592241642568185,1.0,3,31.501864910125732
1.0,1.0,,0.0,1.6443908120272681,0.4916568230567104,29.69489336013794,0.4916568230567104,,1.0,0.8006523251533508,7.742878437042236,0.25,1.0431072,1.1079048,0.036967402700965456,0.03573754486219929,0.6539160731554569,1.0,3,28.928009033203125
1.0,1.0,,0.0,1.697531190700829,0.47543761354776815,33.713298201560974,0.47543761354776815,,1.0,-1.3703985214233398,8.7344970703125,0.10000000149011612,1.0112998,1.040591,0.03077618428203105,0.038673057999200205,0.6077407950693405,1.0,2,16.010905742645264
1.0,1.0,,0.0,1.7124934723704226,0.4924595360752215,32.03144539727105,0.4924595360752215,,1.0,0.666178822517395,7.96864128112793,0.1111111119389534,1.035484,1.105293,0.03987465267116032,0.02965234707122972,0.6464292640064928,1.0,2,26.7271888256073
