model_returned_smth,valid_cf_disc,dissimilarity_proximity_categorical_hamming,dissimilarity_proximity_categorical_jaccard,dissimilarity_proximity_continuous_manhatan,dissimilarity_proximity_continuous_euclidean,dissimilarity_proximity_continuous_mad,distance_l2_jaccard,distance_mad_hamming,sparsity,flow_log_density_cfs,flow_log_density_xs,flow_prob_condition_acc,lof_scores_xs,lof_scores_cfs,isolation_forest_scores_xs,isolation_forest_scores_cfs,plausibility,cf_belongs_to_group,K_vectors,time
1.0,1.0,,0.0,1.880990919274544,0.5378585447230327,28.720690931592667,0.5378585447230327,,1.0,-3.1258435249328613,6.247609615325928,0.1428571492433548,1.0790836,1.1065576,0.04577653569644395,0.05954714976688793,0.5747394256601422,1.0,14,21.825215339660645
1.0,1.0,,0.0,1.3597219946328551,0.392041555781883,18.598151302337648,0.392041555781883,,0.9948717948717949,-2.641542673110962,5.3093180656433105,0.13333334028720856,1.1365106,1.1568092,0.03455083084584508,0.04888780296856053,0.6318787611331671,1.0,15,19.926312923431396
1.0,1.0,,0.0,1.4099527180993132,0.4335787100693575,15.596554279327393,0.4335787100693575,,1.0,0.12060969322919846,5.057529926300049,0.0,1.1385983,1.1613191,0.029951617002594043,0.051098218145377294,0.585339824147845,1.0,14,20.928014039993286
1.0,1.0,,0.0,1.1964189156091638,0.34798722568035373,15.380299261638097,0.34798722568035373,,0.9945054945054945,-2.3343653678894043,6.70698881149292,0.0,1.053114,1.096101,0.05720572233087119,0.06452183840273684,0.5615821700165153,1.0,14,19.859128952026367
1.0,1.0,,0.0,1.5629989649324367,0.45114898947920934,19.169051361083984,0.45114898947920934,,1.0,-5.461273193359375,2.5776145458221436,0.0,1.1297562,1.2306778,0.03257146980453223,0.03848722821543323,0.6743575699372956,1.0,15,21.97510290145874
