model_returned_smth,valid_cf_disc,dissimilarity_proximity_categorical_hamming,dissimilarity_proximity_categorical_jaccard,dissimilarity_proximity_continuous_manhatan,dissimilarity_proximity_continuous_euclidean,dissimilarity_proximity_continuous_mad,distance_l2_jaccard,distance_mad_hamming,sparsity,flow_log_density_cfs,flow_log_density_xs,flow_prob_condition_acc,lof_scores_xs,lof_scores_cfs,isolation_forest_scores_xs,isolation_forest_scores_cfs,plausibility,cf_belongs_to_group,K_vectors,time
1.0,1.0,,0.0,2.2795898156861463,0.7152677795187085,37.812255859375,0.7152677795187085,,1.0,8.459242820739746,10.479351997375488,1.0,0.9997546,1.0053102,0.06182620252626877,0.07947185773546986,0.4996448120844099,1.0,1,6.484289884567261
1.0,0.9166666865348816,,0.0,2.660044954581694,0.8851014319698625,30.044194481589578,0.8851014319698625,,1.0,8.375914573669434,8.964513778686523,0.5454545617103577,1.0629584,1.0260175,0.03866811488002999,0.050252281348699884,0.475283494567091,1.0,1,12.024085998535156
1.0,1.0,,0.0,2.8717403721064327,0.8774834206647485,46.036521911621094,0.8774834206647485,,1.0,8.05561351776123,9.832496643066406,0.699999988079071,1.0295358,1.0101004,0.04898670719363764,0.06653929748861882,0.4845549639628163,1.0,1,10.496029138565063
1.0,0.8461538553237915,,0.0,2.0665568695826964,0.7307133915413608,36.94942855834961,0.7307133915413608,,1.0,10.131473541259766,11.834628105163574,0.6363636255264282,1.0289214,1.0134349,0.05945997440874341,0.06292173305523616,0.443529029153912,1.0,1,9.514886856079102
1.0,1.0,,0.0,2.031815220009197,0.6270260901800233,40.12734638560902,0.6270260901800233,,1.0,8.489083290100098,10.311026573181152,1.0,1.0128188,1.030485,0.07449313945029798,0.0629779781736932,0.5640478146160208,1.0,1,5.554396867752075
