model_returned_smth,valid_cf_disc,dissimilarity_proximity_categorical_hamming,dissimilarity_proximity_categorical_jaccard,dissimilarity_proximity_continuous_manhatan,dissimilarity_proximity_continuous_euclidean,dissimilarity_proximity_continuous_mad,distance_l2_jaccard,distance_mad_hamming,sparsity,flow_log_density_cfs,flow_log_density_xs,flow_prob_condition_acc,lof_scores_xs,lof_scores_cfs,isolation_forest_scores_xs,isolation_forest_scores_cfs,plausibility,cf_belongs_to_group,K_vectors,time
1.0,1.0,,0.0,1.5643168868497015,0.48084892860970524,32.877411460876466,0.48084892860970524,,1.0,7.539412021636963,8.334005355834961,1.0,1.0022242,0.99034566,0.0191486683142629,0.07865982432168579,0.5809141279553188,1.0,10,4.994943857192993
1.0,1.0,,0.0,2.1481383411834636,0.6715660712211748,47.35972468058268,0.6715660712211748,,1.0,8.531254768371582,7.997354984283447,1.0,1.0709856,1.0490754,0.026587892685481434,0.07463484397878614,0.5259674094439373,1.0,9,4.966946125030518
1.0,1.0,,0.0,1.6616264804033563,0.5039828897041002,27.604841470718384,0.5039828897041002,,1.0,8.744925498962402,7.742878437042236,1.0,1.0431072,1.0100216,0.036967402700965456,0.08453556894499215,0.6353989710318164,1.0,12,5.198484182357788
1.0,1.0,,0.0,1.6920115174725652,0.5079098860086102,34.615539932250975,0.5079098860086102,,1.0,8.38328742980957,8.7344970703125,1.0,1.0112998,1.0012705,0.03077618428203105,0.0817800247067126,0.5193125552652564,1.0,10,5.247044086456299
1.0,1.0,,0.0,1.5951771957075431,0.4779051082988851,27.153729968600803,0.4779051082988851,,1.0,7.61421537399292,7.96864128112793,1.0,1.035484,1.0162723,0.03987465267116032,0.07882565690030276,0.5876636310854014,1.0,9,5.236463785171509
