model_returned_smth,valid_cf_disc,dissimilarity_proximity_categorical_hamming,dissimilarity_proximity_categorical_jaccard,dissimilarity_proximity_continuous_manhatan,dissimilarity_proximity_continuous_euclidean,dissimilarity_proximity_continuous_mad,distance_l2_jaccard,distance_mad_hamming,sparsity,flow_log_density_cfs,flow_log_density_xs,flow_prob_condition_acc,lof_scores_xs,lof_scores_cfs,isolation_forest_scores_xs,isolation_forest_scores_cfs,plausibility,cf_belongs_to_group,K_vectors,time
1.0,1.0,,0.0,1.6231512955079477,0.5291085007227221,26.191521962483723,0.5291085007227221,,1.0,8.268956184387207,10.069727897644043,1.0,0.9997546,1.0203217,0.06182620252626877,0.08042253816854346,0.5255458879543569,1.0,1,5.090909004211426
1.0,1.0,,0.0,2.4644116492321095,0.8063034602268585,30.010279337565105,0.8063034602268585,,1.0,8.488374710083008,8.596047401428223,0.5833333134651184,1.0629584,1.0191629,0.03866811488002999,0.06257879245624136,0.5100788943033172,1.0,1,7.772056818008423
1.0,1.0,,0.0,2.0939007750289007,0.6777280094706168,29.131989739157937,0.6777280094706168,,1.0,9.07058334350586,10.162012100219727,1.0,1.026674,1.0229851,0.051374524523546745,0.07696987628572947,0.4851722064144182,1.0,1,5.161865949630737
1.0,1.0,,0.0,1.8035725504159927,0.6559395543494592,28.97808043162028,0.6559395543494592,,1.0,9.94231128692627,11.449649810791016,1.0,1.0196847,1.0188003,0.060960294336208365,0.072685753262735,0.445611033805596,1.0,1,5.135607004165649
1.0,1.0,,0.0,1.6575646625715308,0.5789558274864761,23.101821422576904,0.5789558274864761,,1.0,8.053447723388672,8.529040336608887,0.8333333134651184,1.0268525,1.0224582,0.06827713002356005,0.06728810024652833,0.4510029782843628,1.0,1,14.494436979293823
