model_returned_smth,valid_cf_disc,dissimilarity_proximity_categorical_hamming,dissimilarity_proximity_categorical_jaccard,dissimilarity_proximity_continuous_manhatan,dissimilarity_proximity_continuous_euclidean,dissimilarity_proximity_continuous_mad,distance_l2_jaccard,distance_mad_hamming,sparsity,flow_log_density_cfs,flow_log_density_xs,flow_prob_condition_acc,lof_scores_xs,lof_scores_cfs,isolation_forest_scores_xs,isolation_forest_scores_cfs,plausibility,cf_belongs_to_group,K_vectors,time
1.0,1.0,,0.0,2.5001870157197117,0.7678713224061887,55.779741287231445,0.7678713224061887,,1.0,8.1350679397583,8.334005355834961,1.0,1.0022242,1.0301893,0.0191486683142629,0.06979232017587325,0.5700464720952446,1.0,3,29.904682874679565
1.0,1.0,,0.0,2.632443564840489,0.8438433635840782,56.195906745062935,0.8438433635840782,,1.0,9.09887409210205,7.997354984283447,1.0,1.0709856,1.038267,0.026587892685481434,0.07055147966201641,0.5142460399192177,1.0,5,34.02659606933594
1.0,1.0,,0.0,2.098399427292558,0.697919506481441,34.26175967852274,0.697919506481441,,1.0,9.221623420715332,7.742878437042236,0.9166666865348816,1.0431072,1.0324917,0.036967402700965456,0.06284823335893534,0.5604110468286737,0.8333333333333334,6,65.92872500419617
1.0,1.0,,0.0,2.061140973307192,0.6308840641519973,43.16486015319824,0.6308840641519973,,1.0,9.010276794433594,8.7344970703125,1.0,1.0112998,1.0067335,0.03077618428203105,0.07478046877822955,0.48042482211857945,1.0,6,36.50454902648926
1.0,1.0,,0.0,1.9443620002000697,0.6199255063473836,34.74711693657769,0.6199255063473836,,1.0,8.291524887084961,7.96864128112793,1.0,1.035484,1.0450959,0.03987465267116032,0.07056173148159367,0.513923193263428,1.0,4,26.417415857315063
