model_returned_smth,valid_cf_disc,dissimilarity_proximity_categorical_hamming,dissimilarity_proximity_categorical_jaccard,dissimilarity_proximity_continuous_manhatan,dissimilarity_proximity_continuous_euclidean,dissimilarity_proximity_continuous_mad,distance_l2_jaccard,distance_mad_hamming,sparsity,flow_log_density_cfs,flow_log_density_xs,flow_prob_condition_acc,lof_scores_xs,lof_scores_cfs,isolation_forest_scores_xs,isolation_forest_scores_cfs,plausibility,cf_belongs_to_group,K_vectors,time
1.0,1.0,,0.0,1.6913075149225603,0.5362356052657409,24.657810381480626,0.5362356052657409,,0.989010989010989,-5.548808574676514,6.307947635650635,0.1428571492433548,1.0790836,1.1465579,0.04577653569644395,0.044030296429035574,0.63676125170542,1.0,3,51.37284827232361
1.0,1.0,,0.0,1.414740782401835,0.4283046196613482,18.96182772318522,0.4283046196613482,,1.0,-4.8293914794921875,5.772435665130615,0.13333334028720856,1.1365106,1.1894567,0.03455083084584508,0.03500958273159268,0.6879495594990028,1.0,4,40.75977897644043
1.0,1.0,,0.0,1.7768377187446907,0.5104036788191397,21.931243823124813,0.5104036788191397,,1.0,-6.353612422943115,4.943509578704834,0.0,1.1473676,1.239641,0.030362108568323852,0.027296198644590472,0.6186425286737732,1.0,3,28.19759202003479
1.0,1.0,,0.0,1.4711821842938662,0.4328290115094365,17.601421429560734,0.4328290115094365,,1.0,-5.502198219299316,7.464130878448486,0.0,1.0556155,1.1257603,0.05740344475534685,0.04554523183191604,0.5834277992054105,1.0,4,34.174683809280396
1.0,1.0,,0.0,1.8093606463766523,0.507718907763833,22.466381754193986,0.507718907763833,,1.0,-11.609883308410645,2.802356004714966,0.0,1.1260798,1.2770051,0.03490507290989576,0.02519937355560793,0.6807690181363227,1.0,3,17.3574059009552
