model_returned_smth,valid_cf_disc,dissimilarity_proximity_categorical_hamming,dissimilarity_proximity_categorical_jaccard,dissimilarity_proximity_continuous_manhatan,dissimilarity_proximity_continuous_euclidean,dissimilarity_proximity_continuous_mad,distance_l2_jaccard,distance_mad_hamming,sparsity,flow_log_density_cfs,flow_log_density_xs,flow_prob_condition_acc,lof_scores_xs,lof_scores_cfs,isolation_forest_scores_xs,isolation_forest_scores_cfs,plausibility,cf_belongs_to_group,K_vectors,time
1.0,1.0,,0.0,1.837943941913545,0.5106711998081359,34.91342487335205,0.5106711998081359,,1.0,-1.408631682395935,8.334005355834961,0.10000000149011612,1.0022242,1.0540993,0.0191486683142629,0.030611800961285816,0.6941191392568901,1.0,1,17.13495135307312
1.0,1.0,,0.0,2.0085862107161017,0.559639409552707,44.5093616909451,0.559639409552707,,1.0,-1.4417012929916382,7.997354984283447,0.1111111119389534,1.0709856,1.185736,0.026587892685481434,0.023745956271623365,0.6612285905690876,1.0,1,17.969882011413574
1.0,1.0,,0.0,1.0128409668880825,0.32205364637807854,18.163683732350666,0.32205364637807854,,1.0,0.5954957008361816,7.742878437042236,0.0833333358168602,1.0431072,1.0781708,0.036967402700965456,0.05016194859911479,0.7249644167783766,1.0,1,38.80865693092346
1.0,1.0,,0.0,1.548985874094069,0.4379584007658283,30.84502546787262,0.4379584007658283,,1.0,-1.02652907371521,8.7344970703125,0.10000000149011612,1.0112998,1.0322404,0.03077618428203105,0.04429636240091142,0.6140129295498027,1.0,1,19.702014207839966
1.0,1.0,,0.0,1.603170347865671,0.4598353928857393,29.936925464206272,0.4598353928857393,,1.0,0.4141979217529297,7.96864128112793,0.0,1.035484,1.1017151,0.03987465267116032,0.03110611216398014,0.6566285173659017,1.0,1,23.099350929260254
