model_returned_smth,valid_cf_disc,dissimilarity_proximity_categorical_hamming,dissimilarity_proximity_categorical_jaccard,dissimilarity_proximity_continuous_manhatan,dissimilarity_proximity_continuous_euclidean,dissimilarity_proximity_continuous_mad,distance_l2_jaccard,distance_mad_hamming,sparsity,flow_log_density_cfs,flow_log_density_xs,flow_prob_condition_acc,lof_scores_xs,lof_scores_cfs,isolation_forest_scores_xs,isolation_forest_scores_cfs,time
0.5819672131147541,1.0,,0.0,1.2566919093285114,0.3762343092786747,129891.3034929588,0.3762343092786747,,0.709736680955297,22.35165023803711,58.39072036743164,0.0,104267.85,133.82648,0.0972742725870185,-0.055304324396047884,352.2134678218
0.5081967213114754,1.0,,0.0,1.3352020956915387,0.4213898136287695,22056.59374467561,0.4213898136287695,,0.6977559607293128,8.608060836791992,59.8021354675293,0.0,21441.25,146.6692,0.09434583964758662,-0.08071531570009022,391.17565948382
0.5245901639344263,1.0,,0.0,1.3761647222404934,0.3907071073376722,8851.196372396846,0.3907071073376722,,0.748641304347826,3.110595941543579,60.14033508300781,0.0,11326440.0,133.75519,0.08994345253762509,-0.08712317331601857,402.4988590479
0.4918032786885246,1.0,,0.0,1.3620723900101135,0.4490007563332974,846.8733638181295,0.4490007563332974,,0.6528985507246376,4.041902542114258,59.95241928100586,0.0,76606.23,127.49658,0.08312124555445392,-0.055118276509395166,367.6128681898
0.5327868852459017,1.0,,0.0,1.3202845584035878,0.42326711881943346,503.2306526881245,0.42326711881943346,,0.6822742474916388,26.74530029296875,53.1829833984375,0.07692307978868484,213346.58,46.628582,0.09947629905442189,0.0021539759991829194,425.1092340231
