model_returned_smth,valid_cf_disc,dissimilarity_proximity_categorical_hamming,dissimilarity_proximity_categorical_jaccard,dissimilarity_proximity_continuous_manhatan,dissimilarity_proximity_continuous_euclidean,dissimilarity_proximity_continuous_mad,distance_l2_jaccard,distance_mad_hamming,sparsity,flow_log_density_cfs,flow_log_density_xs,flow_prob_condition_acc,lof_scores_xs,lof_scores_cfs,isolation_forest_scores_xs,isolation_forest_scores_cfs,time
0.5573770491803278,1.0,,0.0,1.1305417065195689,0.3595129526336985,6393.610342294613,0.3595129526336985,,0.6361892583120204,31.94513702392578,58.82329559326172,0.014705882407724857,104267.85,125.86344,0.0972742725870185,-0.02324962324883768,129.331148147583
0.5081967213114754,1.0,,0.0,1.1702434918753513,0.3451124865505284,18281.828841628965,0.3451124865505284,,0.6612903225806451,25.938007354736328,59.8021354675293,0.0,21441.25,134.44188,0.09434583964758662,-0.07790710020766048,97.48431396484376
0.5081967213114754,1.0,,0.0,1.2748927167741586,0.3892805630739405,4640.641000422383,0.3892805630739405,,0.664796633941094,12.995933532714844,60.513946533203125,0.0,11326440.0,41382172.0,0.08994345253762509,-0.06173267609297968,101.8508710861206
0.4918032786885246,1.0,,0.0,1.158546076406689,0.35035497586392883,917.370564910183,0.35035497586392883,,0.6565217391304348,7.158331394195557,59.95241928100586,0.0,76606.23,130.6752,0.08312124555445392,-0.05473665885008403,99.47992706298828
0.5163934426229508,1.0,,0.0,1.2561040245512534,0.39883558551983256,591.4254028296062,0.39883558551983256,,0.6459627329192547,26.15475845336914,53.54459762573242,0.0,213346.58,68.91306,0.09947629905442189,0.0018059785824657572,101.4671220779419
