model_returned_smth,valid_cf_disc,dissimilarity_proximity_categorical_hamming,dissimilarity_proximity_categorical_jaccard,dissimilarity_proximity_continuous_manhatan,dissimilarity_proximity_continuous_euclidean,dissimilarity_proximity_continuous_mad,distance_l2_jaccard,distance_mad_hamming,sparsity,flow_log_density_cfs,flow_log_density_xs,flow_prob_condition_acc,lof_scores_xs,lof_scores_cfs,isolation_forest_scores_xs,isolation_forest_scores_cfs,time
0.5819672131147541,0.8450704216957092,,0.0,1.2566919093285114,0.3762343092786747,129891.3034929588,0.3762343092786747,,0.709736680955297,-3.431250810623169,58.39072036743164,0.0,105834.83,37551.254,0.14825689149640822,-0.05264767524668893,298.42967462539673
0.5081967213114754,0.9677419066429138,,0.0,1.3352020956915387,0.4213898136287695,22056.59374467561,0.4213898136287695,,0.6977559607293128,13.369771957397461,59.8021354675293,0.0,109299.195,40877.617,0.15368332914753596,-0.07826948117107348,313.338707447052
0.5245901639344263,0.9375,,0.0,1.3761647222404934,0.3907071073376722,8851.196372396846,0.3907071073376722,,0.748641304347826,1.526782751083374,60.14033508300781,0.0,138319.95,41857.836,0.15690843023851408,-0.09963863907978593,315.5094509124756
0.4918032786885246,0.9666666388511658,,0.0,1.3620723900101135,0.4490007563332974,846.8733638181295,0.4490007563332974,,0.6528985507246376,-26.634981155395508,59.95241928100586,0.0,49754.902,46569.9,0.1515179556323193,-0.04334029266339047,317.15175318717957
0.5327868852459017,0.892307698726654,,0.0,1.3202845584035878,0.42326711881943346,503.2306526881245,0.42326711881943346,,0.6822742474916388,25.845151901245117,53.1829833984375,0.015384615398943424,132669.77,2610210.0,0.1570042771786284,0.0015468641859806367,308.8779857158661
