model_returned_smth,valid_cf_disc,dissimilarity_proximity_categorical_hamming,dissimilarity_proximity_categorical_jaccard,dissimilarity_proximity_continuous_manhatan,dissimilarity_proximity_continuous_euclidean,dissimilarity_proximity_continuous_mad,distance_l2_jaccard,distance_mad_hamming,sparsity,flow_log_density_cfs,flow_log_density_xs,flow_prob_condition_acc,lof_scores_xs,lof_scores_cfs,isolation_forest_scores_xs,isolation_forest_scores_cfs,time
0.5573770491803278,1.0,,0.0,1.1305417065195689,0.3595129526336985,6393.610342294613,0.3595129526336985,,0.6361892583120204,31.94513702392578,58.82329559326172,0.014705882407724857,110503.945,37752.65,0.15421048820254302,-0.03944412590967946,129.331148147583
0.5081967213114754,1.0,,0.0,1.1702434918753513,0.3451124865505284,18281.828841628965,0.3451124865505284,,0.6612903225806451,25.93800926208496,59.80213928222656,0.0,109299.484,40877.582,0.15284917021622782,-0.0642236804573997,97.48431396484375
0.5081967213114754,1.0,,0.0,1.2748927167741586,0.3892805630739405,4640.641000422383,0.3892805630739405,,0.664796633941094,12.99593448638916,60.513946533203125,0.0,142781.88,42018.055,0.159855376523012,-0.052581421582487145,101.8508710861206
0.4918032786885246,1.0,,0.0,1.158546076406689,0.35035497586392883,917.370564910183,0.35035497586392883,,0.6565217391304348,7.158331394195557,59.95241928100586,0.0,49754.973,46568.95,0.16139092125266075,-0.06929005829049859,99.47992706298828
0.5163934426229508,1.0,,0.0,1.2561040245512534,0.39883558551983256,591.4254028296062,0.39883558551983256,,0.6459627329192547,26.154756546020508,53.54459762573242,0.0,136881.45,2619684.2,0.15377837819397952,-0.02951092221856409,101.4671220779419
