model_returned_smth,valid_cf_disc,dissimilarity_proximity_categorical_hamming,dissimilarity_proximity_categorical_jaccard,dissimilarity_proximity_continuous_manhatan,dissimilarity_proximity_continuous_euclidean,dissimilarity_proximity_continuous_mad,distance_l2_jaccard,distance_mad_hamming,sparsity,flow_log_density_cfs,flow_log_density_xs,flow_prob_condition_acc,lof_scores_xs,lof_scores_cfs,isolation_forest_scores_xs,isolation_forest_scores_cfs,time
0.5655737704918032,1.0,,0.0,0.9839639164831328,0.5252504655136867,0.9839639164831328,0.5252504655136867,,0.1518588531821046,26.448923110961914,58.417137145996094,0.0,104267.85,357106850.0,0.0972742725870185,0.1096270416525508,926.4687860012054
0.5163934426229508,1.0,,0.0,0.9929529732418438,0.5419637398827138,0.9929529732418438,0.5419637398827138,,0.19944789510006902,21.986230850219727,56.79042053222656,0.0,21441.25,234236910.0,0.09434583964758662,0.11440720579204355,918.105176448822
0.5163934426229508,1.0,,0.0,1.202013473543856,0.6056634094438197,1.202013473543856,0.6056634094438197,,0.18219461697722567,4.0672478675842285,60.36612319946289,0.0,11326440.0,102967750.0,0.08994345253762509,0.113836098590759,879.863035440445
0.5,1.0,,0.0,0.9925000880096779,0.5337004044237169,0.9925000880096779,0.5337004044237169,,0.17890235210263722,-8.956260681152344,59.5479850769043,0.0,76606.23,68030220.0,0.08312124555445392,0.10757106277251186,927.4368724822998
0.5163934426229508,1.0,,0.0,1.1316175195905898,0.612526346296844,1.1316175195905898,0.612526346296844,,0.17529330572808835,19.596254348754883,53.54459762573242,0.01587301678955555,213346.58,9.795884,0.09947629905442189,0.10830537668784306,881.2610211372375
