model_returned_smth,valid_cf_disc,dissimilarity_proximity_categorical_hamming,dissimilarity_proximity_categorical_jaccard,dissimilarity_proximity_continuous_manhatan,dissimilarity_proximity_continuous_euclidean,dissimilarity_proximity_continuous_mad,distance_l2_jaccard,distance_mad_hamming,sparsity,flow_log_density_cfs,flow_log_density_xs,flow_prob_condition_acc,lof_scores_xs,lof_scores_cfs,isolation_forest_scores_xs,isolation_forest_scores_cfs,time
0.5491803278688525,0.611940324306488,,0.0,1.1432786996381366,0.6052457849542285,3675.062073945993,0.6052457849542285,,0.21845174973488865,-61.807308197021484,59.310142517089844,0.0,104267.85,5390073.5,0.0972742725870185,0.049691122179764916,439.0782642364502
0.5327868852459017,0.5692307949066162,,0.0,1.0774883600371505,0.5907781814069503,1581.5798618993836,0.5907781814069503,,0.19858989424206816,-132.3770294189453,60.68233871459961,0.0,21441.25,122.34323,0.09434583964758662,0.04045749502853505,430.1497449874878
0.5081967213114754,0.5,,0.0,1.2184860249776042,0.6237626173642187,2136.032321075458,0.6237626173642187,,0.2776998597475456,-162.97344970703125,61.37403106689453,0.0,11326440.0,177332770.0,0.08994345253762509,0.04551824737533257,448.1057217121124
0.5081967213114754,0.4838709533214569,,0.0,1.4072223872580556,0.6743774064524314,1057.5227556485784,0.6743774064524314,,0.3130434782608696,-278.58380126953125,60.498104095458984,0.0,76606.23,168.53604,0.08312124555445392,-0.009135211014287825,448.34220147132874
0.5327868852459017,0.5076923370361328,,0.0,1.0860791598234671,0.5513867019588422,1265.0329069910488,0.5513867019588422,,0.22002635046113306,-26.419048309326172,55.54707717895508,0.03030303120613098,213346.58,143092910.0,0.09947629905442189,0.07126722668967804,443.585218667984
