,precision,recall,f1-score,support
0,0.7633928571428571,0.7702702702702703,0.7668161434977578,222.0
1,0.7681818181818182,0.7612612612612613,0.7647058823529411,222.0
accuracy,0.7657657657657657,0.7657657657657657,0.7657657657657657,0.7657657657657657
macro avg,0.7657873376623376,0.7657657657657657,0.7657610129253495,444.0
weighted avg,0.7657873376623378,0.7657657657657657,0.7657610129253495,444.0
