,train_ll,test_ll
0,-45.252891540527344,-48.207374572753906
