,precision,recall,f1-score,support
0,0.5,0.05405405405405406,0.0975609756097561,222.0
1,0.9507157944144567,0.9970465173517106,0.9733301297453147,4063.0
accuracy,0.9481913652275379,0.9481913652275379,0.9481913652275379,0.9481913652275379
macro avg,0.7253578972072283,0.5255502857028823,0.5354455526775355,4285.0
weighted avg,0.9273648244354581,0.9481913652275379,0.9279577254937175,4285.0
