,precision,recall,f1-score,support
0,0.7358139534883721,0.7717073170731708,0.7533333333333333,1025.0
1,0.7391304347826086,0.7001055966209081,0.7190889370932755,947.0
accuracy,0.7373225152129818,0.7373225152129818,0.7373225152129818,0.7373225152129818
macro avg,0.7374721941354904,0.7359064568470395,0.7362111352133044,1972.0
weighted avg,0.7374066044952898,0.7373225152129818,0.7368883824006077,1972.0
