,precision,recall,f1-score,support
0,0.75,0.7814634146341464,0.7654085045389393,1025.0
1,0.7522123893805309,0.7180570221752904,0.7347379794705564,947.0
accuracy,0.7510141987829615,0.7510141987829615,0.7510141987829615,0.7510141987829615
macro avg,0.7511061946902655,0.7497602184047184,0.7500732420047478,1972.0
weighted avg,0.7510624405392305,0.7510141987829615,0.7506798091840922,1972.0
