,precision,recall,f1-score,support
0,0.7352112676056338,0.7639024390243903,0.7492822966507177,1025.0
1,0.7331863285556781,0.7022175290390708,0.7173678532901834,947.0
accuracy,0.7342799188640974,0.7342799188640974,0.7342799188640974,0.7342799188640974
macro avg,0.7341987980806559,0.7330599840317304,0.7333250749704505,1972.0
weighted avg,0.7342388450496967,0.7342799188640974,0.7339562429679458,1972.0
