,precision,recall,f1-score,support
0,0.9047619047619048,0.9344262295081968,0.9193548387096774,61.0
1,0.9322033898305084,0.9016393442622951,0.9166666666666666,61.0
accuracy,0.9180327868852459,0.9180327868852459,0.9180327868852459,0.9180327868852459
macro avg,0.9184826472962067,0.9180327868852459,0.918010752688172,122.0
weighted avg,0.9184826472962067,0.9180327868852459,0.9180107526881721,122.0
