model_returned_smth,valid_cf_disc,dissimilarity_proximity_categorical_hamming,dissimilarity_proximity_categorical_jaccard,dissimilarity_proximity_continuous_manhatan,dissimilarity_proximity_continuous_euclidean,dissimilarity_proximity_continuous_mad,distance_l2_jaccard,distance_mad_hamming,sparsity,flow_log_density_cfs,flow_log_density_xs,flow_prob_condition_acc,lof_scores_xs,lof_scores_cfs,isolation_forest_scores_xs,isolation_forest_scores_cfs,time
0.5327868852459017,1.0,,0.0,0.7726088684854555,0.7725991448591857,0.8433879152722005,0.7725991448591857,,0.9966555183946488,-52.062957763671875,59.3350944519043,0.0,115608.22,37967.78,0.15257715303047806,0.12070014588746217,32.81883692741394
0.5081967213114754,1.0,,0.0,0.7926671646509204,0.7926591048360617,0.9318040730444439,0.7926591048360617,,0.9992987377279102,-316.96002197265625,59.80213928222656,0.0,109305.31,40884.88,0.15280886244336475,0.13593823405733974,46.13000798225403
0.5,1.0,,0.0,0.8506810717331269,0.8506696091150436,0.9074053962959696,0.8506696091150436,,0.9964362081254454,-118.66956329345703,60.706146240234375,0.0,145128.64,42107.57,0.16042417137222628,0.11947706962401743,22.990077018737793
1.0,0.9098360538482666,,0.0,1.353866410890489,1.0484198650913017,13.479663915521927,1.0484198650913017,,0.9882491186839013,-8682.298828125,50.14723205566406,0.009009009227156639,43977.02,33432.516,0.08375953607570653,0.051422214690839484,82.89054322242737
0.5081967213114754,1.0,,0.0,0.8732017428301575,0.8731737842111671,0.8897465532206138,0.8731737842111671,,0.9992987377279102,-115.0452651977539,53.74921417236328,0.0,139093.31,2624458.2,0.1465122589351318,0.09897819536414117,24.186930894851685
