model_returned_smth,valid_cf_disc,dissimilarity_proximity_categorical_hamming,dissimilarity_proximity_categorical_jaccard,dissimilarity_proximity_continuous_manhatan,dissimilarity_proximity_continuous_euclidean,dissimilarity_proximity_continuous_mad,distance_l2_jaccard,distance_mad_hamming,sparsity,flow_log_density_cfs,flow_log_density_xs,flow_prob_condition_acc,lof_scores_xs,lof_scores_cfs,isolation_forest_scores_xs,isolation_forest_scores_cfs,time
1.0,0.9016393423080444,,0.0,1.3285305124556672,1.0272772867932056,2.6463425181314344,1.0272772867932056,,0.9956521739130435,-67161.15625,50.14659881591797,0.0,104267.85,616126340.0,0.0972742725870185,0.07844850829228142,24.97858548164368
1.0,0.9508196711540222,,0.0,1.2034176959103893,0.982148222944553,68.13270205688684,0.982148222944553,,0.9940029985007496,-17491.044921875,50.09905242919922,0.0,21441.25,526860160.0,0.09434583964758662,0.07402525315906072,50.31287455558777
1.0,0.868852436542511,,0.0,1.3788442865324941,1.0659907836509748,63.86476597238176,1.0659907836509748,,0.9786710418375718,-4581.95361328125,49.96928787231445,0.0,11326440.0,408017660.0,0.08994345253762509,0.06676353690694782,41.02476763725281
0.5,0.9508196711540222,,0.0,0.7916143168536692,0.7915986172695256,0.8075700205183437,0.7915986172695256,,0.9985007496251874,-346.1774597167969,60.2962760925293,0.0,76606.23,22.81433,0.08312124555445392,0.11287879220053294,8.208637952804565
1.0,0.8770492076873779,,0.0,1.5411338090443332,1.2213850210673425,90.97112377521672,1.2213850210673425,,0.9833401056481105,-210037.265625,31.54316520690918,0.009345794096589088,213346.58,148.3438,0.09947629905442189,0.07758041356395304,32.76222038269043
