model_returned_smth,valid_cf_disc,dissimilarity_proximity_categorical_hamming,dissimilarity_proximity_categorical_jaccard,dissimilarity_proximity_continuous_manhatan,dissimilarity_proximity_continuous_euclidean,dissimilarity_proximity_continuous_mad,distance_l2_jaccard,distance_mad_hamming,sparsity,flow_log_density_cfs,flow_log_density_xs,flow_prob_condition_acc,lof_scores_xs,lof_scores_cfs,isolation_forest_scores_xs,isolation_forest_scores_cfs,time
0.5327868852459017,1.0,,0.0,0.773113866410316,0.7715833954970347,0.9262865828886231,0.7715833954970347,,0.9986622073578595,-50.88529586791992,59.3350944519043,0.0,115608.22,37966.69,0.15178042429612232,0.12202322587647714,33.273439168930054
1.0,0.9508196711540222,,0.0,1.1408517482197167,1.0410771818681104,193.93682884345324,1.0410771818681104,,0.9940029985007496,-17600.0234375,50.573158264160156,0.0,73431.89,34345.273,0.09790329046470662,0.08603691860979129,99.23818016052246
0.5,1.0,,0.0,0.8506810717331269,0.8506696091150436,0.9074053962959696,0.8506696091150436,,0.9964362081254454,-118.66956329345703,60.706146240234375,0.0,145128.64,42107.57,0.16058791111550347,0.13534536885346735,24.45747709274292
0.48360655737704916,0.8813559412956238,,0.0,0.8574156448563777,0.8370139200758295,2.322033820776136,0.8370139200758295,,1.0,-44.16236877441406,61.03239059448242,0.01923076994717121,49013.312,41405.2,0.16009370653757302,0.10793526441557719,34.29211473464966
0.5081967213114754,1.0,,0.0,0.8732017428301575,0.8731737842111671,0.8897465532206138,0.8731737842111671,,0.9992987377279102,-115.0452651977539,53.74921417236328,0.0,139093.31,2624458.2,0.1596571002293763,0.10352943055127396,27.959884881973267
