model_returned_smth,valid_cf_disc,dissimilarity_proximity_categorical_hamming,dissimilarity_proximity_categorical_jaccard,dissimilarity_proximity_continuous_manhatan,dissimilarity_proximity_continuous_euclidean,dissimilarity_proximity_continuous_mad,distance_l2_jaccard,distance_mad_hamming,sparsity,flow_log_density_cfs,flow_log_density_xs,flow_prob_condition_acc,lof_scores_xs,lof_scores_cfs,isolation_forest_scores_xs,isolation_forest_scores_cfs,time
0.5327868852459017,1.0,,0.0,0.773113866410316,0.7715833954970347,0.9262865828886231,0.7715833954970347,,0.9986622073578595,-50.88532638549805,59.33509063720703,0.0,104267.85,7.1830854,0.0972742725870185,0.11524909966800632,33.273439168930054
1.0,0.9508196711540222,,0.0,1.1408517482197167,1.0410771818681104,193.93682884345324,1.0410771818681104,,0.9940029985007496,-17600.029296875,50.57316207885742,0.0,21441.25,20.458403,0.09434583964758662,0.08124143606875041,99.23818016052246
0.5,1.0,,0.0,0.8506810717331269,0.8506696091150436,0.9074053962959696,0.8506696091150436,,0.9964362081254454,-118.66956329345703,60.706138610839844,0.0,11326440.0,70.46712,0.08994345253762509,0.11985958560664417,24.45747709274292
0.48360655737704916,0.8813559412956238,,0.0,0.8574156448563777,0.8370139200758295,2.322033820776136,0.8370139200758295,,1.0,-44.16238021850586,61.03239440917969,0.01923076994717121,76606.23,1279304800.0,0.08312124555445392,0.09886450600044146,34.29211473464966
0.5081967213114754,1.0,,0.0,0.8732017428301575,0.8731737842111671,0.8897465532206138,0.8731737842111671,,0.9992987377279102,-115.0452651977539,53.749210357666016,0.0,213346.58,765245760.0,0.09947629905442189,0.10614956931861372,27.959884881973267
