model_returned_smth,valid_cf_disc,dissimilarity_proximity_categorical_hamming,dissimilarity_proximity_categorical_jaccard,dissimilarity_proximity_continuous_manhatan,dissimilarity_proximity_continuous_euclidean,dissimilarity_proximity_continuous_mad,distance_l2_jaccard,distance_mad_hamming,sparsity,flow_log_density_cfs,flow_log_density_xs,flow_prob_condition_acc,lof_scores_xs,lof_scores_cfs,isolation_forest_scores_xs,isolation_forest_scores_cfs,time
1.0,1.0,,0.0,1.1978889004847328,0.9262447075822712,2.1753083662444066,0.9262447075822712,,0.9960798289379901,-2736.443359375,49.83808135986328,0.0,70484.47,32641.217,0.10099604499921064,0.07784181881713308,24.978585481643677
1.0,0.9754098653793335,,0.0,1.1713583222092379,0.9596075508087224,48.476816333269504,0.9596075508087224,,0.9942979330007128,-12577.0751953125,50.09296417236328,0.008196720853447914,79869.945,32000.69,0.09469534147788179,0.07505600571129709,50.31287455558777
1.0,0.9016393423080444,,0.0,1.35323752246315,1.029740076171704,34.577061283768536,1.029740076171704,,0.9814682822523164,-1797.587890625,49.122581481933594,0.0,82057.266,35996.93,0.0854138681551411,0.05788385253914837,41.02476763725281
0.5,1.0,,0.0,0.7526882555553982,0.7526691008417377,0.7705402358294465,0.7526691008417377,,0.9985744832501782,-665.84912109375,59.792545318603516,0.0,48939.945,46488.316,0.15437330320756384,0.13449414804052892,8.208637952804565
1.0,0.9672130942344666,,0.0,1.4516933957879874,1.1527329605504792,64.70058412906513,1.1527329605504792,,0.9853884533143265,-8143.53076171875,31.703536987304688,0.04098360612988472,134890.11,2353473.2,0.09892360237078748,0.08283841657592751,32.76222038269043
