,precision,recall,f1-score,support
0,0.778021978021978,0.688715953307393,0.7306501547987616,1028.0
1,0.6995305164319249,0.7866948257655755,0.7405566600397614,947.0
accuracy,0.7356962025316456,0.7356962025316456,0.7356962025316456,0.7356962025316456
macro avg,0.7387762472269515,0.7377053895364842,0.7356034074192614,1975.0
weighted avg,0.74038581897095,0.7356962025316456,0.7354002613624208,1975.0
