,precision,recall,f1-score,support
0,0.7172236503856041,0.8149951314508277,0.7629899726526892,1027.0
1,0.7645600991325898,0.6515311510031679,0.7035347776510832,947.0
accuracy,0.7365754812563323,0.7365754812563323,0.7365754812563323,0.7365754812563323
macro avg,0.7408918747590969,0.7332631412269979,0.7332623751518862,1974.0
weighted avg,0.739932676202927,0.7365754812563323,0.7344671410080483,1974.0
