,precision,recall,f1-score,support
0,0.7480392156862745,0.7422178988326849,0.7451171875,1028.0
1,0.7225130890052356,0.7286166842661035,0.7255520504731862,947.0
accuracy,0.7356962025316456,0.7356962025316456,0.7356962025316456,0.7356962025316456
macro avg,0.735276152345755,0.7354172915493942,0.735334618986593,1975.0
weighted avg,0.7357995995004801,0.7356962025316456,0.7357358281256239,1975.0
