,precision,recall,f1-score,support
0,0.7374517374517374,0.7439143135345667,0.7406689287445468,1027.0
1,0.7196162046908315,0.7127771911298838,0.7161803713527851,947.0
accuracy,0.7289766970618035,0.7289766970618035,0.7289766970618035,0.7289766970618035
macro avg,0.7285339710712845,0.7283457523322252,0.728424650048666,1974.0
weighted avg,0.7288953800431366,0.7289766970618035,0.7289208720829469,1974.0
