,precision,recall,f1-score,support
0,0.7061855670103093,0.8003894839337877,0.7503423094477407,1027.0
1,0.7469135802469136,0.6388595564941922,0.688673875924872,947.0
accuracy,0.7228976697061803,0.7228976697061803,0.7228976697061803,0.7228976697061803
macro avg,0.7265495736286114,0.7196245202139899,0.7195080926863063,1974.0
weighted avg,0.7257242846065931,0.7228976697061803,0.7207577063341862,1974.0
