,precision,recall,f1-score,support
0,0.748587570621469,0.7740993184031159,0.7611297271421733,1027.0
1,0.7456140350877193,0.7180570221752904,0.7315761161915008,947.0
accuracy,0.7472137791286727,0.7472137791286727,0.7472137791286727,0.7472137791286727
macro avg,0.7471008028545941,0.7460781702892032,0.746352921666837,1974.0
weighted avg,0.7471610568674361,0.7472137791286727,0.7469517790315924,1974.0
