,precision,recall,f1-score,support
0,0.7296538821328344,0.759493670886076,0.7442748091603053,1027.0
1,0.7270718232044199,0.6948257655755016,0.7105831533477321,947.0
accuracy,0.7284701114488349,0.7284701114488349,0.7284701114488349,0.7284701114488349
macro avg,0.7283628526686272,0.7271597182307887,0.7274289812540187,1974.0
weighted avg,0.728415174024826,0.7284701114488349,0.7281116895784883,1974.0
