,precision,recall,f1-score,support
0,0.7590953785644051,0.7509727626459144,0.7550122249388753,1028.0
1,0.732776617954071,0.7412882787750792,0.7370078740157481,947.0
accuracy,0.7463291139240507,0.7463291139240507,0.7463291139240507,0.7463291139240507
macro avg,0.7459359982592381,0.7461305207104968,0.7460100494773116,1975.0
weighted avg,0.7464756994261842,0.7463291139240507,0.7463792526228239,1975.0
