,precision,recall,f1-score,support
0,0.7512007684918348,0.7607003891050583,0.7559207346544224,1028.0
1,0.7366167023554604,0.7265047518479408,0.7315257841573631,947.0
accuracy,0.7443037974683544,0.7443037974683544,0.7443037974683544,0.7443037974683544
macro avg,0.7439087354236475,0.7436025704764996,0.7437232594058928,1975.0
weighted avg,0.7442078010836594,0.7443037974683544,0.7442235102895034,1975.0
