,precision,recall,f1-score,support
0,0.7340529931305201,0.7283349561830574,0.7311827956989247,1027.0
1,0.7078534031413612,0.7138331573389651,0.7108307045215563,947.0
accuracy,0.7213779128672746,0.7213779128672746,0.7213779128672746,0.7213779128672746
macro avg,0.7209531981359407,0.7210840567610113,0.7210067501102405,1974.0
weighted avg,0.7214840915501081,0.7213779128672746,0.7214191531736118,1974.0
