,precision,recall,f1-score,support
0,0.7078651685393258,0.7974683544303798,0.75,1027.0
1,0.7454100367197063,0.6430834213305174,0.6904761904761905,947.0
accuracy,0.723404255319149,0.723404255319149,0.723404255319149,0.723404255319149
macro avg,0.726637602629516,0.7202758878804486,0.7202380952380952,1974.0
weighted avg,0.7258768150270768,0.723404255319149,0.721444251459449,1974.0
