,precision,recall,f1-score,support
0,0.7456230690010298,0.7049659201557936,0.7247247247247247,1027.0
1,0.6979062811565304,0.7391763463569165,0.717948717948718,947.0
accuracy,0.7213779128672746,0.7213779128672746,0.7213779128672746,0.7213779128672746
macro avg,0.7217646750787801,0.7220711332563551,0.7213367213367213,1974.0
weighted avg,0.722731580607544,0.7213779128672746,0.7214740264385654,1974.0
