,precision,recall,f1-score,support
0,0.7474178403755869,0.77431906614786,0.7606306736741519,1028.0
1,0.7450549450549451,0.7159450897571278,0.7302100161550888,947.0
accuracy,0.7463291139240507,0.7463291139240507,0.7463291139240507,0.7463291139240507
macro avg,0.746236392715266,0.7451320779524939,0.7454203449146204,1975.0
weighted avg,0.7462848470243729,0.7463291139240507,0.7460441609295682,1975.0
