,precision,recall,f1-score,support
0,0.7390862944162436,0.7088607594936709,0.7236580516898609,1027.0
1,0.6976744186046512,0.7286166842661035,0.7128099173553719,947.0
accuracy,0.7183383991894631,0.7183383991894631,0.7183383991894631,0.7183383991894631
macro avg,0.7183803565104474,0.7187387218798872,0.7182339845226164,1974.0
weighted avg,0.7192195029301353,0.7183383991894631,0.7184538048738726,1974.0
