,precision,recall,f1-score,support
0,0.7272727272727273,0.747809152872444,0.7373979836773884,1027.0
1,0.7178649237472767,0.6958817317845829,0.7067024128686327,947.0
accuracy,0.7228976697061803,0.7228976697061803,0.7228976697061803,0.7228976697061803
macro avg,0.722568825510002,0.7218454423285134,0.7220501982730105,1974.0
weighted avg,0.722759459826627,0.7228976697061803,0.7226721956551535,1974.0
