,precision,recall,f1-score,support
0,0.7348703170028819,0.744888023369036,0.7398452611218569,1027.0
1,0.7191854233654876,0.7085533262935586,0.7138297872340426,947.0
accuracy,0.7274569402228976,0.7274569402228976,0.7274569402228976,0.7274569402228976
macro avg,0.7270278701841848,0.7267206748312973,0.7268375241779497,1974.0
weighted avg,0.7273456998424905,0.7274569402228976,0.7273646867693948,1974.0
