,precision,recall,f1-score,support
0,0.7448347107438017,0.7020447906523856,0.7228070175438597,1027.0
1,0.6958250497017893,0.7391763463569165,0.7168458781362007,947.0
accuracy,0.7198581560283688,0.7198581560283688,0.7198581560283688,0.7198581560283688
macro avg,0.7203298802227955,0.7206105685046511,0.7198264478400302,1974.0
weighted avg,0.7213229837900096,0.7198581560283688,0.7199472409384631,1974.0
