,precision,recall,f1-score,support
0,0.7497612225405922,0.7643622200584226,0.7569913211186113,1027.0
1,0.7389428263214671,0.723336853220697,0.7310565635005336,947.0
accuracy,0.7446808510638298,0.7446808510638298,0.7446808510638298,0.7446808510638298
macro avg,0.7443520244310297,0.7438495366395598,0.7440239423095725,1974.0
weighted avg,0.7445712421862297,0.7446808510638298,0.7445494693129783,1974.0
