,precision,recall,f1-score,support
0,0.8724489795918368,0.3326848249027237,0.48169014084507045,1028.0
1,0.5666456096020215,0.9472016895459345,0.7090909090909091,947.0
accuracy,0.6273417721518987,0.6273417721518987,0.6273417721518987,0.6273417721518987
macro avg,0.7195472945969291,0.6399432572243291,0.5953905249679898,1975.0
weighted avg,0.7258181991460874,0.6273417721518987,0.5907273699735813,1975.0
