,precision,recall,f1-score,support
0,0.750236518448439,0.7721518987341772,0.7610364683301344,1027.0
1,0.7448200654307524,0.7212249208025343,0.7328326180257511,947.0
accuracy,0.7477203647416414,0.7477203647416414,0.7477203647416414,0.7477203647416414
macro avg,0.7475282919395957,0.7466884097683557,0.7469345431779427,1974.0
weighted avg,0.7476380478264789,0.7477203647416414,0.7475060497697236,1974.0
