,precision,recall,f1-score,support
0,0.7424400417101147,0.6932814021421616,0.7170191339375629,1027.0
1,0.6896551724137931,0.7391763463569165,0.7135575942915392,947.0
accuracy,0.7152988855116514,0.7152988855116514,0.7152988855116514,0.7152988855116514
macro avg,0.7160476070619539,0.7162288742495391,0.7152883641145511,1974.0
weighted avg,0.7171172092766717,0.7152988855116514,0.715358506761887,1974.0
