,precision,recall,f1-score,support
0,0.7263157894736842,0.73904576436222,0.7326254826254827,1027.0
1,0.7115177610333692,0.6979936642027456,0.7046908315565032,947.0
accuracy,0.7193515704154002,0.7193515704154002,0.7193515704154002,0.7193515704154002
macro avg,0.7189167752535267,0.7185197142824828,0.7186581570909929,1974.0
weighted avg,0.7192166339858533,0.7193515704154002,0.7192242087843865,1974.0
