,precision,recall,f1-score,support
0,0.7393410852713178,0.7429406037000974,0.7411364740165128,1027.0
1,0.7197452229299363,0.7159450897571278,0.7178401270513499,947.0
accuracy,0.7299898682877406,0.7299898682877406,0.7299898682877406,0.7299898682877406
macro avg,0.729543154100627,0.7294428467286126,0.7294883005339314,1974.0
weighted avg,0.7299402333780612,0.7299898682877406,0.7299603643022223,1974.0
