,precision,recall,f1-score,support
0,0.7196969696969697,0.7400194741966893,0.7297167546807489,1027.0
1,0.7091503267973857,0.6874340021119324,0.6981233243967828,947.0
accuracy,0.7147922998986829,0.7147922998986829,0.7147922998986829,0.7147922998986829
macro avg,0.7144236482471777,0.7137267381543109,0.7139200395387659,1974.0
weighted avg,0.7146373593494995,0.7147922998986829,0.7145602306286132,1974.0
