,precision,recall,f1-score,support
0,0.7515723270440252,0.6981499513145083,0.723876829883897,1027.0
1,0.696078431372549,0.7497360084477297,0.7219115404168785,947.0
accuracy,0.7228976697061803,0.7228976697061803,0.7228976697061803,0.7228976697061803
macro avg,0.7238253792082872,0.723942979881119,0.7228941851503878,1974.0
weighted avg,0.7249498755744771,0.7228976697061803,0.7229340086451601,1974.0
