,precision,recall,f1-score,support
0,0.7140425531914893,0.8169425511197663,0.7620345140781108,1027.0
1,0.7647058823529411,0.6451953537486801,0.699885452462772,947.0
accuracy,0.7345491388044579,0.7345491388044579,0.7345491388044579,0.7345491388044579
macro avg,0.7393742177722152,0.7310689524342232,0.7309599832704414,1974.0
weighted avg,0.7383476052258838,0.7345491388044579,0.7322193360893946,1974.0
