,precision,recall,f1-score,support
0,0.7434782608695653,0.7702702702702703,0.7566371681415929,222.0
1,0.7616822429906542,0.7342342342342343,0.7477064220183486,222.0
accuracy,0.7522522522522522,0.7522522522522522,0.7522522522522522,0.7522522522522522
macro avg,0.7525802519301097,0.7522522522522523,0.7521717950799707,444.0
weighted avg,0.7525802519301098,0.7522522522522522,0.7521717950799708,444.0
