,train_ll,test_ll
0,83.5848617553711,24.454496383666992
