,train_ll,test_ll
0,-59.759883880615234,-59.692745208740234
