,train_ll,test_ll
0,83.58486938476562,22.918771743774414
