,train_ll,test_ll
0,37.72339630126953,37.31368637084961
