,train_ll,test_ll
0,37.69695281982422,37.313690185546875
