,train_ll,test_ll
0,-59.30202102661133,-59.35918426513672
