,train_ll,test_ll
0,-59.75468826293945,-59.828739166259766
