,train_ll,test_ll
0,-59.7475700378418,-59.7180061340332
