,train_ll,test_ll
0,-59.31452178955078,-59.27534866333008
