,train_ll,test_ll
0,33.00606918334961,36.3851318359375
