,train_ll,test_ll
0,34.40930938720703,32.42351150512695
