,train_ll,test_ll
0,83.58488464355469,22.09857749938965
