,train_ll,test_ll
0,34.289947509765625,32.42351150512695
