,train_ll,test_ll
0,-59.318336486816406,-59.39131164550781
