,train_ll,test_ll
0,37.59819793701172,37.31368637084961
