,train_ll,test_ll
0,-59.295265197753906,-59.35931396484375
