,train_ll,test_ll
0,37.52957534790039,32.4938850402832
