,train_ll,test_ll
0,-59.29730987548828,-59.287559509277344
