,train_ll,test_ll
0,32.93511962890625,36.3851318359375
