,train_ll,test_ll
0,83.58552551269531,22.891355514526367
