,train_ll,test_ll
0,36.96927261352539,40.37196350097656
