,train_ll,test_ll
0,37.487430572509766,32.4938850402832
