,train_ll,test_ll
0,83.58553314208984,20.95985984802246
