,train_ll,test_ll
0,47.97199630737305,53.26451873779297
