,train_ll,test_ll
0,36.97197723388672,40.37196350097656
