,train_ll,test_ll
0,36.93824005126953,40.37196350097656
