,train_ll,test_ll
0,-59.80500793457031,-59.93970489501953
