,train_ll,test_ll
0,-59.74073028564453,-59.79172897338867
