,train_ll,test_ll
0,32.91562271118164,36.3851318359375
