,train_ll,test_ll
0,37.55257034301758,32.4938850402832
