,train_ll,test_ll
0,34.3321418762207,32.42351150512695
