model_returned_smth,valid_cf_disc,dissimilarity_proximity_categorical_hamming,dissimilarity_proximity_categorical_jaccard,dissimilarity_proximity_continuous_manhatan,dissimilarity_proximity_continuous_euclidean,dissimilarity_proximity_continuous_mad,distance_l2_jaccard,distance_mad_hamming,sparsity,flow_log_density_cfs,flow_log_density_xs,flow_prob_condition_acc,lof_scores_xs,lof_scores_cfs,isolation_forest_scores_xs,isolation_forest_scores_cfs,time
1.0,1.0,,0.0,8.510060482342006,1.3695606847565864,34.58374462188185,1.3695606847565864,,1.0,42.47002029418945,36.3851318359375,0.9972222447395325,1.0463169,1.0532881,0.024403841468549976,0.032879733134522464,36.77762842178345
1.0,1.0,,0.0,8.467499373858162,1.3706431642288028,30.40464927857537,1.3706431642288028,,1.0,46.31327438354492,32.4938850402832,0.9972222447395325,1.046061,1.0509189,0.011795275481859161,0.02511359897327438,37.97735667228699
1.0,1.0,,0.0,8.725777433062705,1.4078361196176465,36.61741753934159,1.4078361196176465,,1.0,43.82585144042969,32.42351150512695,0.9972144961357117,1.0412898,1.0501702,0.017134107471988354,0.02698229354349222,35.48196840286255
1.0,1.0,,0.0,8.572741224541794,1.389110468966099,32.23636049814094,1.389110468966099,,0.9972144846796658,45.90269088745117,40.37196350097656,0.9944289922714233,1.047923,1.0571934,0.021573844915166444,0.02778025389782919,34.99640941619873
1.0,1.0,,0.0,8.386423732758146,1.3697305281083514,30.232059088324604,1.3697305281083514,,0.9972144846796658,46.38777542114258,37.31368637084961,1.0,1.04825,1.0547986,0.01969823236322206,0.03514801154323408,33.656394720077515
