model_returned_smth,valid_cf_disc,dissimilarity_proximity_categorical_hamming,dissimilarity_proximity_categorical_jaccard,dissimilarity_proximity_continuous_manhatan,dissimilarity_proximity_continuous_euclidean,dissimilarity_proximity_continuous_mad,distance_l2_jaccard,distance_mad_hamming,sparsity,flow_log_density_cfs,flow_log_density_xs,flow_prob_condition_acc,lof_scores_xs,lof_scores_cfs,isolation_forest_scores_xs,isolation_forest_scores_cfs,time
1.0,1.0,,0.0,8.672552695658787,1.3970965000330466,35.12490182415521,1.3970965000330466,,1.0,42.22279739379883,36.3851318359375,0.9916666746139526,1.0425371,1.0485716,0.022732003501309272,0.022415899327544873,25.285606145858765
1.0,0.9972222447395325,,0.0,8.627092008036884,1.401157532575339,31.06532321386931,1.401157532575339,,1.0,45.26520919799805,32.468482971191406,0.9665738344192505,1.0434576,1.0471916,0.014377742033858333,0.025891335261365125,24.96001410484314
1.0,0.9916434288024902,,0.0,9.131821706550939,1.4714467033538805,38.055088880168846,1.4714467033538805,,1.0,42.5315055847168,32.405738830566406,0.9915730357170105,1.0395094,1.0481597,0.017598092875262573,0.017000249845075647,25.296409606933594
1.0,0.9944289922714233,,0.0,8.975510195300918,1.4663304990351282,33.702412336183265,1.4663304990351282,,1.0,45.1321907043457,40.49783706665039,0.9719887971878052,1.0442712,1.0530167,0.02031399001703447,0.025477998562976886,25.446597814559937
1.0,0.9972144961357117,,0.0,8.503436202388416,1.3846729982087445,30.276233630168498,1.3846729982087445,,1.0,45.7295036315918,37.286014556884766,0.9776536226272583,1.0427816,1.0506928,0.024392917932413407,0.036368814656225414,24.438074350357056
