model_returned_smth,valid_cf_disc,dissimilarity_proximity_categorical_hamming,dissimilarity_proximity_categorical_jaccard,dissimilarity_proximity_continuous_manhatan,dissimilarity_proximity_continuous_euclidean,dissimilarity_proximity_continuous_mad,distance_l2_jaccard,distance_mad_hamming,sparsity,flow_log_density_cfs,flow_log_density_xs,flow_prob_condition_acc,lof_scores_xs,lof_scores_cfs,isolation_forest_scores_xs,isolation_forest_scores_cfs,time
1.0,1.0,,0.0,12.441569791560484,2.0655743876419446,50.3586246184117,2.0655743876419446,,1.0,41.08280563354492,36.3851318359375,0.9972222447395325,1.0434062,1.1315861,0.020464478122203998,0.0207152057883912,9.532000064849854
1.0,1.0,,0.0,12.688882792140127,2.1471656302975153,45.18944598791296,2.1471656302975153,,1.0,45.538818359375,32.4938850402832,0.9944444298744202,1.0568944,1.1359605,0.010775197034257326,0.018555745297136418,9.49138617515564
1.0,1.0,,0.0,12.870018202399617,2.1392910885001024,54.2122436832185,2.1392910885001024,,1.0,42.9798698425293,32.42351150512695,0.9972144961357117,1.0522075,1.1241962,0.013428328030361519,0.017158864768737733,9.476332664489746
1.0,1.0,,0.0,12.688834645239886,2.1397936115839746,47.594696682544935,2.1397936115839746,,1.0,45.21536636352539,40.37196350097656,1.0,1.0394866,1.1178347,0.02295437620682947,0.02968177876774527,9.491747856140137
1.0,1.0,,0.0,12.646429460588074,2.1441838925173475,45.83234167586893,2.1441838925173475,,1.0,46.06727600097656,37.313690185546875,0.9888579249382019,1.0483919,1.106482,0.019671973525184162,0.028822887961472518,9.612966775894165
