model_returned_smth,valid_cf_disc,dissimilarity_proximity_categorical_hamming,dissimilarity_proximity_categorical_jaccard,dissimilarity_proximity_continuous_manhatan,dissimilarity_proximity_continuous_euclidean,dissimilarity_proximity_continuous_mad,distance_l2_jaccard,distance_mad_hamming,sparsity,flow_log_density_cfs,flow_log_density_xs,flow_prob_condition_acc,lof_scores_xs,lof_scores_cfs,isolation_forest_scores_xs,isolation_forest_scores_cfs,time
1.0,1.0,,0.0,7.525623751896086,1.3246389211514402,30.96848368121719,1.3246389211514402,,1.0,41.184085845947266,36.3851318359375,1.0,1.0434062,1.1495162,0.020464478122203998,0.0231048322516025,76.11096596717834
1.0,1.0,,0.0,7.777117571054029,1.3643579914052033,27.307725223879768,1.3643579914052033,,1.0,45.2535514831543,32.4938850402832,1.0,1.0568944,1.1541988,0.010775197034257326,0.01712094341293471,65.64053463935852
1.0,1.0,,0.0,8.049955697008016,1.3940430067821852,34.033937840872476,1.3940430067821852,,0.99804143454039,42.71231460571289,32.42351150512695,0.9972144961357117,1.0522075,1.1510899,0.013428328030361517,0.018166471179458674,68.70005512237549
1.0,1.0,,0.0,7.816813463375231,1.3738388719719434,29.35194604460571,1.3738388719719434,,0.9993906685236769,44.91998291015625,40.37196350097656,1.0,1.0394866,1.1431965,0.02295437620682947,0.03233147670910351,68.867511510849
1.0,1.0,,0.0,7.618312173132318,1.341970154062353,27.25808451994634,1.341970154062353,,1.0,45.77143478393555,37.31368637084961,0.9972144961357117,1.0483919,1.1382505,0.019671973525184162,0.027918688160627363,67.93098378181458
