model_returned_smth,valid_cf_disc,dissimilarity_proximity_categorical_hamming,dissimilarity_proximity_categorical_jaccard,dissimilarity_proximity_continuous_manhatan,dissimilarity_proximity_continuous_euclidean,dissimilarity_proximity_continuous_mad,distance_l2_jaccard,distance_mad_hamming,sparsity,flow_log_density_cfs,flow_log_density_xs,flow_prob_condition_acc,lof_scores_xs,lof_scores_cfs,isolation_forest_scores_xs,isolation_forest_scores_cfs,time
1.0,1.0,,0.0,8.604352770303127,1.3849868017070568,34.79519955506847,1.3849868017070568,,1.0,40.986385345458984,36.3851318359375,0.9777777791023254,1.0434062,1.1229192,0.020464478122203998,0.025463672592236343,25.285606145858765
1.0,1.0,,0.0,8.618133198988733,1.39961685496746,30.93394131084005,1.39961685496746,,1.0,45.126224517822266,32.4938850402832,0.9666666388511658,1.0568944,1.1388937,0.010775197034257326,0.021510078266008117,24.96001410484314
1.0,0.9972144961357117,,0.0,9.148826994912838,1.4741956586963576,38.291817679181655,1.4741956586963576,,1.0,41.61073684692383,32.45970153808594,0.9832402467727661,1.0522075,1.1346141,0.013428328030361517,0.019189656781241213,25.2964096069336
1.0,0.9972144961357117,,0.0,9.026321971634292,1.4745550149431315,33.83500248885498,1.4745550149431315,,1.0,45.449615478515625,40.453426361083984,0.9776536226272583,1.0394866,1.1210741,0.02295437620682947,0.03363966371054157,25.446597814559937
1.0,1.0,,0.0,8.483708503428613,1.3811131215410661,30.486561722898724,1.3811131215410661,,1.0,46.15544891357422,37.31368637084961,0.9805014133453369,1.0483919,1.1107804,0.019671973525184162,0.028907098743427114,24.438074350357056
