model_returned_smth,valid_cf_disc,dissimilarity_proximity_categorical_hamming,dissimilarity_proximity_categorical_jaccard,dissimilarity_proximity_continuous_manhatan,dissimilarity_proximity_continuous_euclidean,dissimilarity_proximity_continuous_mad,distance_l2_jaccard,distance_mad_hamming,sparsity,flow_log_density_cfs,flow_log_density_xs,flow_prob_condition_acc,lof_scores_xs,lof_scores_cfs,isolation_forest_scores_xs,isolation_forest_scores_cfs,time
1.0,0.9555555582046509,,0.0,7.975436982807505,1.3785843151233945,33.840333514277596,1.3785843151233945,,0.9977743459302325,41.100013732910156,36.66785430908203,1.0,1.0368242,1.0494158,0.0236287308790753,0.021666218010238988,33.532031536102295
1.0,0.9611111283302307,,0.0,7.909276636336167,1.3711526629852115,25.981546502274146,1.3711526629852115,,1.0,45.074405670166016,32.19698715209961,0.9971098303794861,1.0361634,1.04462,0.019096470860467913,0.02458486759102659,34.1072883605957
1.0,0.961002767086029,,0.0,8.479074032223652,1.4475868285211062,35.56109386683254,1.4475868285211062,,0.9972826086956522,42.56767272949219,32.22660827636719,1.0,1.0346341,1.047543,0.013920343797538188,0.019105124570320146,34.682148694992065
1.0,0.9303621053695679,,0.0,7.9958451740414676,1.3827090279978975,30.15206811571785,1.3827090279978975,,0.9980819610778443,44.59663391113281,40.8589973449707,1.0,1.0354146,1.0507827,0.025187018223845364,0.031259662287468945,35.13092851638794
1.0,0.9860724210739136,,0.0,7.885030210066641,1.3694178316961787,28.239491691371928,1.3694178316961787,,0.9968661723163842,45.49072265625,41.47171401977539,1.0,1.0356216,1.0487112,0.0251697017796465,0.027994276308586367,35.02911591529846
