model_returned_smth,valid_cf_disc,dissimilarity_proximity_categorical_hamming,dissimilarity_proximity_categorical_jaccard,dissimilarity_proximity_continuous_manhatan,dissimilarity_proximity_continuous_euclidean,dissimilarity_proximity_continuous_mad,distance_l2_jaccard,distance_mad_hamming,sparsity,flow_log_density_cfs,flow_log_density_xs,flow_prob_condition_acc,lof_scores_xs,lof_scores_cfs,isolation_forest_scores_xs,isolation_forest_scores_cfs,time
1.0,1.0,,0.0,7.930301746102121,1.2649294067675048,31.981376088968297,1.2649294067675048,,1.0,41.73698425292969,36.3851318359375,1.0,1.0434062,1.1169984,0.020464478122203998,0.024089021853190316,9.812520265579224
1.0,1.0,,0.0,8.171816260607969,1.3112394853278175,29.277065322015773,1.3112394853278175,,1.0,45.445594787597656,32.4938850402832,1.0,1.0568944,1.1297215,0.010775197034257326,0.018700095119884803,5.724138498306274
1.0,1.0,,0.0,8.56021644829765,1.3718570703453072,36.07627265159039,1.3718570703453072,,1.0,43.28227996826172,32.42351150512695,1.0,1.0522075,1.1248264,0.013428328030361517,0.01957739577159195,6.009798526763916
1.0,1.0,,0.0,8.267933610151106,1.3366618481002048,31.29649299895085,1.3366618481002048,,1.0,45.30791473388672,40.37196350097656,0.9972144961357117,1.0394866,1.1164016,0.02295437620682947,0.03292585676578891,7.297592401504517
1.0,1.0,,0.0,8.44097415362447,1.368981988649451,29.873498763769557,1.368981988649451,,1.0,46.327919006347656,37.31368637084961,0.9916434288024902,1.0483919,1.1045964,0.019671973525184162,0.03138975856645357,14.53963303565979
