model_returned_smth,valid_cf_disc,dissimilarity_proximity_categorical_hamming,dissimilarity_proximity_categorical_jaccard,dissimilarity_proximity_continuous_manhatan,dissimilarity_proximity_continuous_euclidean,dissimilarity_proximity_continuous_mad,distance_l2_jaccard,distance_mad_hamming,sparsity,flow_log_density_cfs,flow_log_density_xs,flow_prob_condition_acc,lof_scores_xs,lof_scores_cfs,isolation_forest_scores_xs,isolation_forest_scores_cfs,time
1.0,1.0,,0.0,7.525623751896086,1.3246389211514402,30.96848368121719,1.3246389211514402,,1.0,41.184085845947266,36.3851318359375,1.0,1.036694,1.0494654,0.021496909737228478,0.025202815308758886,76.11096596717834
1.0,1.0,,0.0,7.777117571054029,1.3643579914052033,27.307725223879768,1.3643579914052033,,1.0,45.2535514831543,32.4938850402832,1.0,1.0366043,1.0442903,0.022128536595310142,0.03000846656825929,65.64053463935852
1.0,1.0,,0.0,8.049955697008016,1.3940430067821852,34.033937840872476,1.3940430067821852,,0.99804143454039,42.71231460571289,32.42351150512695,0.9972144961357117,1.0352019,1.0474937,0.015946469449915245,0.01988510042417699,68.70005512237549
1.0,1.0,,0.0,7.816813463375231,1.3738388719719434,29.35194604460571,1.3738388719719434,,0.9993906685236769,44.91998291015625,40.37196350097656,1.0,1.0378635,1.0518535,0.022977596536603695,0.02535251409348084,68.867511510849
1.0,1.0,,0.0,7.618312173132318,1.341970154062353,27.25808451994634,1.341970154062353,,1.0,45.77143478393555,37.31368637084961,0.9972144961357117,1.0368856,1.0478036,0.021715615434829628,0.024228013705806586,67.93098378181458
