model_returned_smth,valid_cf_disc,dissimilarity_proximity_categorical_hamming,dissimilarity_proximity_categorical_jaccard,dissimilarity_proximity_continuous_manhatan,dissimilarity_proximity_continuous_euclidean,dissimilarity_proximity_continuous_mad,distance_l2_jaccard,distance_mad_hamming,sparsity,flow_log_density_cfs,flow_log_density_xs,flow_prob_condition_acc,lof_scores_xs,lof_scores_cfs,isolation_forest_scores_xs,isolation_forest_scores_cfs,time
1.0,1.0,,0.0,8.074789634620402,1.264547766461351,32.70769866543435,1.264547766461351,,1.0,41.16537857055664,36.3851318359375,1.0,1.0371275,1.0458055,0.029210215615314915,0.031006799384447482,9.812520265579224
1.0,1.0,,0.0,8.233304891576482,1.3027534714883644,29.613821007031362,1.3027534714883644,,1.0,44.92318344116211,32.4938850402832,0.9972222447395325,1.0366925,1.041563,0.015339006969244649,0.015644651158535864,5.724138498306274
1.0,1.0,,0.0,8.647623588803006,1.3626511558228271,36.76045565026926,1.3626511558228271,,0.9972144846796658,42.749385833740234,32.42351150512695,1.0,1.0357106,1.0470601,0.015257840296289012,0.01928394357909767,6.009798526763916
1.0,1.0,,0.0,8.35011973720608,1.3243226968058446,31.862915407499823,1.3243226968058446,,1.0,44.867698669433594,40.37196350097656,1.0,1.0382689,1.0498303,0.02257312600356518,0.023874050506281688,7.297592401504517
1.0,1.0,,0.0,8.184467503434949,1.2943047854290894,29.085470287536484,1.2943047854290894,,1.0,45.31460952758789,37.31368637084961,0.9972144961357117,1.0373392,1.046936,0.022524735503959694,0.028751736163403784,14.53963303565979
