,precision,recall,f1-score,support
0,0.7315175097276264,0.8468468468468469,0.7849686847599165,222.0
1,0.8181818181818182,0.6891891891891891,0.7481662591687042,222.0
accuracy,0.7680180180180181,0.7680180180180181,0.7680180180180181,0.7680180180180181
macro avg,0.7748496639547223,0.7680180180180181,0.7665674719643103,444.0
weighted avg,0.7748496639547223,0.7680180180180181,0.7665674719643103,444.0
