,train_ll,test_ll
0,1.5718070268630981,1.6506330966949463
