model_returned_smth,valid_cf_disc,dissimilarity_proximity_categorical_hamming,dissimilarity_proximity_categorical_jaccard,dissimilarity_proximity_continuous_manhatan,dissimilarity_proximity_continuous_euclidean,dissimilarity_proximity_continuous_mad,distance_l2_jaccard,distance_mad_hamming,sparsity,flow_log_density_cfs,flow_log_density_xs,flow_prob_condition_acc,lof_scores_xs,lof_scores_cfs,isolation_forest_scores_xs,isolation_forest_scores_cfs,time
0.9,1.0,,0.0,0.5820517067831975,0.5277530072875615,2.8349513638902595,0.5277530072875615,,0.662962962962963,-23.237754821777344,2.5227267742156982,0.0,1.0974929,3.1635253,0.018596253076641964,-0.11043941790725935,1314.748631477356
0.9133333333333333,1.0,,0.0,0.549180525905677,0.49738908825573264,2.7697439575227945,0.49738908825573264,,0.6532846715328468,-43.147396087646484,2.5877223014831543,0.0,1.1076694,3.1934505,0.015508409793053284,-0.1130212265160382,1322.5733234882355
0.91,1.0,,0.0,0.6051085423746388,0.5403045240337551,2.939296088812552,0.5403045240337551,,0.6703296703296703,-22.10900115966797,2.655353307723999,0.0,1.0946437,3.0260546,0.012001778306477242,-0.11235007018825674,1332.5038504600525
0.8266666666666667,1.0,,0.0,0.5728673511935819,0.5120653861066853,2.790478037489999,0.5120653861066853,,0.6834677419354839,-19.121471405029297,2.6763999462127686,0.0,1.1033852,3.1280766,0.014724179396926268,-0.11763569412597231,1326.358231306076
0.939799331103679,1.0,,0.0,0.5797904926978609,0.5222828771749886,2.6505105638631297,0.5222828771749886,,0.6708185053380783,-17.311513900756836,2.6698930263519287,0.0,1.0885376,2.9866877,0.018718765827988454,-0.11312252150751308,1353.366862297058
