model_returned_smth,valid_cf_disc,dissimilarity_proximity_categorical_hamming,dissimilarity_proximity_categorical_jaccard,dissimilarity_proximity_continuous_manhatan,dissimilarity_proximity_continuous_euclidean,dissimilarity_proximity_continuous_mad,distance_l2_jaccard,distance_mad_hamming,sparsity,flow_log_density_cfs,flow_log_density_xs,flow_prob_condition_acc,lof_scores_xs,lof_scores_cfs,isolation_forest_scores_xs,isolation_forest_scores_cfs,time
0.9666666666666667,1.0,,0.0,0.47301643490791323,0.4609018259862593,2.162054462473968,0.4609018259862593,,0.5293103448275862,-14.352121353149414,2.5633866786956787,0.0,1.0974929,3.42658,0.018596253076641964,-0.11472300194182239,516.0182211399078
0.97,1.0,,0.0,0.396059668683719,0.396059668683719,1.8296603843108894,0.396059668683719,,0.5,-20.015756607055664,2.588698625564575,0.0,1.1076694,3.4803286,0.015508409793053284,-0.11552503182379123,516.0409343242645
0.9566666666666667,1.0,,0.0,0.48157868435677753,0.47398479105018576,2.310272254179579,0.47398479105018576,,0.5278745644599303,-14.208100318908691,2.6072351932525635,0.0,1.0946437,3.5454278,0.012001778306477242,-0.11470045801501372,509.4832236766815
0.93,1.0,,0.0,0.46772220255439856,0.45754546435143195,2.1496999197536044,0.45754546435143195,,0.53584229390681,-13.452414512634277,2.635302782058716,0.0,1.1033852,3.641995,0.014724179396926268,-0.12236326330552914,517.0454921722412
0.9632107023411371,1.0,,0.0,0.48669540037452763,0.47482852462476366,2.2481989450752735,0.47482852462476366,,0.5416666666666666,-12.696041107177734,2.656982660293579,0.0,1.0885376,3.4467287,0.018718765827988454,-0.11724744310537843,504.1956059932709
