model_returned_smth,valid_cf_disc,dissimilarity_proximity_categorical_hamming,dissimilarity_proximity_categorical_jaccard,dissimilarity_proximity_continuous_manhatan,dissimilarity_proximity_continuous_euclidean,dissimilarity_proximity_continuous_mad,distance_l2_jaccard,distance_mad_hamming,sparsity,flow_log_density_cfs,flow_log_density_xs,flow_prob_condition_acc,lof_scores_xs,lof_scores_cfs,isolation_forest_scores_xs,isolation_forest_scores_cfs,time
1.0,0.6899999976158142,,0.0,0.4661954466415488,0.4588159940810458,2.050120160487539,0.4588159940810458,,0.5314009661835749,-12.337348937988281,2.581774950027466,0.0,1.0974929,3.387852,0.018596253076641964,-0.11175011413387399,1028.399167060852
0.9966666666666667,0.6187291145324707,,0.0,0.44804217932192053,0.43685830177324714,2.787518698460347,0.43685830177324714,,0.5297297297297298,-37.02473449707031,2.589617967605591,0.0,1.1076694,3.2362568,0.015508409793053284,-0.1114163787234735,1037.0132339000702
1.0,0.6899999976158142,,0.0,0.4927515789578502,0.4752802253435655,2.6742344422328874,0.4752802253435655,,0.5507246376811594,-14.060920715332031,2.644501209259033,0.0,1.0946437,3.442638,0.012001778306477242,-0.11209676264368997,1052.0043675899506
0.9433333333333334,0.7491165995597839,,0.0,0.4560833999289657,0.446312464888359,2.073217220463843,0.446312464888359,,0.5330188679245284,-15.873159408569336,2.6932687759399414,0.0,1.1033852,3.4939656,0.014724179396926268,-0.1118035896057948,1046.7903335094452
0.9163879598662207,0.7956204414367676,,0.0,0.4566810466007355,0.445122538086332,2.220739997034773,0.445122538086332,,0.5435779816513762,-13.582855224609375,2.713320732116699,0.0,1.0885376,3.2372615,0.018718765827988454,-0.11677147114153259,1067.5316348075867
