model_returned_smth,valid_cf_disc,dissimilarity_proximity_categorical_hamming,dissimilarity_proximity_categorical_jaccard,dissimilarity_proximity_continuous_manhatan,dissimilarity_proximity_continuous_euclidean,dissimilarity_proximity_continuous_mad,distance_l2_jaccard,distance_mad_hamming,sparsity,flow_log_density_cfs,flow_log_density_xs,flow_prob_condition_acc,lof_scores_xs,lof_scores_cfs,isolation_forest_scores_xs,isolation_forest_scores_cfs,time
0.9666666666666667,1.0,,0.0,0.47301643490791323,0.4609018259862593,2.162054462473968,0.4609018259862593,,0.5293103448275862,-20.492021560668945,2.5633866786956787,0.0,1.0803427,1.0887623,0.02121408641253252,-0.10955713665691601,516.0182211399078
0.97,0.9965635538101196,,0.0,0.396059668683719,0.396059668683719,1.8296603843108894,0.396059668683719,,0.5,-15.210376739501953,2.588698625564575,0.0,1.0808831,1.0855778,0.014883861419895983,-0.11602878440523491,516.0409343242645
0.9566666666666667,0.996515691280365,,0.0,0.48157868435677753,0.47398479105018576,2.310272254179579,0.47398479105018576,,0.5278745644599303,-21.272010803222656,2.6072351932525635,0.0,1.0891547,1.0847054,0.014991779805558948,-0.11558533396563458,509.4832236766815
0.93,1.0,,0.0,0.46772220255439856,0.45754546435143195,2.1496999197536044,0.45754546435143195,,0.53584229390681,-21.487634658813477,2.635302782058716,0.0,1.0770053,1.0929879,0.017015199803713462,-0.11813067040515982,517.0454921722412
0.9632107023411371,1.0,,0.0,0.48669540037452763,0.47482852462476366,2.2481989450752735,0.47482852462476366,,0.5416666666666666,-19.693300247192383,2.656982660293579,0.0,1.0843849,1.0852624,0.019552964436029555,-0.11566299553689577,504.1956059932709
