,train_ll,test_ll
0,2.505525827407837,2.668361186981201
