,train_ll,test_ll
0,0.8915305137634277,0.9099279046058655
