,train_ll,test_ll
0,2.5092849731445312,2.586142063140869
