,train_ll,test_ll
0,2.5435373783111572,2.5825822353363037
