,train_ll,test_ll
0,2.1009275913238525,2.108088970184326
