,train_ll,test_ll
0,2.525723457336426,2.5592422485351562
