,train_ll,test_ll
0,2.109006881713867,2.0929574966430664
