,train_ll,test_ll
0,1.183587908744812,1.258694052696228
