,train_ll,test_ll
0,2.4448044300079346,2.503053903579712
