,train_ll,test_ll
0,-1.8430699110031128,-1.8425862789154053
