,train_ll,test_ll
0,-1.837660312652588,-1.8376269340515137
