,train_ll,test_ll
0,-1.8378574848175049,-1.8376237154006958
