,train_ll,test_ll
0,2.5220820903778076,2.639678478240967
