,train_ll,test_ll
0,2.510655641555786,2.5798447132110596
