,train_ll,test_ll
0,2.0602989196777344,2.0666162967681885
