,train_ll,test_ll
0,2.5115182399749756,2.639678955078125
