,train_ll,test_ll
0,2.4852898120880127,2.5845232009887695
