,train_ll,test_ll
0,-1.8390483856201172,-1.8383147716522217
