,train_ll,test_ll
0,1.7332141399383545,1.7551995515823364
