,train_ll,test_ll
0,2.5462183952331543,2.58857798576355
