,train_ll,test_ll
0,2.5083601474761963,2.6076180934906006
