,train_ll,test_ll
0,0.6997300386428833,0.7333540916442871
