,train_ll,test_ll
0,-1.8386359214782715,-1.8380253314971924
