,train_ll,test_ll
0,0.5355390906333923,0.5582847595214844
