,train_ll,test_ll
0,2.517900228500366,2.6076180934906006
