,train_ll,test_ll
0,2.4951469898223877,2.5708556175231934
