,train_ll,test_ll
0,-1.8424252271652222,-1.842393398284912
