,train_ll,test_ll
0,-1.8424628973007202,-1.8423691987991333
