,train_ll,test_ll
0,2.4286022186279297,2.50305438041687
