,train_ll,test_ll
0,2.536320924758911,2.5592422485351562
