,train_ll,test_ll
0,-1.8426316976547241,-1.8421376943588257
