,train_ll,test_ll
0,2.5230371952056885,2.6123921871185303
