,train_ll,test_ll
0,2.453418493270874,2.5260322093963623
