,train_ll,test_ll
0,-1.8425517082214355,-1.8419440984725952
