,train_ll,test_ll
0,2.5144565105438232,2.5592422485351562
