,train_ll,test_ll
0,2.5365490913391113,2.580742597579956
