,train_ll,test_ll
0,2.511646270751953,2.639678478240967
