,train_ll,test_ll
0,2.517084836959839,2.5708556175231934
