,train_ll,test_ll
0,-1.8380802869796753,-1.837477445602417
