,train_ll,test_ll
0,2.5122883319854736,2.6153764724731445
