,train_ll,test_ll
0,2.1103575229644775,2.1275925636291504
