,train_ll,test_ll
0,2.4540202617645264,2.5286083221435547
