,train_ll,test_ll
0,2.1242504119873047,2.094899892807007
