,train_ll,test_ll
0,2.4214725494384766,2.50305438041687
