,train_ll,test_ll
0,2.524693727493286,2.6654162406921387
