,train_ll,test_ll
0,2.5272574424743652,2.5708553791046143
