,train_ll,test_ll
0,2.513744592666626,2.6076180934906006
