model_returned_smth,valid_cf_disc,dissimilarity_proximity_categorical_hamming,dissimilarity_proximity_categorical_jaccard,dissimilarity_proximity_continuous_manhatan,dissimilarity_proximity_continuous_euclidean,dissimilarity_proximity_continuous_mad,distance_l2_jaccard,distance_mad_hamming,sparsity,flow_log_density_cfs,flow_log_density_xs,flow_prob_condition_acc,lof_scores_xs,lof_scores_cfs,isolation_forest_scores_xs,isolation_forest_scores_cfs,time
1.0,1.0,,0.0,0.8417787204279253,0.6108968969442141,3.543068477312724,0.6108968969442141,,1.0,2.7793526649475098,2.503053903579712,0.9466666579246521,1.0974929,1.0407169,0.018596253076641964,0.036792356448157856,3.4098920822143555
1.0,1.0,,0.0,0.7845122120405237,0.576160886793377,3.579559570948283,0.576160886793377,,1.0,2.8939456939697266,2.5592422485351562,0.9433333277702332,1.1076694,1.0755016,0.015508409793053284,0.03140673902275335,3.056229829788208
1.0,1.0,,0.0,0.8278837661569317,0.607704584047061,3.6182715702056885,0.607704584047061,,1.0,2.856431484222412,2.5708553791046143,0.9133333563804626,1.0946437,1.0239486,0.012001778306477242,0.022369281588684772,2.5253889560699463
1.0,1.0,,0.0,0.8315244582016021,0.6110367571638853,3.4239587219556173,0.6110367571638853,,1.0,2.872734785079956,2.6076180934906006,0.9333333373069763,1.1033852,1.0568055,0.014724179396926268,0.021487370908242306,2.701591968536377
1.0,1.0,,0.0,0.8229915896387004,0.6041682918974094,3.5582882568589023,0.6041682918974094,,1.0,2.8633687496185303,2.639678955078125,0.9163879752159119,1.0885376,1.0576136,0.018718765827988454,0.029157778334950507,2.286214828491211
