model_returned_smth,valid_cf_disc,dissimilarity_proximity_categorical_hamming,dissimilarity_proximity_categorical_jaccard,dissimilarity_proximity_continuous_manhatan,dissimilarity_proximity_continuous_euclidean,dissimilarity_proximity_continuous_mad,distance_l2_jaccard,distance_mad_hamming,sparsity,flow_log_density_cfs,flow_log_density_xs,flow_prob_condition_acc,lof_scores_xs,lof_scores_cfs,isolation_forest_scores_xs,isolation_forest_scores_cfs,time
1.0,1.0,,0.0,0.6627466124389321,0.4755362307681229,2.7634912888209024,0.4755362307681229,,1.0,2.8708574771881104,2.50305438041687,1.0,1.1699762,1.1800535,0.015266276315946788,0.037469247306466114,25.860506296157837
1.0,1.0,,0.0,0.6282001971825957,0.45216924570883826,2.8547995622952778,0.45216924570883826,,1.0,2.9322147369384766,2.5592422485351562,1.0,1.1755083,1.1886895,0.013262043639595088,0.03977606258111903,20.58830952644348
1.0,1.0,,0.0,0.6487808471545577,0.46764859681396503,2.8062581813335417,0.46764859681396503,,1.0,2.930227756500244,2.5708556175231934,0.996666669845581,1.1611987,1.1756465,0.013491078546255558,0.03651992155690609,26.0116446018219
1.0,1.0,,0.0,0.647539269796883,0.4661299524876774,2.655576801300049,0.4661299524876774,,1.0,2.956458806991577,2.6076180934906006,0.996666669845581,1.1322719,1.1877447,0.01664245449023763,0.043370054159260964,20.569474697113037
1.0,1.0,,0.0,0.6416161618503838,0.4609275580789014,2.7463704814081606,0.4609275580789014,,1.0,2.9222631454467773,2.639678478240967,1.0,1.2567078,1.1753552,0.020598573697054347,0.036460906403412034,20.178591012954712
