model_returned_smth,valid_cf_disc,dissimilarity_proximity_categorical_hamming,dissimilarity_proximity_categorical_jaccard,dissimilarity_proximity_continuous_manhatan,dissimilarity_proximity_continuous_euclidean,dissimilarity_proximity_continuous_mad,distance_l2_jaccard,distance_mad_hamming,sparsity,flow_log_density_cfs,flow_log_density_xs,flow_prob_condition_acc,lof_scores_xs,lof_scores_cfs,isolation_forest_scores_xs,isolation_forest_scores_cfs,time
1.0,0.996666669845581,,0.0,0.6635836011085373,0.4757577951475174,2.7477745698845903,0.4757577951475174,,1.0,2.8477535247802734,2.514333724975586,1.0,1.2158427,1.232884,0.018199531850707804,0.04042285913403496,19.935463905334473
1.0,0.996666669845581,,0.0,0.632985853593186,0.4552199616217936,2.861413029125303,0.4552199616217936,,1.0,2.9376165866851807,2.575920581817627,1.0,1.2966539,1.2197862,0.017736484642665352,0.046616552588242134,19.288058042526245
1.0,0.996666669845581,,0.0,0.651242381316862,0.46900344665007365,2.8274002232679156,0.46900344665007365,,1.0,2.9242022037506104,2.585073709487915,1.0,1.2211462,1.1837577,0.012615344977077298,0.038901504873397864,19.74316644668579
1.0,1.0,,0.0,0.6461107558726022,0.46478957339511906,2.649504290819168,0.46478957339511906,,1.0,2.93481183052063,2.6076180934906006,1.0,1.1651243,1.1878316,0.013062194433918579,0.04314391322089355,19.52872610092163
1.0,1.0,,0.0,0.6431131941020289,0.461562519143865,2.751737882859731,0.461562519143865,,1.0,2.918262004852295,2.639678478240967,1.0,1.3441583,1.1918305,0.016419504315521593,0.03472866910977309,19.233020305633545
