model_returned_smth,valid_cf_disc,dissimilarity_proximity_categorical_hamming,dissimilarity_proximity_categorical_jaccard,dissimilarity_proximity_continuous_manhatan,dissimilarity_proximity_continuous_euclidean,dissimilarity_proximity_continuous_mad,distance_l2_jaccard,distance_mad_hamming,sparsity,flow_log_density_cfs,flow_log_density_xs,flow_prob_condition_acc,lof_scores_xs,lof_scores_cfs,isolation_forest_scores_xs,isolation_forest_scores_cfs,time
1.0,1.0,,0.0,0.6719210141990334,0.4818320095900136,2.7986539479096733,0.4818320095900136,,1.0,2.9264075756073,2.50305438041687,1.0,1.1770865,1.2156419,0.014182832978594734,0.04339324772489148,22.230570316314697
1.0,1.0,,0.0,0.6366398735468586,0.4580912165546398,2.892640093167623,0.4580912165546398,,1.0,2.984921932220459,2.5592422485351562,1.0,1.1938823,1.1761135,0.01834373970821784,0.04593665919285522,17.72210693359375
1.0,1.0,,0.0,0.6609601211175322,0.47622222116283003,2.8570086745421093,0.47622222116283003,,1.0,3.011188268661499,2.5708556175231934,1.0,1.1513833,1.1869042,0.014261854150778555,0.0490619340839286,22.906591176986694
1.0,1.0,,0.0,0.6548099981465687,0.4712912247431327,2.685344113111496,0.4712912247431327,,1.0,3.0088415145874023,2.6076180934906006,1.0,1.1608777,1.1871439,0.01717299742494355,0.041479569645693416,22.440203428268433
1.0,1.0,,0.0,0.6558329733119761,0.47095937448726977,2.8070058898383556,0.47095937448726977,,1.0,3.0120534896850586,2.639678478240967,1.0,1.2170846,1.1695573,0.015824662949163616,0.03769923811900313,24.38387155532837
