model_returned_smth,valid_cf_disc,dissimilarity_proximity_categorical_hamming,dissimilarity_proximity_categorical_jaccard,dissimilarity_proximity_continuous_manhatan,dissimilarity_proximity_continuous_euclidean,dissimilarity_proximity_continuous_mad,distance_l2_jaccard,distance_mad_hamming,sparsity,flow_log_density_cfs,flow_log_density_xs,flow_prob_condition_acc,lof_scores_xs,lof_scores_cfs,isolation_forest_scores_xs,isolation_forest_scores_cfs,time
1.0,1.0,,0.0,0.6799828062547991,0.487222539777221,2.8304471707344057,0.487222539777221,,1.0,2.962742805480957,2.50305438041687,1.0,1.1402289,1.2030782,0.013174913954672875,0.03346269025367852,2.9716525077819824
1.0,1.0,,0.0,0.6692301626627644,0.4844957665979793,3.0458342671394347,0.4844957665979793,,1.0,3.207862377166748,2.5592422485351562,1.0,1.1882901,1.13817,0.012472112592462907,0.05102720944685568,2.7150139808654785
1.0,1.0,,0.0,0.7327946514512101,0.5376750725889131,3.199671761592229,0.5376750725889131,,1.0,3.0266377925872803,2.5708556175231934,1.0,1.1335696,1.1416379,0.017083133702521673,0.04510436913607356,2.560750722885132
1.0,1.0,,0.0,0.6616530509510388,0.47634253208476823,2.713838806152344,0.47634253208476823,,1.0,3.060666799545288,2.6076180934906006,1.0,1.1302841,1.1496786,0.013645553485500006,0.049110489394893396,4.664055347442627
1.0,1.0,,0.0,0.7612184225316829,0.5588839109593088,3.2909061840944065,0.5588839109593088,,1.0,2.9822912216186523,2.639678478240967,1.0,1.2676452,1.1925755,0.018740768231118796,0.02466666127921176,3.1846351623535156
