model_returned_smth,valid_cf_disc,dissimilarity_proximity_categorical_hamming,dissimilarity_proximity_categorical_jaccard,dissimilarity_proximity_continuous_manhatan,dissimilarity_proximity_continuous_euclidean,dissimilarity_proximity_continuous_mad,distance_l2_jaccard,distance_mad_hamming,sparsity,flow_log_density_cfs,flow_log_density_xs,flow_prob_condition_acc,lof_scores_xs,lof_scores_cfs,isolation_forest_scores_xs,isolation_forest_scores_cfs,time
1.0,1.0,,0.0,0.6656374831094096,0.47743750678907154,2.773343210617701,0.47743750678907154,,1.0,2.8804314136505127,2.50305438041687,1.0,1.0974929,1.0124416,0.018596253076641964,0.04261782385002691,2.9716525077819824
1.0,1.0,,0.0,0.6636498796567321,0.48095626050196266,3.0211987392107646,0.48095626050196266,,1.0,3.1823270320892334,2.5592422485351562,1.0,1.1076694,1.0229024,0.015508409793053284,0.05208564181569489,2.7150139808654785
1.0,1.0,,0.0,0.7236745469396313,0.5315740856710338,3.1615836652119955,0.5315740856710338,,1.0,3.003526449203491,2.5708556175231934,1.0,1.0946437,1.0247561,0.012001778306477242,0.038784403352420956,2.560750722885132
1.0,1.0,,0.0,0.6491766773381581,0.4676762324601066,2.6628875025113423,0.4676762324601066,,1.0,2.978158473968506,2.6076180934906006,1.0,1.1033852,1.0045731,0.014724179396926268,0.0400299006149165,4.664055347442627
1.0,1.0,,0.0,0.757384994556274,0.5561825892372518,3.2746389011874246,0.5561825892372518,,1.0,2.9718923568725586,2.639678478240967,1.0,1.0885376,1.0092567,0.018718765827988454,0.041735072928991555,3.184635162353516
