model_returned_smth,valid_cf_disc,dissimilarity_proximity_categorical_hamming,dissimilarity_proximity_categorical_jaccard,dissimilarity_proximity_continuous_manhatan,dissimilarity_proximity_continuous_euclidean,dissimilarity_proximity_continuous_mad,distance_l2_jaccard,distance_mad_hamming,sparsity,flow_log_density_cfs,flow_log_density_xs,flow_prob_condition_acc,lof_scores_xs,lof_scores_cfs,isolation_forest_scores_xs,isolation_forest_scores_cfs,time
1.0,1.0,,0.0,0.3603169447183609,0.25851599903218,8.72574868440628,0.25851599903218,,1.0,1.2406576871871948,0.9871940016746521,1.0,1.1009139,1.7798395,0.025461516575559597,-0.040672097954597836,64.85100746154785
1.0,1.0,,0.0,0.37246270284056665,0.276097549605031,8.700298376083374,0.276097549605031,,1.0,0.782409131526947,0.46400558948516846,1.0,1.1166955,1.8025628,0.018059777316762622,-0.03308806971902083,51.31954765319824
1.0,1.0,,0.0,0.38687122015669795,0.27726049515816265,9.54195462123002,0.27726049515816265,,1.0,1.763773798942566,1.2274166345596313,0.9900990128517151,1.063162,1.5912443,0.026827012615389504,-0.022479742982859915,68.11551237106323
1.0,1.0,,0.0,0.36331483975052836,0.2646530399421492,8.500144317150117,0.2646530399421492,,1.0,0.8881353139877319,0.43226975202560425,1.0,1.1100901,1.6186787,0.02211196968840181,-0.037648949328348856,67.23880219459534
1.0,1.0,,0.0,0.5652515643835068,0.40213030953822404,13.70564127922058,0.40213030953822404,,1.0,1.4218859672546387,0.827777087688446,1.0,1.1123185,1.0556159,0.01714651003811736,0.03001534498218776,73.37300539016724
