model_returned_smth,valid_cf_disc,dissimilarity_proximity_categorical_hamming,dissimilarity_proximity_categorical_jaccard,dissimilarity_proximity_continuous_manhatan,dissimilarity_proximity_continuous_euclidean,dissimilarity_proximity_continuous_mad,distance_l2_jaccard,distance_mad_hamming,sparsity,flow_log_density_cfs,flow_log_density_xs,flow_prob_condition_acc,lof_scores_xs,lof_scores_cfs,isolation_forest_scores_xs,isolation_forest_scores_cfs,time
1.0,1.0,,0.0,0.6622771973504374,0.47481499200082583,2.759668771028519,0.47481499200082583,,1.0,2.8479135036468506,2.50305438041687,1.0,1.0974929,1.0181521,0.018596253076641964,0.04152559262443241,19.93546390533448
1.0,0.996666669845581,,0.0,0.6326430800392675,0.45497689378473827,2.8598785675488987,0.45497689378473827,,1.0,2.9377005100250244,2.563676357269287,1.0,1.1076694,1.0287787,0.015508409793053284,0.040010638649485536,19.288058042526245
1.0,1.0,,0.0,0.649730499945581,0.46792411854223476,2.8083136651913323,0.46792411854223476,,1.0,2.9244606494903564,2.5708556175231934,1.0,1.0946437,1.0470618,0.012001778306477242,0.03729211737880666,19.74316644668579
1.0,1.0,,0.0,0.6461107558726022,0.46478957339511906,2.649504290819168,0.46478957339511906,,1.0,2.93481183052063,2.6076180934906006,1.0,1.1033852,1.0037744,0.014724179396926268,0.03860939047031935,19.52872610092163
1.0,1.0,,0.0,0.6431131941020289,0.461562519143865,2.751737882859731,0.461562519143865,,1.0,2.918262004852295,2.639678478240967,1.0,1.0885376,1.0349872,0.018718765827988454,0.043995126022793915,19.233020305633545
