model_returned_smth,valid_cf_disc,dissimilarity_proximity_categorical_hamming,dissimilarity_proximity_categorical_jaccard,dissimilarity_proximity_continuous_manhatan,dissimilarity_proximity_continuous_euclidean,dissimilarity_proximity_continuous_mad,distance_l2_jaccard,distance_mad_hamming,sparsity,flow_log_density_cfs,flow_log_density_xs,flow_prob_condition_acc,lof_scores_xs,lof_scores_cfs,isolation_forest_scores_xs,isolation_forest_scores_cfs,time
1.0,1.0,,0.0,0.6644091446294139,0.4765123670451019,2.767756398121516,0.4765123670451019,,1.0,2.8709964752197266,2.50305438041687,1.0,1.2314113,1.2547976,0.016603630939102883,0.03974171176833658,38.54301738739014
1.0,1.0,,0.0,0.6310840230807662,0.4541559063753668,2.8676200715700784,0.4541559063753668,,1.0,2.9478507041931152,2.5592422485351562,1.0,1.2504476,1.2096356,0.012523024301827012,0.035748464433170486,48.56876730918884
1.0,1.0,,0.0,0.6517126464471221,0.46965677076890017,2.816972898244858,0.46965677076890017,,1.0,2.9494030475616455,2.5708556175231934,1.0,1.1740315,1.1910291,0.011881002452743318,0.03920662324811057,50.964635372161865
1.0,1.0,,0.0,0.6468807842054715,0.4657689638092618,2.652964104016622,0.4657689638092618,,1.0,2.954340934753418,2.6076180934906006,1.0,1.1670089,1.193892,0.012432905519289755,0.036452813909271506,50.86099648475647
1.0,1.0,,0.0,0.6454574458774516,0.46361981078851416,2.763012255713294,0.46361981078851416,,1.0,2.951382875442505,2.639678478240967,1.0,1.2706625,1.1731387,0.01560360656180528,0.03135662778843789,49.496095418930054
