,precision,recall,f1-score,support
0,0.7046632124352331,0.9714285714285714,0.8168168168168168,140.0
1,0.42857142857142855,0.05,0.08955223880597014,60.0
accuracy,0.695,0.695,0.695,0.695
macro avg,0.5666173205033308,0.5107142857142857,0.4531845278113935,200.0
weighted avg,0.6218356772760917,0.695,0.5986374434135628,200.0
