,precision,recall,f1-score,support
0,0.7861635220125787,0.8928571428571429,0.8361204013377926,140.0
1,0.6341463414634146,0.43333333333333335,0.5148514851485149,60.0
accuracy,0.755,0.755,0.755,0.755
macro avg,0.7101549317379967,0.6630952380952382,0.6754859432431537,200.0
weighted avg,0.7405583678478294,0.755,0.7397397264810093,200.0
