,precision,recall,f1-score,support
0,0.7852760736196319,0.9142857142857143,0.8448844884488449,140.0
1,0.6756756756756757,0.4166666666666667,0.5154639175257731,60.0
accuracy,0.765,0.765,0.765,0.765
macro avg,0.7304758746476538,0.6654761904761904,0.680174202987309,200.0
weighted avg,0.752395954236445,0.765,0.7460583171719233,200.0
