,precision,recall,f1-score,support
0,0.7833333333333333,0.7833333333333333,0.7833333333333333,60.0
1,0.7833333333333333,0.7833333333333333,0.7833333333333333,60.0
accuracy,0.7833333333333333,0.7833333333333333,0.7833333333333333,0.7833333333333333
macro avg,0.7833333333333333,0.7833333333333333,0.7833333333333333,120.0
weighted avg,0.7833333333333333,0.7833333333333333,0.7833333333333333,120.0
