,precision,recall,f1-score,support
0,0.7922077922077922,0.8714285714285714,0.8299319727891157,140.0
1,0.6086956521739131,0.4666666666666667,0.5283018867924528,60.0
accuracy,0.75,0.75,0.75,0.75
macro avg,0.7004517221908526,0.6690476190476191,0.6791169297907842,200.0
weighted avg,0.7371541501976284,0.75,0.7394429469901168,200.0
