,precision,recall,f1-score,support
0,0.7230769230769231,0.7833333333333333,0.752,60.0
1,0.7636363636363637,0.7,0.7304347826086957,60.0
accuracy,0.7416666666666667,0.7416666666666667,0.7416666666666667,0.7416666666666667
macro avg,0.7433566433566434,0.7416666666666667,0.7412173913043478,120.0
weighted avg,0.7433566433566433,0.7416666666666667,0.7412173913043478,120.0
