,precision,recall,f1-score,support
0,0.7636363636363637,0.9,0.8262295081967214,140.0
1,0.6,0.35,0.4421052631578947,60.0
accuracy,0.735,0.735,0.735,0.735
macro avg,0.6818181818181819,0.625,0.634167385677308,200.0
weighted avg,0.7145454545454545,0.735,0.7109922346850734,200.0
