,precision,recall,f1-score,support
0,0.8,0.0038910505836575876,0.007744433688286544,1028.0
1,0.48020304568527916,0.9989440337909187,0.6486115872471717,947.0
accuracy,0.4810126582278481,0.4810126582278481,0.4810126582278481,0.4810126582278481
macro avg,0.6401015228426397,0.5014175421872882,0.32817801046772915,1975.0
weighted avg,0.6466593844374479,0.4810126582278481,0.31503617769854697,1975.0
