,train_ll,test_ll
0,9.507208824157715,7.269870281219482
