,train_ll,test_ll
0,14.124126434326172,5.50634765625
