,train_ll,test_ll
0,9.602433204650879,7.471177101135254
