,train_ll,test_ll
0,6.72994327545166,6.908406734466553
