,train_ll,test_ll
0,-12.026307106018066,-12.07547664642334
