,precision,recall,f1-score,support
0,0.9166666666666666,0.9166666666666666,0.9166666666666666,12.0
1,0.9166666666666666,0.7857142857142857,0.8461538461538461,14.0
2,0.8333333333333334,1.0,0.9090909090909091,10.0
accuracy,0.8888888888888888,0.8888888888888888,0.8888888888888888,0.8888888888888888
macro avg,0.8888888888888888,0.9007936507936508,0.8906371406371406,36.0
weighted avg,0.8935185185185185,0.8888888888888888,0.8871406371406372,36.0
