,precision,recall,f1-score,support
0,1.0,0.9166666666666666,0.9565217391304348,12.0
1,0.8571428571428571,0.8571428571428571,0.8571428571428571,14.0
2,0.8181818181818182,0.9,0.8571428571428571,10.0
accuracy,0.8888888888888888,0.8888888888888888,0.8888888888888888,0.8888888888888888
macro avg,0.8917748917748919,0.8912698412698412,0.8902691511387163,36.0
weighted avg,0.8939393939393939,0.8888888888888888,0.8902691511387163,36.0
