,train_ll,test_ll
0,8.321578979492188,7.302573204040527
