,precision,recall,f1-score,support
0,1.0,0.9166666666666666,0.9565217391304348,12.0
1,0.875,1.0,0.9333333333333333,14.0
2,1.0,0.8888888888888888,0.9411764705882353,9.0
accuracy,0.9428571428571428,0.9428571428571428,0.9428571428571428,0.9428571428571428
macro avg,0.9583333333333334,0.9351851851851851,0.9436771810173346,35.0
weighted avg,0.95,0.9428571428571428,0.9433004506150287,35.0
