,train_ll,test_ll
0,6.733656406402588,6.908406734466553
