,train_ll,test_ll
0,8.29507827758789,7.302572250366211
