,precision,recall,f1-score,support
0,0.9230769230769231,1.0,0.96,12.0
1,1.0,0.9285714285714286,0.9629629629629629,14.0
2,1.0,1.0,1.0,10.0
accuracy,0.9722222222222222,0.9722222222222222,0.9722222222222222,0.9722222222222222
macro avg,0.9743589743589745,0.9761904761904763,0.974320987654321,36.0
weighted avg,0.9743589743589745,0.9722222222222222,0.9722633744855966,36.0
