,train_ll,test_ll
0,-12.026174545288086,-12.025160789489746
