,precision,recall,f1-score,support
0,1.0,1.0,1.0,12.0
1,1.0,0.9285714285714286,0.9629629629629629,14.0
2,0.9090909090909091,1.0,0.9523809523809523,10.0
accuracy,0.9722222222222222,0.9722222222222222,0.9722222222222222,0.9722222222222222
macro avg,0.9696969696969697,0.9761904761904763,0.9717813051146384,36.0
weighted avg,0.9747474747474748,0.9722222222222222,0.9723691945914168,36.0
