,train_ll,test_ll
0,8.102529525756836,8.242945671081543
