,train_ll,test_ll
0,8.071026802062988,8.242945671081543
