,train_ll,test_ll
0,7.734904766082764,5.836297035217285
