,train_ll,test_ll
0,14.12578010559082,6.006062984466553
