,train_ll,test_ll
0,-12.063791275024414,-12.099727630615234
