,train_ll,test_ll
0,6.603704929351807,4.470811367034912
