,train_ll,test_ll
0,8.309951782226562,7.302573204040527
