,train_ll,test_ll
0,8.556753158569336,8.354019165039062
