,train_ll,test_ll
0,7.714270114898682,6.7732696533203125
