,train_ll,test_ll
0,6.240808486938477,5.726964473724365
