,train_ll,test_ll
0,-12.027437210083008,-12.059864044189453
