,train_ll,test_ll
0,10.22027587890625,8.792831420898438
