,train_ll,test_ll
0,-12.036904335021973,-12.030135154724121
