,train_ll,test_ll
0,14.128928184509277,6.223931789398193
