,train_ll,test_ll
0,-12.080437660217285,-12.078105926513672
