,train_ll,test_ll
0,6.755151748657227,6.9084062576293945
