,train_ll,test_ll
0,14.123374938964844,5.193646430969238
