,train_ll,test_ll
0,7.679265022277832,6.773268699645996
