,train_ll,test_ll
0,8.692693710327148,6.440453052520752
