,train_ll,test_ll
0,7.650282382965088,6.773268699645996
