,train_ll,test_ll
0,6.635181903839111,6.908406734466553
