,train_ll,test_ll
0,7.647457599639893,5.836296081542969
