,train_ll,test_ll
0,8.306610107421875,7.302573204040527
