,precision,recall,f1-score,support
0,0.8571428571428571,1.0,0.9230769230769231,12.0
1,1.0,0.8571428571428571,0.9230769230769231,14.0
2,1.0,1.0,1.0,10.0
accuracy,0.9444444444444444,0.9444444444444444,0.9444444444444444,0.9444444444444444
macro avg,0.9523809523809524,0.9523809523809524,0.9487179487179488,36.0
weighted avg,0.9523809523809523,0.9444444444444444,0.9444444444444444,36.0
