,precision,recall,f1-score,support
0,1.0,0.9166666666666666,0.9565217391304348,12.0
1,0.875,1.0,0.9333333333333333,14.0
2,1.0,0.9,0.9473684210526315,10.0
accuracy,0.9444444444444444,0.9444444444444444,0.9444444444444444,0.9444444444444444
macro avg,0.9583333333333334,0.9388888888888888,0.9457411645054665,36.0
weighted avg,0.9513888888888888,0.9444444444444444,0.9449614374099499,36.0
