,train_ll,test_ll
0,-12.075153350830078,-12.096179008483887
