,train_ll,test_ll
0,6.977016925811768,4.18489933013916
