,precision,recall,f1-score,support
0,0.8,1.0,0.8888888888888888,12.0
1,1.0,0.7857142857142857,0.88,14.0
2,1.0,1.0,1.0,10.0
accuracy,0.9166666666666666,0.9166666666666666,0.9166666666666666,0.9166666666666666
macro avg,0.9333333333333332,0.9285714285714285,0.9229629629629629,36.0
weighted avg,0.9333333333333333,0.9166666666666666,0.9162962962962963,36.0
