,train_ll,test_ll
0,5.323512554168701,5.690462589263916
