,train_ll,test_ll
0,8.147595405578613,8.242945671081543
