,train_ll,test_ll
0,8.778830528259277,8.12466812133789
