,train_ll,test_ll
0,-12.025227546691895,-12.050719261169434
