,train_ll,test_ll
0,-12.072179794311523,-12.061695098876953
