,train_ll,test_ll
0,10.249588012695312,6.736830711364746
