,train_ll,test_ll
0,8.492630958557129,6.094264984130859
