,train_ll,test_ll
0,9.53826904296875,9.193554878234863
