,train_ll,test_ll
0,-12.068947792053223,-12.084497451782227
