,train_ll,test_ll
0,4.796182632446289,5.5365071296691895
