,precision,recall,f1-score,support
0,0.8571428571428571,1.0,0.9230769230769231,12.0
1,1.0,0.7142857142857143,0.8333333333333334,14.0
2,0.8333333333333334,1.0,0.9090909090909091,10.0
accuracy,0.8888888888888888,0.8888888888888888,0.8888888888888888,0.8888888888888888
macro avg,0.8968253968253969,0.9047619047619048,0.8885003885003885,36.0
weighted avg,0.9060846560846562,0.8888888888888888,0.8842916342916343,36.0
