,train_ll,test_ll
0,14.123099327087402,6.821250915527344
