,precision,recall,f1-score,support
0,1.0,1.0,1.0,12.0
1,0.9285714285714286,0.9285714285714286,0.9285714285714286,14.0
2,0.9,0.9,0.9,10.0
accuracy,0.9444444444444444,0.9444444444444444,0.9444444444444444,0.9444444444444444
macro avg,0.942857142857143,0.942857142857143,0.942857142857143,36.0
weighted avg,0.9444444444444444,0.9444444444444444,0.9444444444444444,36.0
