,train_ll,test_ll
0,8.247435569763184,6.326116561889648
