,precision,recall,f1-score,support
0,1.0,0.9090909090909091,0.9523809523809523,11.0
1,0.9333333333333333,0.9333333333333333,0.9333333333333333,15.0
2,0.9,1.0,0.9473684210526315,9.0
accuracy,0.9428571428571428,0.9428571428571428,0.9428571428571428,0.9428571428571428
macro avg,0.9444444444444445,0.9474747474747475,0.9443609022556391,35.0
weighted avg,0.9457142857142857,0.9428571428571428,0.9429287504475474,35.0
