,train_ll,test_ll
0,7.754942893981934,5.836296081542969
