,train_ll,test_ll
0,3.147944927215576,1.5855287313461304
