,train_ll,test_ll
0,7.7416157722473145,6.773268699645996
