,train_ll,test_ll
0,7.866746425628662,5.836296081542969
