,train_ll,test_ll
0,8.54532241821289,7.297702312469482
