,train_ll,test_ll
0,8.137383460998535,8.242945671081543
