model_returned_smth,valid_cf_disc,dissimilarity_proximity_categorical_hamming,dissimilarity_proximity_categorical_jaccard,dissimilarity_proximity_continuous_manhatan,dissimilarity_proximity_continuous_euclidean,dissimilarity_proximity_continuous_mad,distance_l2_jaccard,distance_mad_hamming,sparsity,flow_log_density_cfs,flow_log_density_xs,flow_prob_condition_acc,lof_scores_xs,lof_scores_cfs,isolation_forest_scores_xs,isolation_forest_scores_cfs,time
1.0,1.0,,0.0,2.0121688611430324,0.6195961175724506,15.269797298643324,0.6195961175724506,,1.0,8.887426376342773,6.908406734466553,1.0,1.0406721,1.0657568,0.05487513071426331,0.09032302395062004,9.129049301147461
1.0,1.0,,0.0,2.0189986413978556,0.6496251006781315,15.566051052676308,0.6496251006781315,,1.0,10.052539825439453,5.836296081542969,1.0,1.0587696,1.1001216,0.032522418037067395,0.09649413779108541,10.67114543914795
1.0,1.0,,0.0,2.053551815256166,0.6407474021315525,14.225785732269287,0.6407474021315525,,1.0,10.718216896057129,7.302573204040527,1.0,1.0336283,1.0695487,0.042591687840599884,0.0819433277939992,9.880616903305054
1.0,1.0,,0.0,1.8922588850770679,0.5952485715029088,13.852058029174804,0.5952485715029088,,1.0,10.736956596374512,8.242945671081543,1.0,1.0504797,1.0846281,0.054864132272789023,0.0986876045925791,12.967570781707764
1.0,1.0,,0.0,1.986593284171873,0.6073441793476096,16.33086368015834,0.6073441793476096,,1.0,10.438557624816895,6.773268699645996,1.0,1.0492351,1.0771363,0.03410473438420676,0.08289102003384986,1.9958536624908447
