model_returned_smth,valid_cf_disc,dissimilarity_proximity_categorical_hamming,dissimilarity_proximity_categorical_jaccard,dissimilarity_proximity_continuous_manhatan,dissimilarity_proximity_continuous_euclidean,dissimilarity_proximity_continuous_mad,distance_l2_jaccard,distance_mad_hamming,sparsity,flow_log_density_cfs,flow_log_density_xs,flow_prob_condition_acc,lof_scores_xs,lof_scores_cfs,isolation_forest_scores_xs,isolation_forest_scores_cfs,time
1.0,1.0,,0.0,1.6668024651331104,0.5222378250315427,12.644464095433554,0.5222378250315427,,1.0,8.871097564697266,6.908406734466553,1.0,1.0312907,1.0153705,0.04372979481133526,0.08666733489514021,10.388774633407593
1.0,1.0,,0.0,1.874393804496827,0.6106133968789135,14.152914080354902,0.6106133968789135,,1.0,9.591023445129395,5.836296081542969,0.9722222089767456,1.0956119,1.0106821,0.03393252431714913,0.09427863339944181,9.983604431152344
1.0,0.9444444179534912,,0.0,1.7360276750918917,0.5527312230294609,12.028405694400563,0.5527312230294609,,1.0,10.232414245605469,7.547945022583008,1.0,1.0757356,1.0248816,0.038984333709966935,0.08581025968749861,9.273197174072266
1.0,0.9428571462631226,,0.0,1.6681498861448332,0.5329634772480794,12.006756963151874,0.5329634772480794,,1.0,10.312112808227539,8.516736030578613,1.0,1.0306348,0.9999758,0.051015147333551995,0.09838091217046482,10.858827829360962
1.0,0.9714285731315613,,0.0,1.5955746822360464,0.5125371484825153,12.816221545724307,0.5125371484825153,,1.0,9.955910682678223,6.936169624328613,1.0,1.068763,1.0192572,0.047624813001762974,0.09566874971945392,11.10024094581604
