model_returned_smth,valid_cf_disc,dissimilarity_proximity_categorical_hamming,dissimilarity_proximity_categorical_jaccard,dissimilarity_proximity_continuous_manhatan,dissimilarity_proximity_continuous_euclidean,dissimilarity_proximity_continuous_mad,distance_l2_jaccard,distance_mad_hamming,sparsity,flow_log_density_cfs,flow_log_density_xs,flow_prob_condition_acc,lof_scores_xs,lof_scores_cfs,isolation_forest_scores_xs,isolation_forest_scores_cfs,time
1.0,1.0,,0.0,1.6226677900219026,0.5179538363438297,12.511671278211805,0.5179538363438297,,1.0,8.924884796142578,6.908406734466553,1.0,1.0485494,1.0703146,0.04455761444004329,0.09078917063995252,2.8763389587402344
1.0,1.0,,0.0,1.8308838170034707,0.6157076417398475,14.052766621112823,0.6157076417398475,,1.0,9.873970031738281,5.836296081542969,1.0,1.0743871,1.1085224,0.03771919044263028,0.09461104860550784,1.8289434909820557
1.0,1.0,,0.0,1.761070755426772,0.5719586652389415,12.293439441257053,0.5719586652389415,,1.0,10.568940162658691,7.302573204040527,1.0,1.0385351,1.0758281,0.04175936986863239,0.09461239460063856,1.8046164512634277
1.0,1.0,,0.0,1.7102526251758847,0.5565128037101273,12.586384054592678,0.5565128037101273,,1.0,10.594696998596191,8.242945671081543,1.0,1.0626811,1.0939326,0.046216275500284267,0.09442539351598553,1.8302652835845947
1.0,1.0,,0.0,1.669448660879529,0.545060776465356,13.61536625453404,0.545060776465356,,1.0,10.303959846496582,6.773268699645996,1.0,1.0664765,1.0862219,0.04036096755778521,0.08538325999997688,1.8042607307434082
