model_returned_smth,valid_cf_disc,dissimilarity_proximity_categorical_hamming,dissimilarity_proximity_categorical_jaccard,dissimilarity_proximity_continuous_manhatan,dissimilarity_proximity_continuous_euclidean,dissimilarity_proximity_continuous_mad,distance_l2_jaccard,distance_mad_hamming,sparsity,flow_log_density_cfs,flow_log_density_xs,flow_prob_condition_acc,lof_scores_xs,lof_scores_cfs,isolation_forest_scores_xs,isolation_forest_scores_cfs,time
1.0,1.0,,0.0,1.6668024651331104,0.5222378250315427,12.644464095433554,0.5222378250315427,,1.0,8.871097564697266,6.908406734466553,1.0,1.0424018,1.0688655,0.04309558401788774,0.07946214973607917,10.388774633407593
1.0,1.0,,0.0,1.8470644378426693,0.6026244298051423,13.965683943695492,0.6026244298051423,,1.0,9.699706077575684,5.836296081542969,1.0,1.0696988,1.0947713,0.03576379053101662,0.10575379956901548,9.983604431152344
1.0,0.9444444179534912,,0.0,1.7232943881330465,0.5487129491325166,12.207598489873549,0.5487129491325166,,1.0,10.251821517944336,7.615320682525635,1.0,1.0317564,1.068152,0.03915790082027515,0.0779685692893794,9.273197174072266
1.0,0.8857142925262451,,0.0,1.7604471083369948,0.5612764513607686,12.112781824604157,0.5612764513607686,,1.0,10.352945327758789,8.324756622314453,1.0,1.0459306,1.085645,0.04556205003633689,0.09873014877132791,10.858827829360962
1.0,0.9428571462631226,,0.0,1.5809224992214392,0.509191137038162,12.66909154256185,0.509191137038162,,1.0,9.981913566589355,6.762227535247803,1.0,1.0587313,1.0817436,0.04076702477886047,0.08565231766419353,11.10024094581604
