model_returned_smth,valid_cf_disc,dissimilarity_proximity_categorical_hamming,dissimilarity_proximity_categorical_jaccard,dissimilarity_proximity_continuous_manhatan,dissimilarity_proximity_continuous_euclidean,dissimilarity_proximity_continuous_mad,distance_l2_jaccard,distance_mad_hamming,sparsity,flow_log_density_cfs,flow_log_density_xs,flow_prob_condition_acc,lof_scores_xs,lof_scores_cfs,isolation_forest_scores_xs,isolation_forest_scores_cfs,time
1.0,1.0,,0.0,1.884663889805476,0.5841929186141018,30.079477787017822,0.5841929186141018,,1.0,7.2840752601623535,7.864732265472412,1.0,0.9997546,1.0148474,0.06182620252626877,0.08244211917173418,29.20937180519104
1.0,1.0,,0.0,2.1092329002343693,0.6840363128070683,24.118774560781624,0.6840363128070683,,1.0,9.056527137756348,5.226521968841553,0.9230769276618958,1.1052629,1.0271901,0.03392177076838002,0.07242630161827551,31.35590934753418
1.0,1.0,,0.0,1.737602767280557,0.5636518276067722,24.045949935913086,0.5636518276067722,,1.0,9.469347953796387,7.5706467628479,1.0,1.026674,1.0194583,0.051374524523546745,0.09072176860746521,55.11032748222351
1.0,1.0,,0.0,1.720250948642691,0.5769681649095882,27.673251469930012,0.5769681649095882,,1.0,7.468967437744141,7.336874485015869,1.0,1.0196847,1.010275,0.060960294336208365,0.08180288255091824,34.07547378540039
1.0,1.0,,0.0,1.374892470511523,0.42463271257613433,20.495104009454902,0.42463271257613433,,1.0,5.801294326782227,5.0862040519714355,1.0,1.0128188,1.0315372,0.07449313945029798,0.07051147950192459,29.91614079475403
