model_returned_smth,valid_cf_disc,dissimilarity_proximity_categorical_hamming,dissimilarity_proximity_categorical_jaccard,dissimilarity_proximity_continuous_manhatan,dissimilarity_proximity_continuous_euclidean,dissimilarity_proximity_continuous_mad,distance_l2_jaccard,distance_mad_hamming,sparsity,flow_log_density_cfs,flow_log_density_xs,flow_prob_condition_acc,lof_scores_xs,lof_scores_cfs,isolation_forest_scores_xs,isolation_forest_scores_cfs,time
1.0,1.0,,0.0,1.6921359444903727,0.5459726044086647,12.60637276702457,0.5459726044086647,,1.0,8.805301666259766,6.908406734466553,1.0,1.0457544,1.071429,0.044555986208618864,0.08045374978526489,19.632785320281982
1.0,1.0,,0.0,1.799832610911431,0.5953840145710694,13.616495301326117,0.5953840145710694,,1.0,9.621983528137207,5.836296081542969,1.0,1.064559,1.1007535,0.02952415720123701,0.0883422987965054,20.08524751663208
1.0,1.0,,0.0,1.7032918075435899,0.5551967768406789,11.74346892038981,0.5551967768406789,,1.0,10.314834594726562,7.302573204040527,1.0,1.0401748,1.0743206,0.04092815707087276,0.08549062361408094,19.736924171447754
1.0,1.0,,0.0,1.6690556434648378,0.5373866211982825,12.216246632167271,0.5373866211982825,,1.0,10.472451210021973,8.242945671081543,1.0,1.0598117,1.0906678,0.052703405621241914,0.10397412624165406,19.986116647720337
1.0,1.0,,0.0,1.559589853170993,0.5100738619151738,12.629556172234672,0.5100738619151738,,1.0,9.864293098449707,6.773268699645996,1.0,1.0610383,1.0798813,0.044772882333939036,0.09054353642901165,17.532978057861328
