model_returned_smth,valid_cf_disc,dissimilarity_proximity_categorical_hamming,dissimilarity_proximity_categorical_jaccard,dissimilarity_proximity_continuous_manhatan,dissimilarity_proximity_continuous_euclidean,dissimilarity_proximity_continuous_mad,distance_l2_jaccard,distance_mad_hamming,sparsity,flow_log_density_cfs,flow_log_density_xs,flow_prob_condition_acc,lof_scores_xs,lof_scores_cfs,isolation_forest_scores_xs,isolation_forest_scores_cfs,time
1.0,1.0,,0.0,1.610816172472874,0.5051278729189561,12.436011089218987,0.5051278729189561,,1.0,8.766400337219238,6.908406734466553,1.0,1.0312907,1.0066297,0.04372979481133526,0.08891597715623524,2.8763389587402344
1.0,1.0,,0.0,1.801765346155864,0.5938080893222195,13.63185343477461,0.5938080893222195,,1.0,9.539813995361328,5.836296081542969,1.0,1.0956119,1.0111792,0.03393252431714913,0.09557862787432798,1.828943490982056
1.0,1.0,,0.0,1.614642196140873,0.5173229407946641,11.265183952119616,0.5173229407946641,,1.0,10.18978500366211,7.302573204040527,1.0,1.0757356,1.026597,0.038984333709966935,0.08769410447395362,1.804616451263428
1.0,1.0,,0.0,1.6419700397976806,0.5249171534350404,12.053557068961007,0.5249171534350404,,1.0,10.312355041503906,8.242945671081543,1.0,1.0306348,1.0003631,0.051015147333551995,0.09851586189575051,1.8302652835845947
1.0,1.0,,0.0,1.5926790630511407,0.5088620232389268,13.095060212271553,0.5088620232389268,,1.0,9.773402214050293,6.773268699645996,1.0,1.068763,1.017449,0.047624813001762974,0.09584065987797136,1.804260730743408
