model_returned_smth,valid_cf_disc,dissimilarity_proximity_categorical_hamming,dissimilarity_proximity_categorical_jaccard,dissimilarity_proximity_continuous_manhatan,dissimilarity_proximity_continuous_euclidean,dissimilarity_proximity_continuous_mad,distance_l2_jaccard,distance_mad_hamming,sparsity,flow_log_density_cfs,flow_log_density_xs,flow_prob_condition_acc,lof_scores_xs,lof_scores_cfs,isolation_forest_scores_xs,isolation_forest_scores_cfs,time
1.0,1.0,,0.0,1.64372931392346,0.5149373587546345,12.782909194628397,0.5149373587546345,,1.0,8.914390563964844,6.908406734466553,1.0,1.0468117,1.0746373,0.048752562261595356,0.09123712685976809,14.38962197303772
1.0,1.0,,0.0,1.9063697920581844,0.6157011299114847,14.978284981515673,0.6157011299114847,,1.0,9.629450798034668,5.836296081542969,1.0,1.0470146,1.0880264,0.03256650451850999,0.08961027445410785,13.061245679855347
1.0,1.0,,0.0,1.7773627463029698,0.5616835777723508,12.44245802031623,0.5616835777723508,,1.0,10.195673942565918,7.302573204040527,1.0,1.0334448,1.0667698,0.03261709116265166,0.0734953685749552,13.90519666671753
1.0,1.0,,0.0,1.6515213413962295,0.5296825090757277,12.182433700561523,0.5296825090757277,,1.0,10.290226936340332,8.242945671081543,1.0,1.0629499,1.0930508,0.05939134227227564,0.11042176562732017,14.048336267471313
1.0,1.0,,0.0,1.5915200909666185,0.5038248470495403,13.101371792384557,0.5038248470495403,,1.0,9.903651237487793,6.773268699645996,1.0,1.0585759,1.0771707,0.047278709205629696,0.09808310188440023,13.314645051956177
