model_returned_smth,valid_cf_disc,dissimilarity_proximity_categorical_hamming,dissimilarity_proximity_categorical_jaccard,dissimilarity_proximity_continuous_manhatan,dissimilarity_proximity_continuous_euclidean,dissimilarity_proximity_continuous_mad,distance_l2_jaccard,distance_mad_hamming,sparsity,flow_log_density_cfs,flow_log_density_xs,flow_prob_condition_acc,lof_scores_xs,lof_scores_cfs,isolation_forest_scores_xs,isolation_forest_scores_cfs,time
1.0,1.0,,0.0,1.6921359444903727,0.5459726044086647,12.60637276702457,0.5459726044086647,,1.0,8.805301666259766,6.908406734466553,1.0,1.0312907,1.0108006,0.04372979481133526,0.08781896764064742,19.632785320281982
1.0,1.0,,0.0,1.799832610911431,0.5953840145710694,13.616495301326117,0.5953840145710694,,1.0,9.621983528137207,5.836296081542969,1.0,1.0956119,1.0082108,0.03393252431714913,0.09500419928634347,20.08524751663208
1.0,1.0,,0.0,1.7032918075435899,0.5551967768406789,11.74346892038981,0.5551967768406789,,1.0,10.314834594726562,7.302573204040527,1.0,1.0757356,1.0295576,0.038984333709966935,0.08942748516263042,19.736924171447757
1.0,1.0,,0.0,1.6690556434648378,0.5373866211982825,12.216246632167271,0.5373866211982825,,1.0,10.472451210021973,8.242945671081543,1.0,1.0306348,0.9980007,0.051015147333551995,0.0978901168255021,19.986116647720337
1.0,1.0,,0.0,1.559589853170993,0.5100738619151738,12.629556172234672,0.5100738619151738,,1.0,9.864293098449707,6.773268699645996,1.0,1.068763,1.0199144,0.047624813001762974,0.09604643246121683,17.532978057861328
