model_returned_smth,valid_cf_disc,dissimilarity_proximity_categorical_hamming,dissimilarity_proximity_categorical_jaccard,dissimilarity_proximity_continuous_manhatan,dissimilarity_proximity_continuous_euclidean,dissimilarity_proximity_continuous_mad,distance_l2_jaccard,distance_mad_hamming,sparsity,flow_log_density_cfs,flow_log_density_xs,flow_prob_condition_acc,lof_scores_xs,lof_scores_cfs,isolation_forest_scores_xs,isolation_forest_scores_cfs,time
0.5573770491803278,0.45588234066963196,,0.0,1.2859043530647494,0.5434928845305237,2167.629019782085,0.5434928845305237,,0.4053295932678822,-46.845008850097656,58.21772384643555,0.06451612710952759,104267.85,151.98338,0.0972742725870185,0.007017024556738802,1429.9449622631073
0.5573770491803278,0.4852941036224365,,0.0,1.3059710373581817,0.5404941369056361,23272.031436880363,0.5404941369056361,,0.4044795783926219,-106.29912567138672,60.33483123779297,0.0,21441.25,158.3792,0.09434583964758662,-0.008078660976170451,1493.2905802726746
0.5081967213114754,0.4677419364452362,,0.0,1.5567275542307215,0.5663716502257631,15833.555233331566,0.5663716502257631,,0.49325337331334335,-112.56968688964844,61.153236389160156,0.0,11326440.0,165.02942,0.08994345253762509,-0.014992759861399951,1443.677000284195
0.5409836065573771,0.469696968793869,,0.0,1.5309240755984994,0.6079315088950545,860.2812920929505,0.6079315088950545,,0.4305750350631136,-127.52494812011719,58.0440788269043,0.0,76606.23,173.34848,0.08312124555445392,-0.03576218244967145,1425.7876930236816
0.5655737704918032,0.5072463750839233,,0.0,1.4038307049215355,0.590990093028454,21398.90984662653,0.590990093028454,,0.44596273291925465,-34.95783233642578,51.55776596069336,0.02857142873108387,213346.58,77.737434,0.09947629905442189,0.04475738067432137,1338.9654941558838
