model_returned_smth,valid_cf_disc,dissimilarity_proximity_categorical_hamming,dissimilarity_proximity_categorical_jaccard,dissimilarity_proximity_continuous_manhatan,dissimilarity_proximity_continuous_euclidean,dissimilarity_proximity_continuous_mad,distance_l2_jaccard,distance_mad_hamming,sparsity,flow_log_density_cfs,flow_log_density_xs,flow_prob_condition_acc,lof_scores_xs,lof_scores_cfs,isolation_forest_scores_xs,isolation_forest_scores_cfs,time
0.9508196721311475,1.0,,0.0,1.3831699674628843,0.49372853072974743,1097.2299590227465,0.49372853072974743,,0.7128935532233883,1.576358675956726,51.56722640991211,0.008620689623057842,74115.52,32958.67,0.11282756936659134,0.02420356682086354,538.0191268920898
0.9918032786885246,1.0,,0.0,1.5650129704077844,0.5847623402398319,886.5401178472375,0.5847623402398319,,0.6884656845131153,15.166139602661133,50.49888229370117,0.00826446246355772,71414.6,17515632.0,0.09502887466350174,0.014272064518513544,567.1438038349152
0.9836065573770492,1.0,,0.0,1.6917565782799182,0.6222219564951561,564.7831238033808,0.6222219564951561,,0.7007246376811594,-7.523840427398682,49.882362365722656,0.0,80265.36,36712.71,0.0949033625883816,0.010942311404149276,563.4511766433716
0.9672131147540983,1.0,,0.0,1.6803802108460548,0.6247794846613994,551.499910689443,0.6247794846613994,,0.6945467943994105,4.305989742279053,51.49382781982422,0.0,36047.21,40016.184,0.09967731474801465,0.024454011894532994,567.3917789459229
0.9590163934426229,1.0,,0.0,1.484184413689201,0.514821124670525,2551.6481932733022,0.514821124670525,,0.7034559643255296,26.90471649169922,42.6641960144043,0.07692307978868484,140653.28,111860.05,0.11176835648570602,0.048195527481437093,569.2122273445129
