model_returned_smth,valid_cf_disc,dissimilarity_proximity_categorical_hamming,dissimilarity_proximity_categorical_jaccard,dissimilarity_proximity_continuous_manhatan,dissimilarity_proximity_continuous_euclidean,dissimilarity_proximity_continuous_mad,distance_l2_jaccard,distance_mad_hamming,sparsity,flow_log_density_cfs,flow_log_density_xs,flow_prob_condition_acc,lof_scores_xs,lof_scores_cfs,isolation_forest_scores_xs,isolation_forest_scores_cfs,time
1.0,1.0,,0.0,1.634844739340844,0.5623954135952045,1057.623314896585,0.5623954135952045,,0.7234497505345688,-40.476287841796875,49.83808135986328,0.0,104267.85,83.66628,0.0972742725870185,0.020136916877443903,782.9977180957794
1.0,1.0,,0.0,1.6296171980095926,0.5910036307899172,835.6503136485843,0.5910036307899172,,0.7287954383464006,3.045043706893921,50.09296417236328,0.0,21441.25,151434190.0,0.09434583964758662,0.010172432860776336,827.7556343078613
1.0,1.0,,0.0,1.774925492965421,0.6086472341361029,655.1008139510241,0.6086472341361029,,0.7655024946543122,-73.20049285888672,49.122581481933594,0.0,11326440.0,25222694.0,0.08994345253762509,0.009271689523569226,735.2257363796234
0.9836065573770492,1.0,,0.0,2.0488244306357575,0.726937956619669,595.4682645880364,0.726937956619669,,0.7228260869565217,18.876672744750977,49.990291595458984,0.0,76606.23,101.61166,0.08312124555445392,0.0006557836809237698,802.1719989776611
0.9836065573770492,0.9416666626930237,,0.0,2.3250067955391325,0.8440164746119571,1318.7235819297648,0.8440164746119571,,0.767602924201616,26.876462936401367,31.548065185546875,0.06194690242409706,213346.58,65650068.0,0.09947629905442189,0.04963285334984957,751.2190701961517
