model_returned_smth,valid_cf_disc,dissimilarity_proximity_categorical_hamming,dissimilarity_proximity_categorical_jaccard,dissimilarity_proximity_continuous_manhatan,dissimilarity_proximity_continuous_euclidean,dissimilarity_proximity_continuous_mad,distance_l2_jaccard,distance_mad_hamming,sparsity,flow_log_density_cfs,flow_log_density_xs,flow_prob_condition_acc,lof_scores_xs,lof_scores_cfs,isolation_forest_scores_xs,isolation_forest_scores_cfs,time
1.0,0.9016393423080444,,0.0,1.634844739340844,0.5623954135952045,1057.623314896585,0.5623954135952045,,0.7234497505345688,21.692630767822266,49.83808135986328,0.008196720853447914,70470.99,32634.367,0.09988417205850955,0.015658288483637914,782.9977180957794
1.0,0.9754098653793335,,0.0,1.6296171980095926,0.5910036307899172,835.6503136485843,0.5910036307899172,,0.7287954383464006,1.5860570669174194,50.09296417236328,0.0,79850.58,31983.473,0.10142637100716784,0.025396039581646306,827.7556343078613
1.0,0.9672130942344666,,0.0,1.774925492965421,0.6086472341361029,655.1008139510241,0.6086472341361029,,0.7655024946543122,-39.138553619384766,49.122581481933594,0.0,82029.61,35977.637,0.09094825317670877,0.014924171763763637,735.2257363796234
0.9836065573770492,0.9666666388511658,,0.0,1.812635187628583,0.6535242368230728,568.8932647550845,0.6535242368230728,,0.7057971014492753,21.36011505126953,50.87923812866211,0.02500000037252903,35447.074,39885.727,0.09324794536842781,0.008261618211180414,802.1719989776611
0.9836065573770492,0.9083333611488342,,0.0,1.58706972903391,0.5470224083869425,973.4481651456168,0.5470224083869425,,0.722463768115942,29.048967361450195,41.94363021850586,0.09166666865348816,137137.08,1013287.06,0.10294995818615836,0.043469900443860836,751.2190701961517
