model_returned_smth,valid_cf_disc,dissimilarity_proximity_categorical_hamming,dissimilarity_proximity_categorical_jaccard,dissimilarity_proximity_continuous_manhatan,dissimilarity_proximity_continuous_euclidean,dissimilarity_proximity_continuous_mad,distance_l2_jaccard,distance_mad_hamming,sparsity,flow_log_density_cfs,flow_log_density_xs,flow_prob_condition_acc,lof_scores_xs,lof_scores_cfs,isolation_forest_scores_xs,isolation_forest_scores_cfs,time
0.5573770491803278,0.47058823704719543,,0.0,1.2905793369040586,0.5412842951948613,22207.95188974074,0.5412842951948613,,0.41983695652173914,-21.989482879638672,58.32017135620117,0.0625,282845.88,146.44617,0.15327399748519366,0.007682977120647527,1429.9449622631073
0.5573770491803278,0.4852941036224365,,0.0,1.3957361864295454,0.5786910260901624,1778.514580428458,0.5786910260901624,,0.4031620553359684,-139.36480712890625,58.96565246582031,0.0,21869.656,189.98732,0.15266025500487032,0.0019656902076548408,1493.2905802726746
0.5081967213114754,0.5322580933570862,,0.0,1.4790030848715943,0.5418148856295592,2932.529583761079,0.5418148856295592,,0.4901185770750988,-120.10531616210938,60.429325103759766,0.0,41834490.0,184.47523,0.15992574881845245,-0.03677774034956525,1443.677000284195
0.5409836065573771,0.4545454680919647,,0.0,1.7221032755106458,0.6567048351007329,2461.0335021926508,0.6567048351007329,,0.4855072463768116,-163.85635375976562,59.8099250793457,0.0,167158.89,224.27751,0.1485834750561224,-0.047027222507459186,1425.7876930236816
0.5655737704918032,0.49275362491607666,,0.0,1.3660457941495063,0.6181399933805318,391.39792369110023,0.6181399933805318,,0.4117647058823529,-59.569976806640625,52.24249267578125,0.0,598478.25,87.54727,0.14549824085008567,0.04318277393952476,1338.9654941558838
