model_returned_smth,valid_cf_disc,dissimilarity_proximity_categorical_hamming,dissimilarity_proximity_categorical_jaccard,dissimilarity_proximity_continuous_manhatan,dissimilarity_proximity_continuous_euclidean,dissimilarity_proximity_continuous_mad,distance_l2_jaccard,distance_mad_hamming,sparsity,flow_log_density_cfs,flow_log_density_xs,flow_prob_condition_acc,lof_scores_xs,lof_scores_cfs,isolation_forest_scores_xs,isolation_forest_scores_cfs,time
1.0,1.0,,0.0,16.52824446486516,3.1060084811894373,68.56797260787951,3.1060084811894373,,0.6392795138888889,25.054882049560547,36.3851318359375,0.1805555522441864,1.0434062,0.98877394,0.020464478122203998,0.04082730566847779,0.7045571804046631
1.0,1.0,,0.0,16.647174328751863,3.109550688571499,60.65339392308704,3.109550688571499,,0.6398003472222222,25.327592849731445,32.4938850402832,0.20277777314186096,1.0568944,0.9992798,0.010775197034257326,0.03953871040405483,0.7312097549438477
1.0,0.9972144961357117,,0.0,16.599780969529846,3.1085596934364124,68.85059558807929,3.1085596934364124,,0.6417597765363129,26.48798942565918,32.44929885864258,0.20111732184886932,1.0522075,0.9974738,0.013428328030361517,0.04119533287468401,0.4235029220581054
1.0,0.9972144961357117,,0.0,16.45465734097378,3.066260613528156,63.95831186609047,3.066260613528156,,0.643723812849162,24.35917091369629,40.37229919433594,0.10335195809602737,1.0394866,0.98413426,0.02295437620682947,0.03331969578725389,0.4300172328948974
1.0,0.9916434288024902,,0.0,15.204939538006032,3.073126367755121,56.2696472000373,3.073126367755121,,0.5531952247191011,17.07571029663086,37.33147048950195,0.19382022321224213,1.0483919,1.1228716,0.019671973525184162,0.04462081642487952,0.4325389862060547
