model_returned_smth,valid_cf_disc,dissimilarity_proximity_categorical_hamming,dissimilarity_proximity_categorical_jaccard,dissimilarity_proximity_continuous_manhatan,dissimilarity_proximity_continuous_euclidean,dissimilarity_proximity_continuous_mad,distance_l2_jaccard,distance_mad_hamming,sparsity,flow_log_density_cfs,flow_log_density_xs,flow_prob_condition_acc,lof_scores_xs,lof_scores_cfs,isolation_forest_scores_xs,isolation_forest_scores_cfs,time
1.0,0.9972222447395325,,0.0,16.52862640944206,3.1048455883615422,68.55371966336763,3.1048455883615422,,0.6395399305555556,3.6486873626708984,36.3851318359375,0.0027777778450399637,155333760.0,130429240.0,0.018940007894051078,0.03947188508052755,0.48604750633239746
1.0,1.0,,0.0,16.647174328751863,3.109550688571499,60.65339392308704,3.109550688571499,,0.6398003472222222,-2.369821310043335,32.4938850402832,0.0,114952050.0,138519070.0,0.018893595746273625,0.042346152382607964,0.4882950782775879
1.0,1.0,,0.0,16.58553400046314,3.1068373864205516,68.9829324349674,3.1068373864205516,,0.6414954735376045,-6.339784622192383,32.42351150512695,0.0,150949010.0,131880030.0,0.023072321142804813,0.05097785052996102,0.49361348152160645
1.0,1.0,,0.0,16.44601258652124,3.064910295268306,63.862713984703134,3.064910295268306,,0.6435846100278552,-6.055685997009277,40.37196350097656,0.0,388210200.0,148098290.0,0.027010034615214496,0.03206480265824764,0.4921760559082031
1.0,0.9972144961357117,,0.0,16.112305040084717,3.0594625901488115,61.57780770940709,3.0594625901488115,,0.6292653203342619,13.1245756149292,37.31368637084961,0.002785515272989869,123519480.0,47262564.0,0.02341621640814601,0.03821508147852979,0.49086475372314453
