model_returned_smth,valid_cf_disc,dissimilarity_proximity_categorical_hamming,dissimilarity_proximity_categorical_jaccard,dissimilarity_proximity_continuous_manhatan,dissimilarity_proximity_continuous_euclidean,dissimilarity_proximity_continuous_mad,distance_l2_jaccard,distance_mad_hamming,sparsity,flow_log_density_cfs,flow_log_density_xs,flow_prob_condition_acc,lof_scores_xs,lof_scores_cfs,isolation_forest_scores_xs,isolation_forest_scores_cfs,time
1.0,1.0,,0.0,16.52824446486516,3.1060084811894373,68.56797260787951,3.1060084811894373,,0.6392795138888889,3.081216812133789,36.3851318359375,0.0,155333760.0,130429240.0,0.02326362045191116,0.034849117275208195,0.5915343761444092
1.0,1.0,,0.0,16.647174328751863,3.109550688571499,60.65339392308704,3.109550688571499,,0.6398003472222222,-2.369821310043335,32.4938850402832,0.0,114952050.0,138519070.0,0.022176987701153998,0.029873143366670844,0.5912473201751709
1.0,1.0,,0.0,16.58553400046314,3.1068373864205516,68.9829324349674,3.1068373864205516,,0.6414954735376045,-6.339784622192383,32.42351150512695,0.0,150949010.0,131880030.0,0.014274548781755209,0.02203450391499979,0.5865054130554199
1.0,1.0,,0.0,16.44601258652124,3.064910295268306,63.862713984703134,3.064910295268306,,0.6435846100278552,-6.055685997009277,40.37196350097656,0.0,388210200.0,148098290.0,0.021277478940974107,0.0418407709066739,0.5905613899230957
1.0,1.0,,0.0,16.119469451622045,3.061540927341685,61.597090770703865,3.061540927341685,,0.6288736072423399,12.555045127868652,37.31368637084961,0.0,123519480.0,47262564.0,0.0198320460590764,0.034617572109867156,0.5888984203338623
