model_returned_smth,valid_cf_disc,dissimilarity_proximity_categorical_hamming,dissimilarity_proximity_categorical_jaccard,dissimilarity_proximity_continuous_manhatan,dissimilarity_proximity_continuous_euclidean,dissimilarity_proximity_continuous_mad,distance_l2_jaccard,distance_mad_hamming,sparsity,flow_log_density_cfs,flow_log_density_xs,flow_prob_condition_acc,lof_scores_xs,lof_scores_cfs,isolation_forest_scores_xs,isolation_forest_scores_cfs,time
1.0,1.0,,0.0,16.52824446486516,3.1060084811894373,68.56797260787951,3.1060084811894373,,0.6392795138888889,26.567092895507812,36.3851318359375,0.21111111342906952,155333760.0,130429240.0,0.022270333277754694,0.036241061467236,0.7045571804046631
1.0,1.0,,0.0,16.647174328751863,3.109550688571499,60.65339392308704,3.109550688571499,,0.6398003472222222,24.994157791137695,32.4938850402832,0.20277777314186096,114952050.0,138519070.0,0.017001113691962576,0.03171899160816757,0.7312097549438477
1.0,1.0,,0.0,16.58553400046314,3.1068373864205516,68.9829324349674,3.1068373864205516,,0.6414954735376045,26.449642181396484,32.42351150512695,0.20334261655807495,150949010.0,131880030.0,0.016841678973190884,0.0393662445844723,0.42350292205810547
1.0,1.0,,0.0,16.44601258652124,3.064910295268306,63.862713984703134,3.064910295268306,,0.6435846100278552,24.088224411010742,40.37196350097656,0.10306406766176224,388210200.0,148098290.0,0.024448578269137766,0.034799150596080436,0.43001723289489746
1.0,0.9944289922714233,,0.0,15.226402882371797,3.0764497673012516,57.05087091665006,3.0764497673012516,,0.5535714285714286,15.746439933776855,37.292301177978516,0.1764705926179886,306487420.0,80127580.0,0.024335555216313986,0.0488371947296334,0.4325389862060547
