model_returned_smth,valid_cf_disc,dissimilarity_proximity_categorical_hamming,dissimilarity_proximity_categorical_jaccard,dissimilarity_proximity_continuous_manhatan,dissimilarity_proximity_continuous_euclidean,dissimilarity_proximity_continuous_mad,distance_l2_jaccard,distance_mad_hamming,sparsity,flow_log_density_cfs,flow_log_density_xs,flow_prob_condition_acc,lof_scores_xs,lof_scores_cfs,isolation_forest_scores_xs,isolation_forest_scores_cfs,time
1.0,1.0,,0.0,16.52862640944206,3.1048455883615422,68.55371966336763,3.1048455883615422,,0.6395399305555556,26.440093994140625,36.3851318359375,0.20555555820465088,155333760.0,130429240.0,0.02380842173459325,0.05816260791405633,0.6949288845062256
1.0,1.0,,0.0,16.647174328751863,3.109550688571499,60.65339392308704,3.109550688571499,,0.6398003472222222,25.698068618774414,32.4938850402832,0.20277777314186096,114952050.0,138519070.0,0.012238615482468502,0.033332740115883566,0.38859009742736816
1.0,1.0,,0.0,16.58553400046314,3.1068373864205516,68.9829324349674,3.1068373864205516,,0.6414954735376045,26.41074562072754,32.42351150512695,0.20055709779262543,150949010.0,131880030.0,0.018273403014781735,0.05696326073382298,0.689316987991333
1.0,1.0,,0.0,16.44601258652124,3.064910295268306,63.862713984703134,3.064910295268306,,0.6435846100278552,24.716325759887695,40.37196350097656,0.11142061650753021,388210200.0,148098290.0,0.021770378305823228,0.031967221060410916,0.3855628967285156
1.0,1.0,,0.0,15.181788686839319,3.068711225868549,56.62145069147974,3.068711225868549,,0.5528812674094707,15.354377746582031,37.313690185546875,0.19220055639743805,300149380.0,80036450.0,0.020670718045346842,0.04447912909646146,0.4106299877166748
