model_returned_smth,valid_cf_disc,dissimilarity_proximity_categorical_hamming,dissimilarity_proximity_categorical_jaccard,dissimilarity_proximity_continuous_manhatan,dissimilarity_proximity_continuous_euclidean,dissimilarity_proximity_continuous_mad,distance_l2_jaccard,distance_mad_hamming,sparsity,flow_log_density_cfs,flow_log_density_xs,flow_prob_condition_acc,lof_scores_xs,lof_scores_cfs,isolation_forest_scores_xs,isolation_forest_scores_cfs,time
1.0,1.0,,0.0,16.52824446486516,3.1060084811894373,68.56797260787951,3.1060084811894373,,0.6392795138888889,25.91267967224121,36.3851318359375,0.20000000298023224,1.0434062,0.98877394,0.020464478122203998,0.04082730566847779,3.0303776264190674
1.0,1.0,,0.0,16.647174328751863,3.109550688571499,60.65339392308704,3.109550688571499,,0.6398003472222222,26.137046813964844,32.4938850402832,0.2083333283662796,1.0568944,0.9992798,0.010775197034257326,0.03953871040405483,3.2293522357940674
1.0,1.0,,0.0,16.60971990053368,3.1103880854766777,69.09003052521264,3.1103880854766777,,0.6416260445682451,26.502418518066406,32.42351150512695,0.20055709779262543,1.0522075,0.9980118,0.013428328030361517,0.041210753690717514,2.987581491470337
1.0,1.0,,0.0,16.44601258652124,3.064910295268306,63.862713984703134,3.064910295268306,,0.6435846100278552,24.752965927124023,40.37196350097656,0.10306406766176224,1.0394866,0.98413426,0.02295437620682947,0.03331969578725389,2.854532241821289
1.0,1.0,,0.0,15.112891949630216,3.0579724280875356,56.37851893630149,3.0579724280875356,,0.5513579387186629,16.687572479248047,37.31368637084961,0.1866295337677002,1.0483919,1.1230065,0.019671973525184162,0.044954928892491426,3.4719367027282715
