model_returned_smth,valid_cf_disc,dissimilarity_proximity_categorical_hamming,dissimilarity_proximity_categorical_jaccard,dissimilarity_proximity_continuous_manhatan,dissimilarity_proximity_continuous_euclidean,dissimilarity_proximity_continuous_mad,distance_l2_jaccard,distance_mad_hamming,sparsity,flow_log_density_cfs,flow_log_density_xs,flow_prob_condition_acc,lof_scores_xs,lof_scores_cfs,isolation_forest_scores_xs,isolation_forest_scores_cfs,time
1.0,1.0,,0.0,16.52824446486516,3.1060084811894373,68.56797260787951,3.1060084811894373,,0.6392795138888889,25.91267967224121,36.3851318359375,0.20000000298023224,155333760.0,130429240.0,0.019915396925442655,0.038372599428636175,3.0303776264190674
1.0,1.0,,0.0,16.647174328751863,3.109550688571499,60.65339392308704,3.109550688571499,,0.6398003472222222,26.137046813964844,32.4938850402832,0.2083333283662796,114952050.0,138519070.0,0.019930475700789884,0.02309009080950835,3.2293522357940674
1.0,1.0,,0.0,16.60971990053368,3.1103880854766777,69.09003052521264,3.1103880854766777,,0.6416260445682451,26.502418518066406,32.42351150512695,0.20055709779262543,150949010.0,131880030.0,0.016336316050737307,0.037360027798018225,2.987581491470337
1.0,1.0,,0.0,16.44601258652124,3.064910295268306,63.862713984703134,3.064910295268306,,0.6435846100278552,24.752965927124023,40.37196350097656,0.10306406766176224,388210200.0,148098290.0,0.02154793311815427,0.02607497071001998,2.854532241821289
1.0,1.0,,0.0,15.112891949630216,3.0579724280875356,56.37851893630149,3.0579724280875356,,0.5513579387186629,16.687572479248047,37.31368637084961,0.1866295337677002,300149380.0,80036450.0,0.02313367818974551,0.051269415110622045,3.4719367027282715
