model_returned_smth,valid_cf_disc,dissimilarity_proximity_categorical_hamming,dissimilarity_proximity_categorical_jaccard,dissimilarity_proximity_continuous_manhatan,dissimilarity_proximity_continuous_euclidean,dissimilarity_proximity_continuous_mad,distance_l2_jaccard,distance_mad_hamming,sparsity,flow_log_density_cfs,flow_log_density_xs,flow_prob_condition_acc,lof_scores_xs,lof_scores_cfs,isolation_forest_scores_xs,isolation_forest_scores_cfs,time
1.0,1.0,,0.0,16.52862640944206,3.1048455883615422,68.55371966336763,3.1048455883615422,,0.6395399305555556,26.440093994140625,36.3851318359375,0.20555555820465088,1.0434062,0.9883422,0.020464478122203998,0.040795059365587145,0.6949288845062256
1.0,1.0,,0.0,16.647174328751863,3.109550688571499,60.65339392308704,3.109550688571499,,0.6398003472222222,25.698057174682617,32.4938850402832,0.20277777314186096,1.0568944,0.9992798,0.010775197034257326,0.03953871040405483,0.3885900974273681
1.0,1.0,,0.0,16.58553400046314,3.1068373864205516,68.9829324349674,3.1068373864205516,,0.6414954735376045,26.41074562072754,32.42351150512695,0.20055709779262543,1.0522075,0.9974738,0.013428328030361517,0.04119533287468401,0.689316987991333
1.0,1.0,,0.0,16.44601258652124,3.064910295268306,63.862713984703134,3.064910295268306,,0.6435846100278552,24.716331481933594,40.37196350097656,0.11142061650753021,1.0394866,0.98413426,0.02295437620682947,0.03331969578725389,0.3855628967285156
1.0,1.0,,0.0,15.181788686839319,3.068711225868549,56.62145069147974,3.068711225868549,,0.5528812674094707,15.354373931884766,37.31368637084961,0.19220055639743805,1.0483919,1.1228716,0.019671973525184162,0.04462081642487952,0.4106299877166748
