,precision,recall,f1-score,support
0,0.7303262955854126,0.7417153996101364,0.7359767891682786,1026.0
1,0.715359828141783,0.7032734952481521,0.7092651757188498,947.0
accuracy,0.7232640648758236,0.7232640648758236,0.7232640648758236,0.7232640648758236
macro avg,0.7228430618635978,0.7224944474291443,0.7226209824435642,1973.0
weighted avg,0.7231426946380648,0.7232640648758236,0.7231557562556535,1973.0
