,precision,recall,f1-score,support
0,0.7311725452812202,0.7475633528265108,0.739277108433735,1026.0
1,0.7196969696969697,0.7022175290390708,0.7108498129342598,947.0
accuracy,0.7257982767359351,0.7257982767359351,0.7257982767359351,0.7257982767359351
macro avg,0.7254347574890949,0.7248904409327908,0.7250634606839974,1973.0
weighted avg,0.7256645016530979,0.7257982767359351,0.725632582920302,1973.0
