,precision,recall,f1-score,support
0,0.764525993883792,0.7295719844357976,0.7466401194624191,1028.0
1,0.7203219315895373,0.7560718057022175,0.7377640391550747,947.0
accuracy,0.7422784810126583,0.7422784810126583,0.7422784810126583,0.7422784810126583
macro avg,0.7424239627366647,0.7428218950690075,0.7422020793087469,1975.0
weighted avg,0.743330425786243,0.7422784810126583,0.7423840951327709,1975.0
