,precision,recall,f1-score,support
0,0.7267384916748286,0.723196881091618,0.7249633610161211,1026.0
1,0.7016806722689075,0.7053854276663146,0.7035281727224855,947.0
accuracy,0.7146477445514445,0.7146477445514445,0.7146477445514445,0.7146477445514445
macro avg,0.7142095819718681,0.7142911543789663,0.7142457668693033,1973.0
weighted avg,0.7147112463745715,0.7146477445514445,0.7146749052056433,1973.0
