model_returned_smth,valid_cf_disc,dissimilarity_proximity_categorical_hamming,dissimilarity_proximity_categorical_jaccard,dissimilarity_proximity_continuous_manhatan,dissimilarity_proximity_continuous_euclidean,dissimilarity_proximity_continuous_mad,distance_l2_jaccard,distance_mad_hamming,sparsity,flow_log_density_cfs,flow_log_density_xs,flow_prob_condition_acc,lof_scores_xs,lof_scores_cfs,isolation_forest_scores_xs,isolation_forest_scores_cfs,time
1.0,0.996666669845581,,0.0,0.765802955077961,0.595676145111126,2.9881636343399682,0.595676145111126,,1.0,-37.588722229003906,2.50305438041687,0.0,4259715.5,3062896.0,0.016901015095929058,-0.004747129859324568,0.4196336269378662
1.0,1.0,,0.0,0.7670446978633603,0.6002905448838862,3.4211012315750122,0.6002905448838862,,1.0,-58.78691482543945,2.5592422485351562,0.0,1994561.8,1551799.1,0.01652407778844003,0.0513343629840569,0.41859006881713867
1.0,1.0,,0.0,0.7404611720268925,0.5573402512790939,3.0499469848473866,0.5573402512790939,,1.0,-38.26297378540039,2.5708556175231934,0.0,4006745.2,2379060.5,0.012229726043720981,0.0041452628790770996,0.57668137550354
1.0,1.0,,0.0,0.7405166331647585,0.5563944990927543,2.9904862387975055,0.5563944990927543,,1.0,-31.77349281311035,2.6076180934906006,0.0,3313155.0,2516229.0,0.017469908326793796,0.001584301963227804,0.41789674758911133
1.0,1.0,,0.0,0.732587788814685,0.5522234899941877,3.02511938838257,0.5522234899941877,,1.0,-27.56903839111328,2.639678478240967,0.0,4605257.0,2218910.8,0.018796178760004445,0.0019152932340951497,0.4169173240661621
