model_returned_smth,valid_cf_disc,dissimilarity_proximity_categorical_hamming,dissimilarity_proximity_categorical_jaccard,dissimilarity_proximity_continuous_manhatan,dissimilarity_proximity_continuous_euclidean,dissimilarity_proximity_continuous_mad,distance_l2_jaccard,distance_mad_hamming,sparsity,flow_log_density_cfs,flow_log_density_xs,flow_prob_condition_acc,lof_scores_xs,lof_scores_cfs,isolation_forest_scores_xs,isolation_forest_scores_cfs,time
1.0,1.0,,0.0,0.7688000698480755,0.5978977366905834,2.9998455452919006,0.5978977366905834,,1.0,-37.8688850402832,2.50305438041687,0.0,4259715.5,3062896.0,0.014792764167242515,-0.008582645292311675,0.3412740230560303
1.0,1.0,,0.0,0.7670446978633603,0.6002905448838862,3.4211012315750122,0.6002905448838862,,1.0,-58.78691482543945,2.5592422485351562,0.0,1994561.8,1551799.1,0.017985241775517934,0.05588318182998692,0.3383002281188965
1.0,1.0,,0.0,0.7404611720268925,0.5573402512790939,3.0499469848473866,0.5573402512790939,,1.0,-38.26297378540039,2.5708556175231934,0.0,4006745.2,2379060.5,0.01535519666333296,0.004969501365270446,0.3422729969024658
1.0,1.0,,0.0,0.7405166331647585,0.5563944990927543,2.9904862387975055,0.5563944990927543,,1.0,-31.77349281311035,2.6076180934906006,0.0,3313155.0,2516229.0,0.014770034961554188,8.608774048742458e-05,0.3383817672729492
1.0,1.0,,0.0,0.732587788814685,0.5522234899941877,3.02511938838257,0.5522234899941877,,1.0,-27.56903839111328,2.639678478240967,0.0,4605257.0,2218910.8,0.01576076335162836,0.0032090224894047665,0.3345222473144531
