model_returned_smth,valid_cf_disc,dissimilarity_proximity_categorical_hamming,dissimilarity_proximity_categorical_jaccard,dissimilarity_proximity_continuous_manhatan,dissimilarity_proximity_continuous_euclidean,dissimilarity_proximity_continuous_mad,distance_l2_jaccard,distance_mad_hamming,sparsity,flow_log_density_cfs,flow_log_density_xs,flow_prob_condition_acc,lof_scores_xs,lof_scores_cfs,isolation_forest_scores_xs,isolation_forest_scores_cfs,time
1.0,1.0,,0.0,0.9563704782817513,0.7290897384877831,3.772318123181661,0.7290897384877831,,1.0,-42.534568786621094,2.50305438041687,0.0,4259715.5,3062896.0,0.018307401259679792,-0.0019943972499920637,0.7870903015136719
1.0,1.0,,0.0,0.9424102364604672,0.7064660949087528,4.262915263970693,0.7064660949087528,,1.0,-59.32953643798828,2.5592422485351562,0.3333333432674408,2680626.8,1683865.0,0.014314545151421413,0.03509458736406762,0.872943639755249
1.0,1.0,,0.0,0.9459100990121563,0.7151801621497778,4.040127170880636,0.7151801621497778,,1.0,-30.309368133544922,2.5708556175231934,0.3333333432674408,2189534.2,1812733.8,0.01619141766501076,0.030415726479116518,0.7015013694763184
1.0,1.0,,0.0,0.960571339102462,0.7210495430402112,3.923395398457845,0.7210495430402112,,1.0,-25.264684677124023,2.6076180934906006,0.3333333432674408,2415667.2,1773966.8,0.013906118756650194,0.02714691219378179,0.6688122749328613
1.0,1.0,,0.0,0.9428985931203517,0.71106894275509,4.000510128844144,0.71106894275509,,1.0,-20.18012237548828,2.639678478240967,0.3344481587409973,2512988.5,1719091.6,0.024628604762781756,0.04724851210404461,0.8020753860473633
