model_returned_smth,valid_cf_disc,dissimilarity_proximity_categorical_hamming,dissimilarity_proximity_categorical_jaccard,dissimilarity_proximity_continuous_manhatan,dissimilarity_proximity_continuous_euclidean,dissimilarity_proximity_continuous_mad,distance_l2_jaccard,distance_mad_hamming,sparsity,flow_log_density_cfs,flow_log_density_xs,flow_prob_condition_acc,lof_scores_xs,lof_scores_cfs,isolation_forest_scores_xs,isolation_forest_scores_cfs,time
1.0,1.0,,0.0,0.9563704782817513,0.7290897384877831,3.772318123181661,0.7290897384877831,,1.0,-42.53459167480469,2.503053903579712,0.0,4259715.5,3062896.0,0.020039198178612678,-0.0067032358990264385,0.13103890419006348
1.0,1.0,,0.0,0.9424102364604672,0.7064660949087528,4.262915263970693,0.7064660949087528,,1.0,-59.32953643798828,2.5592422485351562,0.3333333432674408,2680626.8,1683865.0,0.013332149269812427,0.03346081104637545,0.1313011646270752
1.0,1.0,,0.0,0.9459100990121563,0.7151801621497778,4.040127170880636,0.7151801621497778,,1.0,-30.309371948242188,2.5708553791046143,0.3333333432674408,2189534.2,1812733.8,0.017097252041191228,0.04632764297023245,0.1289217472076416
1.0,1.0,,0.0,0.960571339102462,0.7210495430402112,3.923395398457845,0.7210495430402112,,1.0,-25.264690399169922,2.6076180934906006,0.3333333432674408,2415667.2,1773966.8,0.014394877241238361,0.02776109618433109,0.12964510917663574
1.0,1.0,,0.0,0.9428985931203517,0.71106894275509,4.000510128844144,0.71106894275509,,1.0,-20.180124282836914,2.639678955078125,0.3344481587409973,2512988.5,1719091.6,0.014116672539749353,0.026306169015490547,0.12922382354736328
