model_returned_smth,valid_cf_disc,dissimilarity_proximity_categorical_hamming,dissimilarity_proximity_categorical_jaccard,dissimilarity_proximity_continuous_manhatan,dissimilarity_proximity_continuous_euclidean,dissimilarity_proximity_continuous_mad,distance_l2_jaccard,distance_mad_hamming,sparsity,flow_log_density_cfs,flow_log_density_xs,flow_prob_condition_acc,lof_scores_xs,lof_scores_cfs,isolation_forest_scores_xs,isolation_forest_scores_cfs,time
1.0,1.0,,0.0,0.9563704782817513,0.7290897384877831,3.772318123181661,0.7290897384877831,,1.0,-42.534568786621094,2.50305438041687,0.0,1.0974929,1.0821457,0.018596253076641964,-0.0007630268390251826,0.1649489402770996
1.0,1.0,,0.0,0.9424102364604672,0.7064660949087528,4.262915263970693,0.7064660949087528,,1.0,-58.824283599853516,2.5592422485351562,0.3333333432674408,1.1076694,1.001495,0.015508409793053284,0.03799309166352923,0.1588778495788574
1.0,1.0,,0.0,0.9459100990121563,0.7151801621497778,4.040127170880636,0.7151801621497778,,1.0,-30.423620223999023,2.5708556175231934,0.3333333432674408,1.0946437,1.00249,0.012001778306477242,0.03538254246573955,0.1582121849060058
1.0,1.0,,0.0,0.960571339102462,0.7210495430402112,3.923395398457845,0.7210495430402112,,1.0,-25.264684677124023,2.6076180934906006,0.3333333432674408,1.1033852,1.0110157,0.014724179396926268,0.027644580571851117,0.1572179794311523
1.0,1.0,,0.0,0.9428985931203517,0.71106894275509,4.000510128844144,0.71106894275509,,1.0,-20.18012237548828,2.639678478240967,0.3344481587409973,1.0885376,1.0111132,0.018718765827988454,0.041653090828961126,0.1558699607849121
