model_returned_smth,valid_cf_disc,dissimilarity_proximity_categorical_hamming,dissimilarity_proximity_categorical_jaccard,dissimilarity_proximity_continuous_manhatan,dissimilarity_proximity_continuous_euclidean,dissimilarity_proximity_continuous_mad,distance_l2_jaccard,distance_mad_hamming,sparsity,flow_log_density_cfs,flow_log_density_xs,flow_prob_condition_acc,lof_scores_xs,lof_scores_cfs,isolation_forest_scores_xs,isolation_forest_scores_cfs,time
1.0,1.0,,0.0,3.6642853548789085,1.2140865410098518,27.01966757244534,1.2140865410098518,,0.9893162393162394,4.847761154174805,6.908406734466553,0.3888888955116272,1.0312907,1.0515707,0.04372979481133526,0.05096056804398022,0.0126111507415771
1.0,0.9444444179534912,,0.0,4.178664184976643,1.3521143483059135,30.45410644306856,1.3521143483059135,,0.995475113122172,1.5759947299957275,6.2769927978515625,0.38235294818878174,1.0956119,1.1355114,0.03393252431714913,-0.0016826655929311392,0.0115790367126464
1.0,0.9166666865348816,,0.0,4.175121360267936,1.354645852086163,29.399721550218988,1.354645852086163,,0.993006993006993,0.44915395975112915,8.042923927307129,0.3030303120613098,1.0757356,1.1143097,0.038984333709966935,0.028885188487305122,0.01149582862854
1.0,0.9428571462631226,,0.0,4.15226649231221,1.3167082173471305,28.706435116854582,1.3167082173471305,,0.9976689976689976,1.822623610496521,8.381551742553711,0.3636363744735718,1.0306348,1.1311113,0.051015147333551995,0.025439908028730474,0.0143299102783203
1.0,1.0,,0.0,4.085845506630306,1.3299802409457322,32.97228644234794,1.3299802409457322,,0.9978021978021978,-0.13419859111309052,6.773268699645996,0.4285714328289032,1.068763,1.1218044,0.047624813001762974,0.019054443690886595,0.0121381282806396
