model_returned_smth,valid_cf_disc,dissimilarity_proximity_categorical_hamming,dissimilarity_proximity_categorical_jaccard,dissimilarity_proximity_continuous_manhatan,dissimilarity_proximity_continuous_euclidean,dissimilarity_proximity_continuous_mad,distance_l2_jaccard,distance_mad_hamming,sparsity,flow_log_density_cfs,flow_log_density_xs,flow_prob_condition_acc,lof_scores_xs,lof_scores_cfs,isolation_forest_scores_xs,isolation_forest_scores_cfs,time
1.0,1.0,,0.0,3.6642853548789085,1.2140865410098518,27.01966757244534,1.2140865410098518,,0.9893162393162394,4.847761154174805,6.908406734466553,0.3888888955116272,1.0312907,1.0515707,0.04372979481133526,0.05096056804398022,0.0719618797302246
1.0,1.0,,0.0,4.227897852950264,1.367860722348702,30.853517903221977,1.367860722348702,,0.9957264957264957,1.3598777055740356,5.836296081542969,0.3611111044883728,1.0956119,1.1355114,0.03393252431714913,-0.0016826655929311392,0.0721113681793212
1.0,1.0,,0.0,4.1764957979192125,1.352500605514663,29.27364354663425,1.352500605514663,,0.9935897435897436,1.463459849357605,7.302573204040527,0.3611111044883728,1.0757356,1.124373,0.038984333709966935,0.025857450636790378,0.0757272243499755
1.0,1.0,,0.0,4.1059095553255505,1.302956010182974,30.536614717756,1.302956010182974,,0.9956043956043956,2.6682522296905518,8.242945671081543,0.4000000059604645,1.0306348,1.1311113,0.051015147333551995,0.025439908028730474,0.2287535667419433
1.0,1.0,,0.0,4.085845506630306,1.3299802409457322,32.97228644234794,1.3299802409457322,,0.9978021978021978,-0.13419859111309052,6.773268699645996,0.4285714328289032,1.068763,1.1218044,0.047624813001762974,0.019054443690886595,0.0696799755096435
