model_returned_smth,valid_cf_disc,dissimilarity_proximity_categorical_hamming,dissimilarity_proximity_categorical_jaccard,dissimilarity_proximity_continuous_manhatan,dissimilarity_proximity_continuous_euclidean,dissimilarity_proximity_continuous_mad,distance_l2_jaccard,distance_mad_hamming,sparsity,flow_log_density_cfs,flow_log_density_xs,flow_prob_condition_acc,lof_scores_xs,lof_scores_cfs,isolation_forest_scores_xs,isolation_forest_scores_cfs,time
1.0,1.0,,0.0,3.6642853548789085,1.2140865410098518,27.01966757244534,1.2140865410098518,,0.9893162393162394,-10.466718673706055,6.908406734466553,0.0,465210100.0,53497040.0,0.04410674247199218,0.04606627729237759,0.06626486778259277
1.0,1.0,,0.0,4.141405357131993,1.3443007884940206,30.149478435516357,1.3443007884940206,,0.9957264957264957,-23.56551170349121,5.836296081542969,0.0,434718530.0,125400480.0,0.034420326860375064,-0.008356516952801152,0.03420424461364746
1.0,0.9722222089767456,,0.0,4.110111030756444,1.3313484391199413,28.736258771684433,1.3313484391199413,,0.9935897435897436,-15.88412094116211,7.302573204040527,0.02777777798473835,504336740.0,110112920.0,0.039039472394849034,0.02358502851592369,0.03404593467712402
1.0,1.0,,0.0,4.1059095553255505,1.302956010182974,30.536614717756,1.302956010182974,,0.9956043956043956,-25.380830764770508,8.242945671081543,0.0,557485630.0,99068584.0,0.04559796343696841,0.00837022697580595,0.03345966339111328
1.0,0.9714285731315613,,0.0,4.058785485549431,1.3209992380888174,32.93407042367118,1.3209992380888174,,0.9934065934065934,-23.95003890991211,6.773268699645996,0.0,710380860.0,77903400.0,0.04343307319651002,0.020111459935042174,0.033437252044677734
