model_returned_smth,valid_cf_disc,dissimilarity_proximity_categorical_hamming,dissimilarity_proximity_categorical_jaccard,dissimilarity_proximity_continuous_manhatan,dissimilarity_proximity_continuous_euclidean,dissimilarity_proximity_continuous_mad,distance_l2_jaccard,distance_mad_hamming,sparsity,flow_log_density_cfs,flow_log_density_xs,flow_prob_condition_acc,lof_scores_xs,lof_scores_cfs,isolation_forest_scores_xs,isolation_forest_scores_cfs,time
1.0,1.0,,0.0,3.6642853548789085,1.2140865410098518,27.01966757244534,1.2140865410098518,,0.9893162393162394,4.8477606773376465,6.9084062576293945,0.3888888955116272,465210100.0,53497040.0,0.05990740976602297,0.06242335402684343,0.012611150741577148
1.0,1.0,,0.0,4.227897852950264,1.367860722348702,30.853517903221977,1.367860722348702,,0.9957264957264957,1.1584194898605347,5.836297035217285,0.3888888955116272,434718530.0,125400480.0,0.03758462308474639,-0.003246130950618536,0.011579036712646484
1.0,1.0,,0.0,4.110111030756444,1.3313484391199413,28.736258771684433,1.3313484391199413,,0.9935897435897436,1.7290518283843994,7.302572250366211,0.3888888955116272,504336740.0,110112920.0,0.040515577971747416,0.01188224266554055,0.011495828628540039
1.0,1.0,,0.0,4.1059095553255505,1.302956010182974,30.536614717756,1.302956010182974,,0.9956043956043956,2.668250799179077,8.242945671081543,0.4000000059604645,557485630.0,99068584.0,0.05066693547606745,0.012377530824144122,0.014329910278320312
1.0,0.9714285731315613,,0.0,4.100874680005397,1.331502056373167,33.031480957480035,1.331502056373167,,0.997737556561086,-0.4149143695831299,6.936169624328613,0.4117647111415863,731274430.0,78343540.0,0.036718186840685514,0.019538341375960548,0.012138128280639648
