model_returned_smth,valid_cf_disc,dissimilarity_proximity_categorical_hamming,dissimilarity_proximity_categorical_jaccard,dissimilarity_proximity_continuous_manhatan,dissimilarity_proximity_continuous_euclidean,dissimilarity_proximity_continuous_mad,distance_l2_jaccard,distance_mad_hamming,sparsity,flow_log_density_cfs,flow_log_density_xs,flow_prob_condition_acc,lof_scores_xs,lof_scores_cfs,isolation_forest_scores_xs,isolation_forest_scores_cfs,time
1.0,1.0,,0.0,3.2151493179133266,1.0855704097550778,25.636673318015205,1.0855704097550778,,0.9893162393162394,-7.784031391143799,6.908406734466553,0.0,465210100.0,53497040.0,0.04223011752398312,0.04968283224139827,0.02389979362487793
1.0,0.9166666865348816,,0.0,3.5291031862725504,1.1771398104552973,25.53182003233168,1.1771398104552973,,0.9957264957264957,-14.769651412963867,5.836296081542969,0.0,426065820.0,125400480.0,0.03497347911850978,0.017884872199980806,0.02350783348083496
1.0,0.9444444179534912,,0.0,3.3524712396708005,1.0982011359122412,23.29115955034892,1.0982011359122412,,0.9957264957264957,-11.448284149169922,7.302573204040527,0.02777777798473835,503648420.0,89413440.0,0.041202464678846036,0.06470859518060992,0.024463415145874023
1.0,1.0,,0.0,3.2873074611382824,1.058407169222553,24.725052070617675,1.058407169222553,,0.9912087912087912,-14.350739479064941,8.242945671081543,0.34285715222358704,556865200.0,78783110.0,0.050763249327240495,0.05407106116957824,0.02332282066345215
1.0,1.0,,0.0,3.53527338114301,1.1737086646445163,29.09079578944615,1.1737086646445163,,0.9956043956043956,-14.41942310333252,6.773268699645996,0.0,710380860.0,77903400.0,0.0458670844563495,0.05449770214827732,0.023333072662353516
