model_returned_smth,valid_cf_disc,dissimilarity_proximity_categorical_hamming,dissimilarity_proximity_categorical_jaccard,dissimilarity_proximity_continuous_manhatan,dissimilarity_proximity_continuous_euclidean,dissimilarity_proximity_continuous_mad,distance_l2_jaccard,distance_mad_hamming,sparsity,flow_log_density_cfs,flow_log_density_xs,flow_prob_condition_acc,lof_scores_xs,lof_scores_cfs,isolation_forest_scores_xs,isolation_forest_scores_cfs,time
1.0,1.0,,0.0,3.2151493179133266,1.0855704097550778,25.636673318015205,1.0855704097550778,,0.9893162393162394,2.4863412380218506,6.9084062576293945,0.3888888955116272,465210100.0,53497040.0,0.04607714640877213,0.05451369465861749,0.0068700313568115234
1.0,1.0,,0.0,3.5291031862725504,1.1771398104552973,25.53182003233168,1.1771398104552973,,0.9957264957264957,0.9336121678352356,5.836297035217285,0.3055555522441864,426065820.0,125400480.0,0.031228966025480587,0.017521704521228088,0.006822109222412109
1.0,1.0,,0.0,3.3524712396708005,1.0982011359122412,23.29115955034892,1.0982011359122412,,0.9957264957264957,2.3200762271881104,7.302572250366211,0.3333333432674408,503648420.0,89413440.0,0.040490510538397174,0.048766093206080136,0.006864786148071289
1.0,1.0,,0.0,3.2873074611382824,1.058407169222553,24.725052070617675,1.058407169222553,,0.9912087912087912,3.9914708137512207,8.242945671081543,0.4000000059604645,556865200.0,78783110.0,0.04770326316481345,0.05634842687404316,0.006888389587402344
1.0,1.0,,0.0,3.53527338114301,1.1737086646445163,29.09079578944615,1.1737086646445163,,0.9956043956043956,0.9205945730209351,6.7732696533203125,0.4285714328289032,710380860.0,77903400.0,0.05560125382954571,0.03667389329003188,0.006887912750244141
