model_returned_smth,valid_cf_disc,dissimilarity_proximity_categorical_hamming,dissimilarity_proximity_categorical_jaccard,dissimilarity_proximity_continuous_manhatan,dissimilarity_proximity_continuous_euclidean,dissimilarity_proximity_continuous_mad,distance_l2_jaccard,distance_mad_hamming,sparsity,flow_log_density_cfs,flow_log_density_xs,flow_prob_condition_acc,lof_scores_xs,lof_scores_cfs,isolation_forest_scores_xs,isolation_forest_scores_cfs,time
1.0,1.0,,0.0,3.6642853548789085,1.2140865410098518,27.01966757244534,1.2140865410098518,,0.9893162393162394,4.847761154174805,6.908406734466553,0.3888888955116272,465210100.0,53497040.0,0.04631068917221727,0.0384734659295873,0.07196187973022461
1.0,1.0,,0.0,4.227897852950264,1.367860722348702,30.853517903221977,1.367860722348702,,0.9957264957264957,1.3598777055740356,5.836296081542969,0.3611111044883728,434718530.0,125400480.0,0.039998438916661265,0.009291465846810003,0.07211136817932129
1.0,1.0,,0.0,4.1764957979192125,1.352500605514663,29.27364354663425,1.352500605514663,,0.9935897435897436,1.463459849357605,7.302573204040527,0.3611111044883728,504336740.0,110112920.0,0.03782637783469434,0.022452596195529077,0.07572722434997559
1.0,1.0,,0.0,4.1059095553255505,1.302956010182974,30.536614717756,1.302956010182974,,0.9956043956043956,2.6682522296905518,8.242945671081543,0.4000000059604645,557485630.0,99068584.0,0.049164252219430854,0.02712377348452698,0.22875356674194336
1.0,1.0,,0.0,4.085845506630306,1.3299802409457322,32.97228644234794,1.3299802409457322,,0.9978021978021978,-0.13419859111309052,6.773268699645996,0.4285714328289032,710380860.0,77903400.0,0.0415621931001315,0.01721082861641678,0.06967997550964355
