model_returned_smth,valid_cf_disc,dissimilarity_proximity_categorical_hamming,dissimilarity_proximity_categorical_jaccard,dissimilarity_proximity_continuous_manhatan,dissimilarity_proximity_continuous_euclidean,dissimilarity_proximity_continuous_mad,distance_l2_jaccard,distance_mad_hamming,sparsity,flow_log_density_cfs,flow_log_density_xs,flow_prob_condition_acc,lof_scores_xs,lof_scores_cfs,isolation_forest_scores_xs,isolation_forest_scores_cfs,time
1.0,1.0,,0.0,3.2151493179133266,1.0855704097550778,25.636673318015205,1.0855704097550778,,0.9893162393162394,2.486342430114746,6.908406734466553,0.3888888955116272,1.0312907,1.088321,0.04372979481133526,0.051010768046176866,0.0068700313568115
1.0,1.0,,0.0,3.5291031862725504,1.1771398104552973,25.53182003233168,1.1771398104552973,,0.9957264957264957,0.9336121082305908,5.836296081542969,0.3055555522441864,1.0956119,1.1148022,0.03393252431714913,0.017894075850554074,0.0068221092224121
1.0,1.0,,0.0,3.3524712396708005,1.0982011359122412,23.29115955034892,1.0982011359122412,,0.9957264957264957,2.3200759887695312,7.302573204040527,0.3333333432674408,1.0757356,1.0191455,0.038984333709966935,0.06796852083617774,0.0068647861480712
1.0,1.0,,0.0,3.2873074611382824,1.058407169222553,24.725052070617675,1.058407169222553,,0.9912087912087912,3.991471529006958,8.242945671081543,0.4000000059604645,1.0306348,1.0033281,0.051015147333551995,0.07188157259169269,0.0068883895874023
1.0,1.0,,0.0,3.53527338114301,1.1737086646445163,29.09079578944615,1.1737086646445163,,0.9956043956043956,0.9205935001373291,6.773268699645996,0.4285714328289032,1.068763,1.0728582,0.047624813001762974,0.039585038830379414,0.0068879127502441
