,train_ll,test_ll
0,-29.59722137451172,-29.2667236328125
