,train_ll,test_ll
0,-12.383065223693848,-12.052095413208008
