,precision,recall,f1-score,support
0,0.7126230975828111,0.7296058661778185,0.7210144927536232,1091.0
1,0.6971252566735113,0.679,0.6879432624113475,1000.0
accuracy,0.7054041128646581,0.7054041128646581,0.7054041128646581,0.7054041128646581
macro avg,0.7048741771281613,0.7043029330889092,0.7044788775824853,2091.0
weighted avg,0.7052114089604774,0.7054041128646581,0.7051985050241752,2091.0
