,train_ll,test_ll
0,-29.31884765625,-29.84648895263672
