,train_ll,test_ll
0,-29.881683349609375,-30.103282928466797
