model_returned_smth,valid_cf_disc,dissimilarity_proximity_categorical_hamming,dissimilarity_proximity_categorical_jaccard,dissimilarity_proximity_continuous_manhatan,dissimilarity_proximity_continuous_euclidean,dissimilarity_proximity_continuous_mad,distance_l2_jaccard,distance_mad_hamming,sparsity,time
1.0,tensor(0.),0.0020267448847607118,0.0024366238235195587,0.004661514346340999,0.004661514346340999,0.041953631617700306,0.007098138169860557,0.04398037650246102,0.0020267448847607118,136.08812952041626
1.0,tensor(0.0010),0.0025674481249210825,0.0031525260156325106,0.005905130897023844,0.005905130897023844,0.10629235535448943,0.009057656912656354,0.10885980347941052,0.0025674481249210825,110.52994346618652
1.0,tensor(0.),0.004390813068042249,0.005323186552675764,0.010098870397280559,0.010098870397280559,0.1716807961142087,0.015422056949956322,0.17607160918225095,0.00439081306804225,124.23355174064636
1.0,tensor(0.0089),0.004040614423327258,0.004884558086619034,0.009293412619722104,0.009293412619722104,0.0774451068953839,0.014177970706341138,0.08148572131871117,0.004040614423327258,113.07303762435913
1.0,tensor(0.0100),0.0014817424462220748,0.0018471960827350828,0.00340800771260682,0.00340800771260682,0.06458174350745607,0.005255203795341903,0.06606348595367816,0.0014817424462220748,96.64850687980652
