model_returned_smth,valid_cf_disc,dissimilarity_proximity_categorical_hamming,dissimilarity_proximity_categorical_jaccard,dissimilarity_proximity_continuous_manhatan,dissimilarity_proximity_continuous_euclidean,dissimilarity_proximity_continuous_mad,distance_l2_jaccard,distance_mad_hamming,sparsity,flow_log_density_cfs,flow_log_density_xs,flow_prob_condition_acc,lof_scores_xs,lof_scores_cfs,isolation_forest_scores_xs,isolation_forest_scores_cfs,time
1.0,tensor(0.0039),,0.0,0.0027352942263378817,0.0027352942263378817,0.04376470762140611,0.0027352942263378817,,0.0013213981244671782,-34845.484375,-671.6698608398438,0.5794117450714111,1.0922332,1.0914143931490092,0.06859760152758211,0.053774451220807686,8.398819208145142
1.0,tensor(0.),,0.0,0.005671186586613934,0.005671186586613934,0.07372541573863241,0.005671186586613934,,0.0029476787030213707,-43001892.0,-15727.7939453125,0.22410546243190765,1.0917207,1.0904149926937419,0.0708559810882663,0.05376832198815567,16.099560260772705
1.0,tensor(0.),,0.0,0.0012200957422621513,0.0012200957422621513,0.01952153187619442,0.0012200957422621513,,0.0007073018514666112,-26273.248046875,-7127.30615234375,0.679425835609436,1.0998572,1.0973571798743194,0.06748396041004279,0.05414832872370128,16.953976154327393
1.0,tensor(0.),,0.0,0.015603533495396697,0.015603533495396697,0.046810594905932326,0.015603533495396697,,0.002261381576140291,-5417912.5,11.05445671081543,0.0,1.1025045,1.111136570602563,0.06874810235170233,0.053929598323279204,9.100905179977417
1.0,tensor(0.),,0.0,0.002287878683119109,0.002287878683119109,0.03098330661753972,0.002287878683119109,,0.0013175230566534915,-2687.7294921875,-885.7353515625,0.6628788113594055,1.0971668,1.1005822259338798,0.06879493727730242,0.054837657936526375,25.46370577812195
