model_returned_smth,valid_cf_disc,dissimilarity_proximity_categorical_hamming,dissimilarity_proximity_categorical_jaccard,dissimilarity_proximity_continuous_manhatan,dissimilarity_proximity_continuous_euclidean,dissimilarity_proximity_continuous_mad,distance_l2_jaccard,distance_mad_hamming,sparsity,time
1.0,tensor(0.0501),0.0008589194551305316,0.001048434258167535,0.0019755147387930253,0.0019755147387930253,0.02083269952720755,0.0030239489969605604,0.02169161898233808,0.0008589194551305316,133.39076733589172
1.0,tensor(0.0424),0.0026436912777207193,0.0032628007524757568,0.006080490127140664,0.006080490127140664,0.11522528318759166,0.009343290879616422,0.11786897446531239,0.0026436912777207198,108.8083291053772
1.0,tensor(0.0508),0.0013417162879921934,0.0015765165919488352,0.003085947508366246,0.003085947508366246,0.032542719619975236,0.004662464100315082,0.03388443590796743,0.0013417162879921936,127.02562665939331
1.0,tensor(0.0495),0.001298686883262479,0.001571506785126705,0.00298697987601317,0.00298697987601317,0.05675261722141028,0.004558486661139875,0.058051304104672755,0.001298686883262479,116.01145029067993
1.0,tensor(0.0356),0.0011712588198622826,0.0014257998145995484,0.0026938952465122637,0.0026938952465122637,0.030402527149137718,0.004119695061111812,0.031573785969,0.0011712588198622826,101.40615797042847
