model_returned_smth,valid_cf_disc,dissimilarity_proximity_categorical_hamming,dissimilarity_proximity_categorical_jaccard,dissimilarity_proximity_continuous_manhatan,dissimilarity_proximity_continuous_euclidean,dissimilarity_proximity_continuous_mad,distance_l2_jaccard,distance_mad_hamming,sparsity,time
1.0,tensor(0.),0.00045624695403311937,0.0005626507937967625,0.0010493679966972135,0.0010493679966972135,0.011066061791073872,0.001612018790493976,0.01152230874510699,0.00045624695403311937,126.78443956375122
1.0,tensor(0.),0.003754653877705559,0.0045854763836246405,0.008635705977635045,0.008635705977635045,0.07772135843126937,0.013221182361259685,0.08147601230897493,0.0037546538777055594,101.6741030216217
1.0,tensor(0.),0.0038075636737844093,0.00459834979176023,0.008757396738028386,0.008757396738028386,0.14887574399187717,0.013355746529788616,0.15268330766566157,0.0038075636737844097,121.99498987197876
1.0,tensor(0.),0.00019881755872966044,0.00023223703812945016,0.0004572803739606258,0.0004572803739606258,0.006425991464415691,0.000689517412090076,0.006624809023145351,0.00019881755872966044,111.68517899513245
1.0,tensor(0.0010),0.00307653800828058,0.0036990818066265454,0.00707603760848202,0.00707603760848202,0.09198847657365021,0.010775119415108565,0.09506501458193078,0.0030765380082805804,94.43261742591858
