model_returned_smth,valid_cf_disc,dissimilarity_proximity_categorical_hamming,dissimilarity_proximity_categorical_jaccard,dissimilarity_proximity_continuous_manhatan,dissimilarity_proximity_continuous_euclidean,dissimilarity_proximity_continuous_mad,distance_l2_jaccard,distance_mad_hamming,sparsity,flow_log_density_cfs,flow_log_density_xs,flow_prob_condition_acc,lof_scores_xs,lof_scores_cfs,isolation_forest_scores_xs,isolation_forest_scores_cfs,time
1.0,tensor(0.),,0.0,0.005038348014668847,0.005038348014668847,0.09572861156547435,0.005038348014668847,,0.0026078406224616306,-4.1268086433410645,-8.625744819641113,0.8603736758232117,1.0922332,1.095864989847204,0.06859760152758211,0.05382278641703032,12.031333208084106
1.0,tensor(0.),,0.0,0.004584527402803117,0.004584527402803117,0.013753580568854784,0.004584527402803117,,0.000664424234873967,-1.743992805480957,-12.610243797302246,0.9350525140762329,1.0917207,1.0932849455405713,0.0708559810882663,0.05371226367593266,21.23036003112793
1.0,tensor(0.),,0.0,0.004089137276417108,0.004089137276417108,0.05315877746427479,0.004089137276417108,,0.0018538953873317148,-33.771751403808594,-12.952189445495605,0.19492386281490326,1.0998572,1.0998350161114505,0.06748396041004279,0.05372707271237046,22.033035278320312
1.0,tensor(0.),,0.0,0.0012596524590230817,0.0012596524590230817,0.01770142873113889,0.0012596524590230817,,0.0007554137988920597,-43.647945404052734,-19.083757400512695,0.11776062101125717,1.1025045,1.1091951565900477,0.06874810235170233,0.05425052910346552,12.435278415679932
1.0,tensor(0.0037),,0.0,0.014301217750927575,0.014301217750927575,0.12871096743011964,0.014301217750927575,,0.00797169235775003,-20.674978256225586,-39.10853576660156,0.8054256439208984,1.0971668,1.106292200770672,0.06879493727730242,0.054238029723282316,29.51745319366455
