model_returned_smth,valid_cf_disc,dissimilarity_proximity_categorical_hamming,dissimilarity_proximity_categorical_jaccard,dissimilarity_proximity_continuous_manhatan,dissimilarity_proximity_continuous_euclidean,dissimilarity_proximity_continuous_mad,distance_l2_jaccard,distance_mad_hamming,sparsity,time
1.0,tensor(0.0170),0.0030849320350911018,0.0037552514077064743,0.014190687706873433,0.014190687706873433,0.15812478904628274,0.01794593911457991,0.16120972108137385,0.0030849320350911018,139.5772888660431
1.0,tensor(0.0015),0.007849656972094787,0.009657187450447025,0.05416263525968369,0.05416263525968369,0.16248788640898554,0.06381982271013072,0.17033754338108031,0.007849656972094785,113.07820868492126
1.0,tensor(0.0003),0.000576231014275308,0.0006983931001893697,0.0013253312575635268,0.0013253312575635268,0.02120530012101643,0.0020237243577528965,0.021781531135291736,0.000576231014275308,123.24821090698242
1.0,tensor(0.0007),0.003422334908859465,0.004262698722485593,0.007871369844450492,0.007871369844450492,0.12594191751120787,0.012134068566936084,0.12936425242006733,0.003422334908859465,113.01704859733582
1.0,tensor(0.0024),0.004070570399061277,0.004861311323806385,0.009362312057350256,0.009362312057350256,0.1778839277643163,0.01422362338115664,0.18195449816337758,0.004070570399061277,100.00558495521545
