model_returned_smth,valid_cf_disc,dissimilarity_proximity_categorical_hamming,dissimilarity_proximity_categorical_jaccard,dissimilarity_proximity_continuous_manhatan,dissimilarity_proximity_continuous_euclidean,dissimilarity_proximity_continuous_mad,distance_l2_jaccard,distance_mad_hamming,sparsity,flow_log_density_cfs,flow_log_density_xs,flow_prob_condition_acc,lof_scores_xs,lof_scores_cfs,isolation_forest_scores_xs,isolation_forest_scores_cfs,time
1.0,tensor(0.1680),,0.0,0.0013953488926554834,0.0013953488926554834,0.022325582282487735,0.0013953488926554834,,0.0006740815638692282,-50.15876770019531,-21.25905418395996,0.7751938104629517,1.0922332,1.1052648283180158,0.06859760152758211,0.031029873883966285,9.278857469558716
1.0,tensor(0.0383),,0.0,0.002050467671788469,0.002050467671788469,0.038856360788128014,0.002050467671788469,,0.0010721679976338362,-26.543306350708008,-15.253816604614258,0.509353756904602,1.0917207,1.0923412469144933,0.0708559810882663,0.055323880323170406,17.288960695266724
1.0,tensor(0.0560),,0.0,0.004041451740759024,0.004041451740759024,0.03637306783483501,0.004041451740759024,,0.001757152511826988,-25.666648864746094,-14.611815452575684,0.5678756237030029,1.0998572,1.098516982928296,0.06748396041004279,0.05206700750572678,18.26805067062378
1.0,tensor(0.0421),,0.0,0.005125256916947923,0.005125256916947923,0.0973798806964739,0.005125256916947923,,0.0034818319792875637,-17.61343002319336,-4.5813307762146,0.533880889415741,1.1025045,1.1059734110097907,0.06874810235170233,0.05293689241278742,10.157801151275635
1.0,tensor(0.0392),,0.0,0.0072061334509764255,0.0072061334509764255,0.1369165345484444,0.0072061334509764255,,0.0034812236130656988,-32.30254364013672,-24.32231903076172,0.7035775184631348,1.0971668,1.0995227872984186,0.06879493727730242,0.0566837013832293,26.651934385299683
