model_returned_smth,valid_cf_disc,dissimilarity_proximity_categorical_hamming,dissimilarity_proximity_categorical_jaccard,dissimilarity_proximity_continuous_manhatan,dissimilarity_proximity_continuous_euclidean,dissimilarity_proximity_continuous_mad,distance_l2_jaccard,distance_mad_hamming,sparsity,flow_log_density_cfs,flow_log_density_xs,flow_prob_condition_acc,lof_scores_xs,lof_scores_cfs,isolation_forest_scores_xs,isolation_forest_scores_cfs,time
1.0,tensor(0.),,0.0,0.009295776864172708,0.009295776864172708,0.08366199676419797,0.009295776864172708,,0.004041641151255358,-34741.25,-670.3692016601562,0.5220656991004944,1.0922332,1.0942926235265866,0.06859760152758211,0.05420851103361951,12.779143333435059
1.0,tensor(0.),,0.0,0.002375591289015908,0.002375591289015908,0.13986297595756056,0.002375591289015908,,0.002550285878820287,-43710656.0,-15881.880859375,0.22800378501415253,1.0917207,1.091559912231493,0.0708559810882663,0.05218689347998964,20.493013620376587
1.0,tensor(0.),,0.0,0.010086455732211829,0.010086455732211829,0.16138329171538926,0.010086455732211829,,0.0029236102409890157,-31876.62109375,-7172.111328125,0.6926032900810242,1.0998572,1.0977404321624238,0.06748396041004279,0.05360445697472036,21.308600902557373
1.0,tensor(0.),,0.0,0.0,0.0,0.0,0.0,,0.0,-5301500.0,10.201715469360352,0.0,1.1025045,1.1064408014992722,0.06874810235170233,0.05356591664613065,13.479632139205933
1.0,tensor(0.),,0.0,0.015681819679836433,0.015681819679836433,0.29795457169695766,0.015681819679836433,,0.007575757575757576,-9988.0625,-874.1494140625,0.6297348737716675,1.0971668,1.0994597883340451,0.06879493727730242,0.05448686425616227,29.849790573120117
