,precision,recall,f1-score,support
0,1.0,0.98989898989899,0.9949238578680203,99.0
1,0.9901960784313726,1.0,0.9950738916256158,101.0
accuracy,0.995,0.995,0.995,0.995
macro avg,0.9950980392156863,0.994949494949495,0.994998874746818,200.0
weighted avg,0.9950490196078431,0.995,0.9949996249156061,200.0
