,precision,recall,f1-score,support
0,0.7227906976744186,0.7565725413826679,0.7392959086584205,1027.0
1,0.7219132369299222,0.6853220696937699,0.7031419284940412,947.0
accuracy,0.7223910840932117,0.7223910840932117,0.7223910840932117,0.7223910840932117
macro avg,0.7223519673021703,0.720947305538219,0.7212189185762309,1974.0
weighted avg,0.7223697476617347,0.7223910840932117,0.721951522024344,1974.0
