,precision,recall,f1-score,support
0,0.7877358490566038,0.7522522522522522,0.7695852534562212,222.0
1,0.7629310344827587,0.7972972972972973,0.7797356828193832,222.0
accuracy,0.7747747747747747,0.7747747747747747,0.7747747747747747,0.7747747747747747
macro avg,0.7753334417696812,0.7747747747747747,0.7746604681378022,444.0
weighted avg,0.7753334417696812,0.7747747747747747,0.7746604681378021,444.0
