,precision,recall,f1-score,support
0,1.0,0.9714285714285714,0.9855072463768116,35.0
1,0.9969230769230769,1.0,0.9984591679506933,324.0
accuracy,0.9972144846796658,0.9972144846796658,0.9972144846796658,0.9972144846796658
macro avg,0.9984615384615385,0.9857142857142858,0.9919832071637524,359.0
weighted avg,0.9972230554960361,0.9972144846796658,0.9971964457916799,359.0
