,precision,recall,f1-score,support
0,1.0,1.0,1.0,11.0
1,1.0,0.9333333333333333,0.9655172413793104,15.0
2,0.9,1.0,0.9473684210526315,9.0
accuracy,0.9714285714285714,0.9714285714285714,0.9714285714285714,0.9714285714285714
macro avg,0.9666666666666667,0.9777777777777779,0.9709618874773139,35.0
weighted avg,0.9742857142857143,0.9714285714285714,0.9716878402903812,35.0
