model_returned_smth,valid_cf_disc,dissimilarity_proximity_categorical_hamming,dissimilarity_proximity_categorical_jaccard,dissimilarity_proximity_continuous_manhatan,dissimilarity_proximity_continuous_euclidean,dissimilarity_proximity_continuous_mad,distance_l2_jaccard,distance_mad_hamming,sparsity,flow_log_density_cfs,flow_log_density_xs,flow_prob_condition_acc,lof_scores_xs,lof_scores_cfs,isolation_forest_scores_xs,isolation_forest_scores_cfs,time
1.0,1.0,,0.0,1.3491801485070027,0.7032308414462957,11.3861452738444,0.7032308414462957,,0.344017094017094,-7.89268159866333,6.908406734466553,0.0,1.0370233,1.1106224,0.044452578552412456,-0.013471588600212978,80.76255559921265
1.0,0.9166666865348816,,0.0,1.1657250507010355,0.6289516277875449,8.839872658252716,0.6289516277875449,,0.32051282051282054,-6.866124153137207,5.836296081542969,0.0,1.025378,1.1127357,0.035816506504691356,-0.022720853827064073,83.14098358154297
1.0,0.8888888955116272,,0.0,1.1564962080576353,0.62254273884319,8.071334924962786,0.62254273884319,,0.3247863247863248,-15.271087646484375,7.302573204040527,0.0,1.0328108,1.1174437,0.034857356126966076,-0.01985822348067221,83.42112135887146
1.0,1.0,,0.0,1.1121558537440641,0.5886152174773979,9.287899814333235,0.5886152174773979,,0.35604395604395606,-12.98262882232666,8.242945671081543,0.0,1.0292026,1.1115233,0.05118610176187555,-0.017607653377906058,79.08758163452148
1.0,1.0,,0.0,1.1913979924150875,0.5924279535076238,11.533783313206264,0.5924279535076238,,0.3758241758241758,-7.780570030212402,6.773268699645996,0.0,1.0386091,1.1091659,0.04109022407852615,-0.016548617497237086,80.2634744644165
