model_returned_smth,valid_cf_disc,dissimilarity_proximity_categorical_hamming,dissimilarity_proximity_categorical_jaccard,dissimilarity_proximity_continuous_manhatan,dissimilarity_proximity_continuous_euclidean,dissimilarity_proximity_continuous_mad,distance_l2_jaccard,distance_mad_hamming,sparsity,flow_log_density_cfs,flow_log_density_xs,flow_prob_condition_acc,lof_scores_xs,lof_scores_cfs,isolation_forest_scores_xs,isolation_forest_scores_cfs,time
1.0,1.0,,0.0,1.376142608312269,0.7497628780982634,9.82899812526173,0.7497628780982634,,0.2905982905982906,-17.016529083251953,6.908406734466553,0.0,1.0312907,1.3459115,0.04372979481133526,-0.014452370675066106,220.58576035499573
1.0,1.0,,0.0,1.0276261967503362,0.6217781010164656,6.97806600564056,0.6217781010164656,,0.23504273504273504,-13.094603538513184,5.836296081542969,0.0,1.0956119,1.3883992,0.03393252431714913,-0.008453272139027343,237.263258934021
1.0,1.0,,0.0,1.1402484206482768,0.6476997369411155,7.730826912654771,0.6476997369411155,,0.25,-45.81520080566406,7.302573204040527,0.0,1.0757356,1.3628718,0.038984333709966935,-0.011095479827024904,237.84115839004517
1.0,1.0,,0.0,1.1427163255534,0.65986239383388,7.692590691362109,0.65986239383388,,0.24395604395604395,-16.567644119262695,8.242945671081543,0.0,1.0306348,1.321252,0.051015147333551995,0.0008473948598522114,218.89297032356262
1.0,1.0,,0.0,0.8622259549796581,0.5791395605741718,6.299202101571219,0.5791395605741718,,0.2087912087912088,-12.617780685424805,6.773268699645996,0.0,1.068763,1.2721688,0.047624813001762974,0.01164411987548074,213.59421610832214
