model_returned_smth,valid_cf_disc,dissimilarity_proximity_categorical_hamming,dissimilarity_proximity_categorical_jaccard,dissimilarity_proximity_continuous_manhatan,dissimilarity_proximity_continuous_euclidean,dissimilarity_proximity_continuous_mad,distance_l2_jaccard,distance_mad_hamming,sparsity,flow_log_density_cfs,flow_log_density_xs,flow_prob_condition_acc,lof_scores_xs,lof_scores_cfs,isolation_forest_scores_xs,isolation_forest_scores_cfs,time
1.0,1.0,,0.0,1.3491801485070027,0.7032308414462957,11.3861452738444,0.7032308414462957,,0.344017094017094,-12.888812065124512,6.908406734466553,0.0,1.0312907,1.3103878,0.04372979481133526,-0.019481901791623086,80.76255559921265
1.0,1.0,,0.0,1.1657250507010355,0.6289516277875449,8.839872658252716,0.6289516277875449,,0.32051282051282054,-10.43932056427002,5.836296081542969,0.0,1.0956119,1.3914264,0.03393252431714913,-0.027975639219307666,83.14098358154297
1.0,1.0,,0.0,1.1564962080576353,0.62254273884319,8.071334924962786,0.62254273884319,,0.3247863247863248,-15.431666374206543,7.302573204040527,0.0,1.0757356,1.374677,0.038984333709966935,-0.020828210898023423,83.42112135887146
1.0,1.0,,0.0,1.1121558537440641,0.5886152174773979,9.287899814333235,0.5886152174773979,,0.35604395604395606,-14.086039543151855,8.242945671081543,0.0,1.0306348,1.3426555,0.051015147333551995,-0.01805590145570256,79.08758163452148
1.0,1.0,,0.0,1.1913979924150875,0.5924279535076238,11.533783313206264,0.5924279535076238,,0.3758241758241758,-11.841992378234863,6.773268699645996,0.0,1.068763,1.3243333,0.047624813001762974,-0.01511389249349235,80.2634744644165
