model_returned_smth,valid_cf_disc,dissimilarity_proximity_categorical_hamming,dissimilarity_proximity_categorical_jaccard,dissimilarity_proximity_continuous_manhatan,dissimilarity_proximity_continuous_euclidean,dissimilarity_proximity_continuous_mad,distance_l2_jaccard,distance_mad_hamming,sparsity,flow_log_density_cfs,flow_log_density_xs,flow_prob_condition_acc,lof_scores_xs,lof_scores_cfs,isolation_forest_scores_xs,isolation_forest_scores_cfs,time
1.0,1.0,,0.0,1.376142608312269,0.7497628780982634,9.82899812526173,0.7497628780982634,,0.2905982905982906,-17.016529083251953,6.908406734466553,0.0,1.0312907,1.3459115,0.04372979481133526,-0.014452370675066106,220.58576035499573
1.0,1.0,,0.0,1.0276261967503362,0.6217781010164656,6.97806600564056,0.6217781010164656,,0.23504273504273504,-13.094603538513184,5.836296081542969,0.0,1.0956119,1.3883992,0.03393252431714913,-0.008453272139027343,237.263258934021
1.0,1.0,,0.0,1.1402484206482768,0.6476997369411155,7.730826912654771,0.6476997369411155,,0.25,-45.81520080566406,7.302573204040527,0.0,1.0757356,1.3628718,0.038984333709966935,-0.011095479827024904,237.84115839004517
