model_returned_smth,valid_cf_disc,dissimilarity_proximity_categorical_hamming,dissimilarity_proximity_categorical_jaccard,dissimilarity_proximity_continuous_manhatan,dissimilarity_proximity_continuous_euclidean,dissimilarity_proximity_continuous_mad,distance_l2_jaccard,distance_mad_hamming,sparsity,flow_log_density_cfs,flow_log_density_xs,flow_prob_condition_acc,lof_scores_xs,lof_scores_cfs,isolation_forest_scores_xs,isolation_forest_scores_cfs,time
1.0,0.4166666567325592,,0.0,1.3923734083771706,0.7596432666710234,12.85218915939331,0.7596432666710234,,0.3641025641025641,-17.26897621154785,6.899121284484863,0.0,1.0312907,1.3731865,0.04372979481133526,-0.021275076802259006,121.26840734481812
1.0,0.3611111044883728,,0.0,1.2359152748607671,0.6525132051210897,9.56245024387653,0.6525132051210897,,0.33136094674556216,-14.785456657409668,6.431772232055664,0.0,1.0956119,1.4296112,0.03393252431714913,-0.02780730071778064,121.4908664226532
1.0,0.4166666567325592,,0.0,1.2176121095816295,0.6264615044767136,10.59316906929016,0.6264615044767136,,0.3487179487179487,-25.854154586791992,7.869804382324219,0.0,1.0757356,1.4508245,0.038984333709966935,-0.026987620704204997,117.879812002182
1.0,0.48571428656578064,,0.0,1.161544543417061,0.6134895700352369,12.279042159809785,0.6134895700352369,,0.38009049773755654,-17.67221450805664,8.356532096862793,0.0,1.0306348,1.334509,0.051015147333551995,-0.007683312893233082,112.62351632118225
1.0,0.5142857432365417,,0.0,1.1720724035468366,0.6710119821163962,9.447420226203072,0.6710119821163962,,0.37606837606837606,-13.921476364135742,7.011329174041748,0.0,1.068763,1.407402,0.047624813001762974,-0.015372888689227605,115.11015629768372
