,precision,recall,f1-score,support
0,0.8653846153846154,0.8823529411764706,0.8737864077669902,102.0
1,0.8811881188118812,0.8640776699029126,0.8725490196078431,103.0
accuracy,0.8731707317073171,0.8731707317073171,0.8731707317073171,0.8731707317073171
macro avg,0.8732863670982483,0.8732153055396916,0.8731677136874167,205.0
weighted avg,0.8733249122285587,0.8731707317073171,0.8731646956675163,205.0
