,precision,recall,f1-score,support
0,0.8921568627450981,0.8921568627450981,0.8921568627450981,102.0
1,0.8921568627450981,0.8921568627450981,0.8921568627450981,102.0
accuracy,0.8921568627450981,0.8921568627450981,0.8921568627450981,0.8921568627450981
macro avg,0.8921568627450981,0.8921568627450981,0.8921568627450981,204.0
weighted avg,0.8921568627450981,0.8921568627450981,0.8921568627450981,204.0
