,train_ll,test_ll
0,1.4135522842407227,1.5534497499465942
