model_returned_smth,valid_cf_disc,dissimilarity_proximity_categorical_hamming,dissimilarity_proximity_categorical_jaccard,dissimilarity_proximity_continuous_manhatan,dissimilarity_proximity_continuous_euclidean,dissimilarity_proximity_continuous_mad,distance_l2_jaccard,distance_mad_hamming,sparsity,flow_log_density_cfs,flow_log_density_xs,flow_prob_condition_acc,lof_scores_xs,lof_scores_cfs,isolation_forest_scores_xs,isolation_forest_scores_cfs,plausibility,cf_belongs_to_group,K_vectors,time
1.0,0.7475728392601013,,0.0,0.68553266161448,0.48809931539220963,5.3007213419133965,0.48809931539220963,,1.0,-4.1106276512146,1.6031358242034912,0.27272728085517883,1.0524242,1.4997627,-0.00147109050723762,-0.025288200320046392,0.07443857245006137,1.0,1,6.04327917098999
1.0,0.5631067752838135,,0.0,0.35215715511605655,0.2809826009992007,2.3936643888210427,0.2809826009992007,,1.0,-5.203368186950684,1.3580501079559326,0.12068965286016464,1.0926319,1.5532835,-0.005244583076795611,-0.007907378195534972,0.08670079080143134,1.0,1,6.5911171436309814
1.0,0.7941176295280457,,0.0,0.398995637698214,0.3468443836586376,2.6310102880736927,0.3468443836586376,,1.0,-2.6429920196533203,1.7119793891906738,0.2469135820865631,1.0335897,1.58444,0.0077055753761947786,-0.019342227591121933,0.11309391870117347,1.0,1,7.749526739120483
1.0,0.7058823704719543,,0.0,0.6509971593817075,0.4667342801363705,4.8369651436805725,0.4667342801363705,,1.0,-3.1544597148895264,1.4627933502197266,0.2916666567325592,1.0472901,1.556428,0.007162738679152747,-0.022721533455242825,0.07310524757051962,1.0,1,10.729557991027832
1.0,0.6732673048973083,,0.0,0.6015465303378946,0.42537601903250427,7.103962954352884,0.42537601903250427,,1.0,-2.703864097595215,1.5558722019195557,0.3529411852359772,1.0416847,1.370978,0.009277006436097898,-0.01972035093571942,0.044194455165658744,1.0,1,12.127032041549683
