model_returned_smth,valid_cf_disc,dissimilarity_proximity_categorical_hamming,dissimilarity_proximity_categorical_jaccard,dissimilarity_proximity_continuous_manhatan,dissimilarity_proximity_continuous_euclidean,dissimilarity_proximity_continuous_mad,distance_l2_jaccard,distance_mad_hamming,sparsity,flow_log_density_cfs,flow_log_density_xs,flow_prob_condition_acc,lof_scores_xs,lof_scores_cfs,isolation_forest_scores_xs,isolation_forest_scores_cfs,plausibility,cf_belongs_to_group,K_vectors,time
1.0,1.0,,0.0,0.4853895263909602,0.3600919489846346,3.955714074606748,0.3600919489846346,,1.0,1.2837109565734863,1.5291587114334106,1.0,1.0549963,0.99993753,-0.0043323067508711415,0.0420399539662964,0.01776617305888665,1.0,97,56.51421904563904
1.0,1.0,,0.0,0.5077856813977454,0.3962740768199075,3.508602075424849,0.3962740768199075,,1.0,1.3311067819595337,1.2810138463974,1.0,1.0958778,0.96805817,-0.006062691882773934,0.03937270908628378,0.017844207793582725,1.0,102,28.13865089416504
1.0,1.0,,0.0,0.5072157202704586,0.3820464733216112,3.6502178011945,0.3820464733216112,,1.0,1.1913337707519531,1.4786648750305176,1.0,1.030173,0.97974193,0.008413109101179896,0.03686206399537979,0.025821696390300356,1.0,108,9.682492017745972
1.0,1.0,,0.0,0.418217754194347,0.3448450927162741,3.368638006177279,0.3448450927162741,,1.0,1.294693946838379,1.4238361120224,0.9009901285171509,1.0533117,1.0023638,0.0052539770349651115,0.033080935958731315,0.02675921665215,1.0,101,44.27816438674927
1.0,1.0,,0.0,0.37804047361600635,0.29232821120533625,3.1225072125009463,0.29232821120533625,,1.0,1.1812561750411987,1.4558825492858887,1.0,1.0445873,0.9817839,0.009999847052448588,0.03115081970874026,0.01971363543497155,1.0,102,16.3022038936615
