model_returned_smth,valid_cf_disc,dissimilarity_proximity_categorical_hamming,dissimilarity_proximity_categorical_jaccard,dissimilarity_proximity_continuous_manhatan,dissimilarity_proximity_continuous_euclidean,dissimilarity_proximity_continuous_mad,distance_l2_jaccard,distance_mad_hamming,sparsity,flow_log_density_cfs,flow_log_density_xs,flow_prob_condition_acc,lof_scores_xs,lof_scores_cfs,isolation_forest_scores_xs,isolation_forest_scores_cfs,plausibility,cf_belongs_to_group,K_vectors,time
1.0,1.0,,0.0,0.7244222421035862,0.5446723122430025,6.251884126171623,0.5446723122430025,,1.0,-32.24467086791992,1.5291587114334106,0.34020617604255676,1.0549963,1.7630318,-0.0043323067508711415,-0.03019601313510285,0.08122246179671676,1.0,1,34.81415772438049
1.0,1.0,,0.0,0.7763392348755517,0.5489613362079532,5.433506960962333,0.5489613362079532,,1.0,-5.970473766326904,1.2810138463974,0.3333333432674408,1.0958778,1.4992253,-0.006062691882773934,-0.018165793052539486,0.051287689200574485,1.0,1,5.807883024215698
1.0,1.0,,0.0,0.7843934258034332,0.5546597809704997,5.697820791491756,0.5546597809704997,,1.0,-5.923569679260254,1.4786648750305176,0.32407405972480774,1.030173,1.3920989,0.008413109101179896,-0.01637799262912441,0.04848000706343611,1.0,1,6.735990762710571
1.0,1.0,,0.0,0.6791870001297776,0.5117787941678869,5.441176853557624,0.5117787941678869,,1.0,-2.1824941635131836,1.4238361120224,0.2970297038555145,1.0533117,1.7005994,0.0052539770349651115,-0.020862742368603995,0.06491102276593037,1.0,1,33.43489694595337
1.0,1.0,,0.0,0.6999520975731167,0.4949507256858168,5.411089897155762,0.4949507256858168,,1.0,-1.0555377006530762,1.4558825492858887,0.3137255012989044,1.0445873,1.3175459,0.009999847052448588,-0.017886723481306935,0.04527004975562467,1.0,1,5.8391523361206055
