model_returned_smth,valid_cf_disc,dissimilarity_proximity_categorical_hamming,dissimilarity_proximity_categorical_jaccard,dissimilarity_proximity_continuous_manhatan,dissimilarity_proximity_continuous_euclidean,dissimilarity_proximity_continuous_mad,distance_l2_jaccard,distance_mad_hamming,sparsity,flow_log_density_cfs,flow_log_density_xs,flow_prob_condition_acc,lof_scores_xs,lof_scores_cfs,isolation_forest_scores_xs,isolation_forest_scores_cfs,plausibility,cf_belongs_to_group,K_vectors,time
1.0,0.7475728392601013,,0.0,0.5264710700744158,0.3726782690140412,4.485928074105994,0.3726782690140412,,1.0,0.7031468152999878,1.6041585206985474,0.6363636255264282,1.0524242,1.1975563,-0.00147109050723762,-0.0022844197254566078,0.038307606524593606,1.0,1,81.24272608757019
1.0,0.7900000214576721,,0.0,0.5150767819177878,0.44213988695121187,5.395121720772755,0.44213988695121187,,1.0,1.0185918807983398,1.4191811084747314,0.6582278609275818,1.0927479,1.3035322,-0.003470256780725297,-0.005893329300328619,0.03140158297965343,1.0,1,80.09658193588257
1.0,0.9411764740943909,,0.0,0.6292899818860557,0.46373084743485266,4.414465772608916,0.46373084743485266,,1.0,0.7134284377098083,1.6602646112442017,0.6145833134651184,1.0335897,1.2451582,0.0077055753761947786,-0.011790999328081734,0.06179679946724134,1.0,1,17.50721001625061
1.0,0.7669903039932251,,0.0,0.49872363613376136,0.36478694035566667,3.234140470058103,0.36478694035566667,,1.0,-1.0090824365615845,1.509992241859436,0.6455696225166321,1.0501096,1.2552656,0.0072414337263478545,0.005760804501626485,0.049189566217126814,1.0,1,66.78379011154175
1.0,0.6796116232872009,,0.0,0.47690040320158006,0.33751577945848965,5.2424232891627724,0.33751577945848965,,1.0,1.0086103677749634,1.5043569803237915,0.8714285492897034,1.0458641,1.1463825,0.008949109451038233,0.0031833718274658315,0.026307095325123032,1.0,1,81.28713274002075
