model_returned_smth,valid_cf_disc,dissimilarity_proximity_categorical_hamming,dissimilarity_proximity_categorical_jaccard,dissimilarity_proximity_continuous_manhatan,dissimilarity_proximity_continuous_euclidean,dissimilarity_proximity_continuous_mad,distance_l2_jaccard,distance_mad_hamming,sparsity,flow_log_density_cfs,flow_log_density_xs,flow_prob_condition_acc,lof_scores_xs,lof_scores_cfs,isolation_forest_scores_xs,isolation_forest_scores_cfs,plausibility,cf_belongs_to_group,K_vectors,time
1.0,1.0,,0.0,0.2795325032670471,0.2101385612319833,2.0640590354508044,0.2101385612319833,,1.0,-0.7281615138053894,1.5431201457977295,0.0,1.0393983,1.3987064,0.0004266122988019526,0.0007486763103887173,0.06777451189862788,1.0,102,6.8701491355896
1.0,1.0,,0.0,0.27334056418462127,0.2036130139814306,2.0423526980128943,0.2036130139814306,,1.0,-1.5805771350860596,1.3847354650497437,0.0,1.07623,1.4611112,0.003133032004896392,-0.004380315833357961,0.06689237617614623,1.0,102,6.828806161880493
1.0,1.0,,0.0,0.2661870411830023,0.19589647281098693,1.581577235633887,0.19589647281098693,,1.0,-2.7165029048919678,1.47109055519104,0.0,1.0579494,1.5041462,0.0011889732076440253,0.0025274185619247095,0.06422420360984331,1.0,103,6.867582082748413
1.0,1.0,,0.0,0.24563851751565166,0.18395593343135544,1.4252245586876775,0.18395593343135544,,1.0,-2.785557508468628,1.5080724954605103,0.0,1.069906,1.6260917,-0.0017771268481000927,-0.008812923282327592,0.06776299744883849,1.0,102,6.800839900970459
1.0,1.0,,0.0,0.2535727605515835,0.18677119813455043,1.8561291694641113,0.18677119813455043,,1.0,-1.2688910961151123,1.5029988288879395,0.0,1.0506406,1.4385663,0.0013054835802741131,-0.003292094213825179,0.05830595033483541,1.0,102,6.872752904891968
