model_returned_smth,valid_cf_disc,dissimilarity_proximity_categorical_hamming,dissimilarity_proximity_categorical_jaccard,dissimilarity_proximity_continuous_manhatan,dissimilarity_proximity_continuous_euclidean,dissimilarity_proximity_continuous_mad,distance_l2_jaccard,distance_mad_hamming,sparsity,flow_log_density_cfs,flow_log_density_xs,flow_prob_condition_acc,lof_scores_xs,lof_scores_cfs,isolation_forest_scores_xs,isolation_forest_scores_cfs,plausibility,cf_belongs_to_group,K_vectors,time
1.0,0.7870370149612427,,0.0,0.5569132106269107,0.4033369870965634,5.170148087249083,0.4033369870965634,,1.0,1.0204803943634033,1.492734670639038,0.6941176652908325,1.0378119,1.1492236,0.0028909804358039355,0.011673999610720794,0.045129167345835663,1.0,1,56.92557501792908
1.0,0.9708737730979919,,0.0,0.4615794877335429,0.35516680203190965,3.8692911326885224,0.35516680203190965,,1.0,0.6583197712898254,1.3703597784042358,0.4300000071525574,1.0731748,1.2347382,0.003861861938178885,0.0003802975261352732,0.04254552354015119,1.0,1,55.865880727767944
1.0,0.8041236996650696,,0.0,0.47056389363476625,0.33634082013290095,3.9931185780427394,0.33634082013290095,,1.0,0.6891264319419861,1.3421380519866943,0.3205128312110901,1.0632604,1.231568,-1.8850945178018135e-06,0.005581423793344996,0.05701864100536453,1.0,1,68.78485608100891
1.0,0.942307710647583,,0.0,0.551026416865263,0.40394062378845114,4.350443082196372,0.40394062378845114,,1.0,0.8812917470932007,1.4907159805297852,0.6020408272743225,1.0664157,1.2844276,0.0003264332190013784,-0.0035716113112025053,0.0407397436081617,1.0,1,38.23206806182861
1.0,0.970588207244873,,0.0,0.43874026947852335,0.355076268936689,3.929946471344341,0.355076268936689,,1.0,0.7451232671737671,1.4134975671768188,0.4444444477558136,1.0501333,1.297585,1.8257731835935814e-05,-0.006639336142210937,0.049530139443939414,1.0,1,54.009918212890625
