model_returned_smth,valid_cf_disc,dissimilarity_proximity_categorical_hamming,dissimilarity_proximity_categorical_jaccard,dissimilarity_proximity_continuous_manhatan,dissimilarity_proximity_continuous_euclidean,dissimilarity_proximity_continuous_mad,distance_l2_jaccard,distance_mad_hamming,sparsity,flow_log_density_cfs,flow_log_density_xs,flow_prob_condition_acc,lof_scores_xs,lof_scores_cfs,isolation_forest_scores_xs,isolation_forest_scores_cfs,plausibility,cf_belongs_to_group,K_vectors,time
1.0,1.0,,0.0,0.39320518433106777,0.2955431556291686,3.391624144211258,0.2955431556291686,,1.0,0.36655735969543457,1.5291587114334106,0.0824742242693901,1.0549963,1.2422179,-0.0043323067508711415,0.00576904452760932,0.06981692877981328,1.0,14,82.75913166999817
1.0,1.0,,0.0,0.37312557714461697,0.2774094030026765,2.7178843829269503,0.2774094030026765,,1.0,-0.20480506122112274,1.2810138463974,0.18627451360225677,1.0958778,1.2506349,-0.006062691882773934,0.003368966081184116,0.045823559300551826,1.0,12,84.23833084106445
1.0,1.0,,0.0,0.3831953612399822,0.28413628205145103,2.8803879904940173,0.28413628205145103,,1.0,-0.45728346705436707,1.4786648750305176,0.03703703731298447,1.030173,1.2456937,0.008413109101179896,0.006698533360615229,0.06690243283324657,1.0,14,95.0856249332428
1.0,1.0,,0.0,0.3524444575725806,0.2664355246578964,2.8268208034557873,0.2664355246578964,,1.0,-0.38358771800994873,1.4238361120224,0.019801979884505272,1.0533117,1.2779245,0.0052539770349651115,0.008329531487420045,0.055692472719112214,1.0,12,97.2161819934845
1.0,1.0,,0.0,0.3450230845779765,0.2609363725352265,2.923144206258596,0.2609363725352265,,1.0,0.03726457431912422,1.4558825492858887,0.0882352963089943,1.0445873,1.249437,0.009999847052448588,0.009961940906850987,0.046021167338810905,1.0,14,100.09055685997009
