model_returned_smth,valid_cf_disc,dissimilarity_proximity_categorical_hamming,dissimilarity_proximity_categorical_jaccard,dissimilarity_proximity_continuous_manhatan,dissimilarity_proximity_continuous_euclidean,dissimilarity_proximity_continuous_mad,distance_l2_jaccard,distance_mad_hamming,sparsity,flow_log_density_cfs,flow_log_density_xs,flow_prob_condition_acc,lof_scores_xs,lof_scores_cfs,isolation_forest_scores_xs,isolation_forest_scores_cfs,plausibility,cf_belongs_to_group,K_vectors,time
1.0,0.9320388436317444,,0.0,0.48769565287026734,0.4625768385773659,3.931197149058183,0.4625768385773659,,1.0,-461.4044494628906,1.6124125719070435,0.2708333432674408,1.0524242,1.9710624,-0.00147109050723762,-0.04901252520015581,0.13267514155916796,1.0,1,8.747662782669067
1.0,0.9514563083648682,,0.0,0.49448380997518493,0.4550537135649356,3.421948194503784,0.4550537135649356,,1.0,-30.80581283569336,1.4032464027404785,0.19387754797935486,1.0926319,2.0768416,-0.005244583076795611,-0.032884587765332846,0.10858219271274143,1.0,1,7.814343214035034
1.0,0.970588207244873,,0.0,0.49737462090596446,0.45521486102652026,3.7310602327789923,0.45521486102652026,,1.0,-4.503634929656982,1.681197166442871,0.2222222238779068,1.0335897,1.9073299,0.0077055753761947786,-0.040722610896847054,0.12361077382696102,1.0,1,8.700486183166504
1.0,0.9611650705337524,,0.0,0.5696836061625168,0.5008624917395355,4.308460779864379,0.5008624917395355,,1.0,-20.15300178527832,1.546127200126648,0.24242424964904785,1.0501096,2.134909,0.0072414337263478545,-0.04419960230293903,0.10977459180008278,1.0,1,7.4141130447387695
1.0,0.9901960492134094,,0.0,0.5357599574888107,0.47678526383997,4.45893114864236,0.47678526383997,,1.0,-32361.91796875,1.6055265665054321,0.23762376606464386,1.0440799,1.9773172,0.008712621204010411,-0.03412661757478418,0.10002102817977146,1.0,1,7.891800880432129
