model_returned_smth,valid_cf_disc,dissimilarity_proximity_categorical_hamming,dissimilarity_proximity_categorical_jaccard,dissimilarity_proximity_continuous_manhatan,dissimilarity_proximity_continuous_euclidean,dissimilarity_proximity_continuous_mad,distance_l2_jaccard,distance_mad_hamming,sparsity,flow_log_density_cfs,flow_log_density_xs,flow_prob_condition_acc,lof_scores_xs,lof_scores_cfs,isolation_forest_scores_xs,isolation_forest_scores_cfs,plausibility,cf_belongs_to_group,K_vectors,time
1.0,1.0,,0.0,0.3881055433335455,0.29352141769182144,2.918659738506432,0.29352141769182144,,1.0,0.38983967900276184,1.4738291501998901,0.3611111044883728,1.0378119,1.1761919,0.0028909804358039355,0.01516897911967662,0.05272342538629741,1.0,1,31.134192943572998
1.0,1.0,,0.0,0.354007550922123,0.2652666646717621,3.085575020718343,0.2652666646717621,,1.0,-0.6645229458808899,1.3433787822723389,0.03883495181798935,1.0731748,1.2312493,0.003861861938178885,0.005848601185607997,0.0412381456867518,1.0,1,32.73908710479736
1.0,1.0,,0.0,0.36564495566075417,0.27265718706780345,2.6396871069350194,0.27265718706780345,,1.0,-0.2879895567893982,1.4041259288787842,0.10309278219938278,1.0632604,1.2907125,-1.8850945178018135e-06,0.0036736863981882187,0.06843661457286136,1.0,1,32.91850781440735
1.0,1.0,,0.0,0.34373169123584657,0.2607590569550962,2.489568673933928,0.2607590569550962,,1.0,-0.17919200658798218,1.4843686819076538,0.19230769574642181,1.0664157,1.3248916,0.0003264332190013784,0.0013241510880571752,0.03948539573758714,1.0,1,30.562428951263428
1.0,1.0,,0.0,0.36231853498839867,0.2750268213843858,2.99476419301594,0.2750268213843858,,1.0,0.2547450661659241,1.4097154140472412,0.0882352963089943,1.0501333,1.2414296,1.8257731835935814e-05,0.0017201220765247123,0.050503488210339995,1.0,1,31.35261106491089
