model_returned_smth,valid_cf_disc,dissimilarity_proximity_categorical_hamming,dissimilarity_proximity_categorical_jaccard,dissimilarity_proximity_continuous_manhatan,dissimilarity_proximity_continuous_euclidean,dissimilarity_proximity_continuous_mad,distance_l2_jaccard,distance_mad_hamming,sparsity,flow_log_density_cfs,flow_log_density_xs,flow_prob_condition_acc,lof_scores_xs,lof_scores_cfs,isolation_forest_scores_xs,isolation_forest_scores_cfs,plausibility,cf_belongs_to_group,K_vectors,time
1.0,0.4117647111415863,,0.0,0.32569891143412816,0.29982958034214124,4.755227088928223,0.29982958034214124,,1.0,-0.26120850443840027,1.5672857761383057,0.1190476194024086,1.0393983,1.4832493,0.0004266122988019526,-0.012588037833553981,0.04794072826526651,1.0,1,6.601301193237305
1.0,0.5769230723381042,,0.0,0.3652925426761309,0.32772675129524054,4.483184711138407,0.32772675129524054,,1.0,0.23597818613052368,1.3997995853424072,0.3333333432674408,1.0802484,1.517185,0.003518781675539093,-0.01783137962846793,0.039108884427798946,1.0,1,6.571542978286743
1.0,0.7281553149223328,,0.0,0.5921903581156706,0.41931107446374893,4.217731475830078,0.41931107446374893,,1.0,-4.237183570861816,1.4009534120559692,0.25333333015441895,1.0579494,1.4873756,0.0011889732076440253,-0.016876632018812232,0.06055951733112674,1.0,1,14.356016159057617
1.0,0.6078431606292725,,0.0,0.38748459974604266,0.2869072622293364,3.2590454355362923,0.2869072622293364,,1.0,-3.4885706901550293,1.452575922012329,0.19354838132858276,1.069906,1.5306908,-0.0017771268481000927,-0.011648361860344346,0.08256132332532573,1.0,1,7.86912202835083
1.0,0.8058252334594727,,0.0,0.7140463867101324,0.5244781477215595,5.601976072931865,0.5244781477215595,,1.0,-3.179220199584961,1.5045596361160278,0.22891566157341003,1.0551155,1.6981642,0.00019658446473535719,-0.033561522643327554,0.08292327197413792,1.0,1,15.373326301574707
