model_returned_smth,valid_cf_disc,dissimilarity_proximity_categorical_hamming,dissimilarity_proximity_categorical_jaccard,dissimilarity_proximity_continuous_manhatan,dissimilarity_proximity_continuous_euclidean,dissimilarity_proximity_continuous_mad,distance_l2_jaccard,distance_mad_hamming,sparsity,flow_log_density_cfs,flow_log_density_xs,flow_prob_condition_acc,lof_scores_xs,lof_scores_cfs,isolation_forest_scores_xs,isolation_forest_scores_cfs,plausibility,cf_belongs_to_group,K_vectors,time
1.0,1.0,,0.0,0.5997494489865323,0.5233873884899215,4.813218743193383,0.5233873884899215,,1.0,-12.68806266784668,1.5431201457977295,0.3921568691730499,1.0393983,2.17913,0.0004266122988019526,-0.03259664913681227,0.09876592733865765,1.0,1,7.742442846298218
1.0,1.0,,0.0,0.5197372143248132,0.4406986456676616,4.362789925406961,0.4406986456676616,,1.0,-9.351158142089844,1.3847354650497437,0.2647058963775635,1.07623,1.6843,0.003133032004896392,-0.017248052054302264,0.08230324969868906,1.0,1,7.229721307754517
1.0,1.0,,0.0,0.4800097635456641,0.41221006136733745,3.1613483452102513,0.41221006136733745,,1.0,-75.90735626220703,1.47109055519104,0.12621359527111053,1.0579494,1.873441,0.0011889732076440253,-0.03044855585095141,0.11628124087286584,1.0,1,6.9985761642456055
1.0,1.0,,0.0,0.5258266539027567,0.42649071922023224,3.364232897758484,0.42649071922023224,,1.0,-31.467538833618164,1.5080724954605103,0.22549019753932953,1.069906,1.863883,-0.0017771268481000927,-0.02874320855320052,0.09483472548194471,1.0,1,7.014558792114258
1.0,1.0,,0.0,0.5390757954880303,0.4454778090515215,4.451448629884159,0.4454778090515215,,1.0,-6.600014686584473,1.5029988288879395,0.2647058963775635,1.0506406,1.8475871,0.0013054835802741131,-0.024722782844216865,0.08169881581148498,1.0,1,7.029979705810547
