model_returned_smth,valid_cf_disc,dissimilarity_proximity_categorical_hamming,dissimilarity_proximity_categorical_jaccard,dissimilarity_proximity_continuous_manhatan,dissimilarity_proximity_continuous_euclidean,dissimilarity_proximity_continuous_mad,distance_l2_jaccard,distance_mad_hamming,sparsity,flow_log_density_cfs,flow_log_density_xs,flow_prob_condition_acc,lof_scores_xs,lof_scores_cfs,isolation_forest_scores_xs,isolation_forest_scores_cfs,plausibility,cf_belongs_to_group,K_vectors,time
1.0,1.0,,0.0,0.33213403824156207,0.26085021896535115,2.248884951026694,0.26085021896535115,,1.0,1.3626118898391724,1.5609803199768066,1.0,1.0524242,0.99977934,-0.00147109050723762,0.019475807590548743,0.018128077972363807,1.0,103,7.31629490852356
1.0,1.0,,0.0,0.3507570771719603,0.27248308971397844,2.249721722275603,0.27248308971397844,,1.0,1.3742817640304565,1.3948792219161987,1.0,1.093149,1.0006808,-0.0049489302256805895,0.025650850137738324,0.041983579140127784,1.0,102,12.986990928649902
1.0,1.0,,0.0,0.3319782019175096,0.2629477048140731,2.2613445859329375,0.2629477048140731,,1.0,1.38678777217865,1.6535285711288452,1.0,1.0335897,1.0173993,0.0077055753761947786,0.026052172038190158,0.014534923067682429,1.0,102,7.189352989196777
1.0,1.0,,0.0,0.3150164496913118,0.24140285959107016,2.120914754936996,0.24140285959107016,,1.0,1.3641552925109863,1.532061219215393,1.0,1.0501096,1.0161397,0.0072414337263478545,0.0246845725148743,0.02722700976261437,1.0,103,15.713283061981201
1.0,1.0,,0.0,0.319353477863392,0.24191128529712133,2.3648035207597338,0.24191128529712133,,1.0,1.432944416999817,1.6102780103683472,1.0,1.0434626,1.0471838,0.00949913383000726,0.02119503639157043,0.018820142688552692,1.0,101,25.70002317428589
