model_returned_smth,valid_cf_disc,dissimilarity_proximity_categorical_hamming,dissimilarity_proximity_categorical_jaccard,dissimilarity_proximity_continuous_manhatan,dissimilarity_proximity_continuous_euclidean,dissimilarity_proximity_continuous_mad,distance_l2_jaccard,distance_mad_hamming,sparsity,flow_log_density_cfs,flow_log_density_xs,flow_prob_condition_acc,lof_scores_xs,lof_scores_cfs,isolation_forest_scores_xs,isolation_forest_scores_cfs,plausibility,cf_belongs_to_group,K_vectors,time
1.0,1.0,,0.0,0.376791972508558,0.2854203939636472,3.2636913523538826,0.2854203939636472,,1.0,0.2043083757162094,1.5291587114334106,0.0,1.0549963,1.2672459,-0.0043323067508711415,0.004446431094362148,0.07276774295252854,1.0,1,32.809178829193115
1.0,1.0,,0.0,0.3672689906339727,0.274251326580655,2.6804459312675046,0.274251326580655,,1.0,-0.16023129224777222,1.2810138463974,0.1666666716337204,1.0958778,1.2509162,-0.006062691882773934,0.0024079638278140347,0.045008745558252385,1.0,1,34.89555883407593
1.0,1.0,,0.0,0.3810366738934708,0.2825979546412817,2.8650810617815563,0.2825979546412817,,1.0,-0.5336492657661438,1.4786648750305176,0.02777777798473835,1.030173,1.2505194,0.008413109101179896,0.006985004690009426,0.06759462302271554,1.0,1,31.67660689353943
1.0,1.0,,0.0,0.3434557519705579,0.26046679021826896,2.7586619015967493,0.26046679021826896,,1.0,-0.5286621451377869,1.4238361120224,0.009900989942252636,1.0533117,1.2824423,0.0052539770349651115,0.0088318262351938,0.057796152819784424,1.0,1,33.05397987365723
1.0,1.0,,0.0,0.3272309289405159,0.24902916491760765,2.7849142523665056,0.24902916491760765,,1.0,-0.17557010054588318,1.4558825492858887,0.029411764815449715,1.0445873,1.2367743,0.009999847052448588,0.010801721378984898,0.05095050163615498,1.0,1,32.22707986831665
