model_returned_smth,valid_cf_disc,dissimilarity_proximity_categorical_hamming,dissimilarity_proximity_categorical_jaccard,dissimilarity_proximity_continuous_manhatan,dissimilarity_proximity_continuous_euclidean,dissimilarity_proximity_continuous_mad,distance_l2_jaccard,distance_mad_hamming,sparsity,flow_log_density_cfs,flow_log_density_xs,flow_prob_condition_acc,lof_scores_xs,lof_scores_cfs,isolation_forest_scores_xs,isolation_forest_scores_cfs,plausibility,cf_belongs_to_group,K_vectors,time
1.0,0.582524299621582,,0.0,0.19942495301365853,0.14160447105691173,2.2197329223155977,0.14160447105691173,,1.0,-7.8598785400390625,1.5449038743972778,0.0,1.0524242,1.417082,-0.00147109050723762,0.0009077431484435295,0.1122483323552899,1.0,103,6.866020917892456
1.0,0.20388349890708923,,0.0,0.21349958933535076,0.15123452442627974,3.2265014251073203,0.15123452442627974,,1.0,-1.4746673107147217,1.28681480884552,0.0,1.0926319,1.5079913,-0.005244583076795611,0.0029034513812126878,0.06441640441073931,1.0,103,6.879370927810669
1.0,0.3921568691730499,,0.0,0.22615534327924253,0.16038798076916794,3.234691749513149,0.16038798076916794,,1.0,-2.9272284507751465,1.6119089126586914,0.0,1.0335897,1.3748608,0.0077055753761947786,0.0021936247267335244,0.10336020362107035,1.0,102,6.934330224990845
1.0,0.5436893105506897,,0.0,0.21704835311642715,0.15640308284196242,1.9023961541908128,0.15640308284196242,,1.0,-2.1052262783050537,1.4927455186843872,0.0,1.0501096,1.4260511,0.0072414337263478545,0.0036098644185727376,0.0715536964019908,1.0,103,6.991119146347046
1.0,0.686274528503418,,0.0,0.20696916292820658,0.1482145287149855,1.7820335609572275,0.1482145287149855,,1.0,-55.57676315307617,1.4944578409194946,0.0,1.0440799,1.4527693,0.008712621204010411,0.004771957966621074,0.08657444997629271,1.0,102,6.86935019493103
