model_returned_smth,valid_cf_disc,dissimilarity_proximity_categorical_hamming,dissimilarity_proximity_categorical_jaccard,dissimilarity_proximity_continuous_manhatan,dissimilarity_proximity_continuous_euclidean,dissimilarity_proximity_continuous_mad,distance_l2_jaccard,distance_mad_hamming,sparsity,flow_log_density_cfs,flow_log_density_xs,flow_prob_condition_acc,lof_scores_xs,lof_scores_cfs,isolation_forest_scores_xs,isolation_forest_scores_cfs,plausibility,cf_belongs_to_group,K_vectors,time
1.0,0.708737850189209,,0.0,0.34457703327045663,0.3140344781294242,2.6803588687557065,0.3140344781294242,,1.0,-57.88575744628906,1.5763009786605835,0.13698630034923553,1.0524242,1.6130384,-0.00147109050723762,-0.01803246221081627,0.09867356279679637,1.0,1,6.738601922988892
1.0,0.6699029207229614,,0.0,0.364805121001774,0.32344039846717676,2.5397975064706113,0.32344039846717676,,1.0,-6.357668876647949,1.311514139175415,0.1304347813129425,1.0926319,1.7655689,-0.005244583076795611,-0.016726039464975605,0.05992378792239246,1.0,1,6.2715089321136475
1.0,0.7745097875595093,,0.0,0.37172487905083956,0.32351208790543723,2.3194878614401517,0.32351208790543723,,1.0,-1.6913682222366333,1.7041921615600586,0.15189872682094574,1.0335897,1.5180442,0.0077055753761947786,-0.016729470231762654,0.09868260189306151,1.0,1,6.495725870132446
1.0,0.7475728392601013,,0.0,0.4408815312017868,0.3788093851795595,3.5660664601759477,0.3788093851795595,,1.0,-4.028580188751221,1.4817267656326294,0.27272728085517883,1.0501096,1.6803302,0.0072414337263478545,-0.014426657341249257,0.05595591594747822,1.0,1,6.5246500968933105
1.0,0.8823529481887817,,0.0,0.374609248754051,0.342385237623627,3.0258967240651446,0.342385237623627,,1.0,-6174.08544921875,1.609919548034668,0.1111111119389534,1.0440799,1.641169,0.008712621204010411,-0.016740897930469727,0.08383421672746033,1.0,1,6.341991901397705
