model_returned_smth,valid_cf_disc,dissimilarity_proximity_categorical_hamming,dissimilarity_proximity_categorical_jaccard,dissimilarity_proximity_continuous_manhatan,dissimilarity_proximity_continuous_euclidean,dissimilarity_proximity_continuous_mad,distance_l2_jaccard,distance_mad_hamming,sparsity,flow_log_density_cfs,flow_log_density_xs,flow_prob_condition_acc,lof_scores_xs,lof_scores_cfs,isolation_forest_scores_xs,isolation_forest_scores_cfs,plausibility,cf_belongs_to_group,K_vectors,time
1.0,1.0,,0.0,0.7401335227025103,0.5554403833998768,5.561972203078093,0.5554403833998768,,1.0,-8.42922592163086,1.4738291501998901,0.32407405972480774,1.0378119,1.6254317,0.0028909804358039355,-0.0321321635036732,0.06785826891161471,1.0,1,33.71444296836853
1.0,1.0,,0.0,0.7041596469008228,0.5226452374472935,6.1087493896484375,0.5226452374472935,,1.0,-9.317325592041016,1.3433787822723389,0.33980581164360046,1.0731748,1.6585966,0.003861861938178885,-0.025768188434804565,0.058387598146423005,1.0,1,32.56573224067688
1.0,1.0,,0.0,0.7613477384870795,0.5383599245171028,5.255272039433115,0.5383599245171028,,1.0,-2.13100528717041,1.4041259288787842,0.25773194432258606,1.0632604,1.3775405,-1.8850945178018135e-06,-0.015404149693933895,0.04988464573867151,1.0,1,5.820955991744995
1.0,1.0,,0.0,0.6758236299400988,0.508321750645373,4.886168897151947,0.508321750645373,,1.0,-11.428412437438965,1.4843686819076538,0.3461538553237915,1.0664157,1.7933096,0.0003264332190013784,-0.032333657722817426,0.0740992295001224,1.0,1,31.682303190231323
1.0,1.0,,0.0,0.679268408055399,0.514441231986062,5.6077880859375,0.514441231986062,,1.0,-11.009088516235352,1.4097154140472412,0.27450981736183167,1.0501333,1.6571945,1.8257731835935814e-05,-0.025046615873567685,0.0641027042421177,1.0,1,32.95012807846069
