model_returned_smth,valid_cf_disc,dissimilarity_proximity_categorical_hamming,dissimilarity_proximity_categorical_jaccard,dissimilarity_proximity_continuous_manhatan,dissimilarity_proximity_continuous_euclidean,dissimilarity_proximity_continuous_mad,distance_l2_jaccard,distance_mad_hamming,sparsity,flow_log_density_cfs,flow_log_density_xs,flow_prob_condition_acc,lof_scores_xs,lof_scores_cfs,isolation_forest_scores_xs,isolation_forest_scores_cfs,plausibility,cf_belongs_to_group,K_vectors,time
1.0,0.9793814420700073,,0.0,0.7688910931446835,0.5454846440986222,6.0828375414798135,0.5454846440986222,,1.0,-1.2756476402282715,1.5997833013534546,0.3684210479259491,1.0549963,1.3602262,-0.0043323067508711415,-0.01751292626534827,0.05286167430450825,1.0,1,52.65090894699097
1.0,0.8921568393707275,,0.0,0.6373067220652496,0.45113090040544646,4.542655840024843,0.45113090040544646,,1.0,-3.2121682167053223,1.3176295757293701,0.37362638115882874,1.0958778,1.4367847,-0.006062691882773934,-0.006001346999053958,0.04713834912192979,1.0,1,10.735174894332886
1.0,0.9722222089767456,,0.0,0.6817117934425672,0.482889382786968,5.016055143447149,0.482889382786968,,1.0,-0.28203320503234863,1.533810019493103,0.3047619163990021,1.030173,1.3489112,0.008413109101179896,-0.0024471643558844226,0.03954884979570765,1.0,1,8.44480013847351
1.0,0.8217821717262268,,0.0,0.49690803876483297,0.3839433013726921,4.036835348749736,0.3839433013726921,,1.0,-1.3598228693008423,1.4493944644927979,0.1927710771560669,1.0533117,1.6671187,0.0052539770349651115,-0.006250076245651005,0.06841723459626706,1.0,1,16.789379835128784
1.0,0.9607843160629272,,0.0,0.6206732079082605,0.4450338826076806,5.247991133709343,0.4450338826076806,,1.0,-0.588167667388916,1.450590968132019,0.3571428656578064,1.0445873,1.3502555,0.009999847052448588,-0.006180537344057266,0.04545548492795568,1.0,1,14.404251098632812
