model_returned_smth,valid_cf_disc,dissimilarity_proximity_categorical_hamming,dissimilarity_proximity_categorical_jaccard,dissimilarity_proximity_continuous_manhatan,dissimilarity_proximity_continuous_euclidean,dissimilarity_proximity_continuous_mad,distance_l2_jaccard,distance_mad_hamming,sparsity,flow_log_density_cfs,flow_log_density_xs,flow_prob_condition_acc,lof_scores_xs,lof_scores_cfs,isolation_forest_scores_xs,isolation_forest_scores_cfs,plausibility,cf_belongs_to_group,K_vectors,time
1.0,0.9166666865348816,,0.0,0.5199524490821241,0.38496260932740795,4.524360212111714,0.38496260932740795,,1.0,1.3046778440475464,1.500203013420105,0.9090909361839294,1.0378119,1.0903243,0.0028909804358039355,0.023810335953072893,0.032907128993277045,0.9722222222222222,20,180.18267703056335
1.0,1.0,,0.0,0.49184854484154183,0.39177746172124867,4.300706778336497,0.39177746172124867,,1.0,1.4850550889968872,1.3433787822723389,0.9223300814628601,1.0731748,1.0323256,0.003861861938178885,0.0232091315456027,0.02533922769424495,0.9902912621359223,21,178.10298871994019
1.0,0.9896907210350037,,0.0,0.5197621129712692,0.4017831857041716,3.729324722352127,0.4017831857041716,,1.0,1.3477331399917603,1.4053082466125488,0.7604166865348816,1.0632604,1.0486732,-1.8850945178018135e-06,0.029527408045267874,0.029082943978898188,0.9896907216494846,18,174.73943305015564
1.0,0.9903846383094788,,0.0,0.5707082246030111,0.43070487665533724,4.110836350223393,0.43070487665533724,,1.0,1.2731574773788452,1.4804004430770874,0.9611650705337524,1.0664157,1.1321094,0.0003264332190013784,0.016327181461457504,0.029843984353507744,0.9903846153846154,27,189.2913579940796
1.0,1.0,,0.0,0.4411291859897913,0.34819411567901865,3.6065557564006134,0.34819411567901865,,1.0,1.194948434829712,1.4097154140472412,0.7745097875595093,1.0501333,1.0514979,1.8257731835935814e-05,0.02299390744238745,0.019725164845894327,0.9901960784313726,25,183.21311593055725
