model_returned_smth,valid_cf_disc,dissimilarity_proximity_categorical_hamming,dissimilarity_proximity_categorical_jaccard,dissimilarity_proximity_continuous_manhatan,dissimilarity_proximity_continuous_euclidean,dissimilarity_proximity_continuous_mad,distance_l2_jaccard,distance_mad_hamming,sparsity,flow_log_density_cfs,flow_log_density_xs,flow_prob_condition_acc,lof_scores_xs,lof_scores_cfs,isolation_forest_scores_xs,isolation_forest_scores_cfs,plausibility,cf_belongs_to_group,K_vectors,time
1.0,1.0,,0.0,0.4191284525954603,0.33335077501616034,3.1302012976478126,0.33335077501616034,,1.0,1.6277178525924683,1.5431201457977295,1.0,1.0393983,1.0115334,0.0004266122988019526,0.02724866683667274,0.018958776824018114,0.9803921568627451,19,187.78445482254028
1.0,0.9807692170143127,,0.0,0.416178066246942,0.3268624925691724,3.2059307133450226,0.3268624925691724,,1.0,1.669083833694458,1.3847354650497437,0.970588207244873,1.0773484,0.98829734,0.0027784529633295882,0.028428457654192864,0.02116545102458275,0.9903846153846154,20,178.97323393821716
1.0,1.0,,0.0,0.38352356234325763,0.30837336195319903,2.2704802612656527,0.30837336195319903,,1.0,1.6604270935058594,1.47109055519104,0.9805825352668762,1.0579494,1.020351,0.0011889732076440253,0.029771425861649548,0.021027045458113878,0.9611650485436893,25,180.11317014694214
1.0,0.9901960492134094,,0.0,0.42280055689371865,0.34345420976358704,2.5427399035727625,0.34345420976358704,,1.0,1.57407808303833,1.545149564743042,0.9603960514068604,1.0650865,1.0286702,-0.0007106938568488639,0.025544291561007522,0.019966246324274725,0.9901960784313726,20,181.27116298675537
1.0,1.0,,0.0,0.47242853581905364,0.36056079805431596,3.5899392628669737,0.36056079805431596,,1.0,1.6429147720336914,1.5485317707061768,1.0,1.046621,1.0230347,0.0011638875648601172,0.014151731605708161,0.02136805422029757,1.0,14,32.28181600570679
