model_returned_smth,valid_cf_disc,dissimilarity_proximity_categorical_hamming,dissimilarity_proximity_categorical_jaccard,dissimilarity_proximity_continuous_manhatan,dissimilarity_proximity_continuous_euclidean,dissimilarity_proximity_continuous_mad,distance_l2_jaccard,distance_mad_hamming,sparsity,flow_log_density_cfs,flow_log_density_xs,flow_prob_condition_acc,lof_scores_xs,lof_scores_cfs,isolation_forest_scores_xs,isolation_forest_scores_cfs,plausibility,cf_belongs_to_group,K_vectors,time
1.0,1.0,,0.0,0.45480662860575616,0.32200141232002805,3.385075395857846,0.32200141232002805,,1.0,-1.671154260635376,1.4738291501998901,0.1944444477558136,1.0378119,1.294773,0.0028909804358039355,0.0026985961549047524,0.06644884945898576,1.0,108,12.460381269454956
1.0,1.0,,0.0,0.41151543927279494,0.2912854806145207,3.419593849228424,0.2912854806145207,,1.0,-2.3888144493103027,1.3433787822723389,0.09708737581968307,1.0731748,1.3644593,0.003861861938178885,0.0016770211553578487,0.04369380638705356,1.0,103,12.122669219970703
1.0,1.0,,0.0,0.4195139792726193,0.29688741091790705,2.90728770303972,0.29688741091790705,,1.0,-0.6829513311386108,1.4041259288787842,0.06185567006468773,1.0632604,1.3545831,-1.8850945178018135e-06,0.0013688108173905743,0.06923593601688811,1.0,97,11.649622201919556
1.0,1.0,,0.0,0.4055474878707453,0.28720991207145957,2.868784137070179,0.28720991207145957,,1.0,-1.3648682832717896,1.4843686819076538,0.11538461595773697,1.0664157,1.3921721,0.0003264332190013784,1.9542299346130746e-06,0.04365836759576568,1.0,104,12.551072120666504
1.0,1.0,,0.0,0.4249315156656153,0.30089979598178257,3.2975662140285267,0.30089979598178257,,1.0,-0.8811947107315063,1.4097154140472412,0.06862745434045792,1.0501333,1.3225363,1.8257731835935814e-05,0.003901697432516881,0.05259635662222232,1.0,102,12.985277891159058
