model_returned_smth,valid_cf_disc,dissimilarity_proximity_categorical_hamming,dissimilarity_proximity_categorical_jaccard,dissimilarity_proximity_continuous_manhatan,dissimilarity_proximity_continuous_euclidean,dissimilarity_proximity_continuous_mad,distance_l2_jaccard,distance_mad_hamming,sparsity,flow_log_density_cfs,flow_log_density_xs,flow_prob_condition_acc,lof_scores_xs,lof_scores_cfs,isolation_forest_scores_xs,isolation_forest_scores_cfs,plausibility,cf_belongs_to_group,K_vectors,time
1.0,0.9514563083648682,,0.0,0.32162614964062763,0.24324673135537425,2.2477509671328018,0.24324673135537425,,1.0,-9.674808502197266,1.583106517791748,0.06122449040412903,1.0524242,1.4163082,-0.00147109050723762,-0.008219293107796812,0.08488980587459664,1.0,19,26.991295099258423
1.0,0.9126213788986206,,0.0,0.3853299948485925,0.2914515164644276,2.479495350350725,0.2914515164644276,,1.0,-3.126664876937866,1.3892583847045898,0.21276596188545227,1.0926319,1.5662055,-0.005244583076795611,-0.007293666699686155,0.06572329203591587,1.0,18,33.9211061000824
1.0,0.9215686321258545,,0.0,0.38171696424127577,0.3153126570498094,2.761797955695619,0.3153126570498094,,1.0,-1.8128434419631958,1.6584323644638062,0.1489361673593521,1.0335897,1.5484906,0.0077055753761947786,-0.016974398843063183,0.09806364598412846,1.0,15,30.7265362739563
1.0,0.8834951519966125,,0.0,0.38991120109682553,0.29447728832339654,2.540605310555343,0.29447728832339654,,1.0,-1.4742987155914307,1.509391188621521,0.2637362778186798,1.0501096,1.363944,0.0072414337263478545,-0.0006472037434597513,0.047960849858086775,1.0,16,28.35751509666443
1.0,0.8725489974021912,,0.0,0.35710807253470583,0.2646806240746291,2.621579689925976,0.2646806240746291,,1.0,-10.801130294799805,1.55882728099823,0.17977528274059296,1.0440799,1.4029107,0.008712621204010411,-0.005167530371791542,0.04963230716749114,1.0,16,39.54393696784973
