model_returned_smth,valid_cf_disc,dissimilarity_proximity_categorical_hamming,dissimilarity_proximity_categorical_jaccard,dissimilarity_proximity_continuous_manhatan,dissimilarity_proximity_continuous_euclidean,dissimilarity_proximity_continuous_mad,distance_l2_jaccard,distance_mad_hamming,sparsity,flow_log_density_cfs,flow_log_density_xs,flow_prob_condition_acc,lof_scores_xs,lof_scores_cfs,isolation_forest_scores_xs,isolation_forest_scores_cfs,plausibility,cf_belongs_to_group,K_vectors,time
1.0,1.0,,0.0,0.43349353581648864,0.3427579746618277,3.0049752020141454,0.3427579746618277,,1.0,1.583289623260498,1.5609803199768066,0.9902912378311157,1.0524242,1.020989,-0.00147109050723762,0.02382250379586754,0.025647925439141954,0.9902912621359223,18,174.69421911239624
1.0,1.0,,0.0,0.47288663625059757,0.3870838991811286,3.168880768850738,0.3870838991811286,,1.0,1.5717227458953857,1.4034206867218018,0.9215686321258545,1.0905294,1.0336343,-0.005525422909504051,0.01572221719431539,0.023263777449030455,0.9803921568627451,20,173.71578192710876
1.0,1.0,,0.0,0.478224953067005,0.37527172565937844,3.3693632740600434,0.37527172565937844,,1.0,1.5841957330703735,1.6535285711288452,1.0,1.0335897,1.02135,0.0077055753761947786,0.023862284802590422,0.02257297010995833,0.9411764705882353,20,159.16818618774414
1.0,1.0,,0.0,0.4335170537595031,0.3390328513787112,2.979097914927214,0.3390328513787112,,1.0,1.604334831237793,1.532061219215393,0.9708737730979919,1.0501096,1.0277146,0.0072414337263478545,0.017223679311795796,0.024058093367580077,0.9611650485436893,18,180.5209481716156
1.0,0.9902912378311157,,0.0,0.40611552468994083,0.3164735579008001,2.9991707509639216,0.3164735579008001,,1.0,1.7049015760421753,1.60390043258667,0.9901960492134094,1.0441078,1.0323874,0.008755006788143564,0.029107096680978394,0.01873522519784533,0.9902912621359223,22,180.6008961200714
