model_returned_smth,valid_cf_disc,dissimilarity_proximity_categorical_hamming,dissimilarity_proximity_categorical_jaccard,dissimilarity_proximity_continuous_manhatan,dissimilarity_proximity_continuous_euclidean,dissimilarity_proximity_continuous_mad,distance_l2_jaccard,distance_mad_hamming,sparsity,flow_log_density_cfs,flow_log_density_xs,flow_prob_condition_acc,lof_scores_xs,lof_scores_cfs,isolation_forest_scores_xs,isolation_forest_scores_cfs,plausibility,cf_belongs_to_group,K_vectors,time
1.0,1.0,,0.0,0.4516232012502235,0.3332695822887847,3.8581669078659764,0.3332695822887847,,1.0,0.8462876677513123,1.5291587114334106,0.5051546096801758,1.0549963,1.1832097,-0.0043323067508711415,0.004048189656897797,0.06900465773763996,1.0,1,56.82926797866821
1.0,0.29411765933036804,,0.0,0.3522864043712616,0.26222139625247726,2.816186700264613,0.26222139625247726,,1.0,0.6590253114700317,0.8454417586326599,0.46666666865348816,1.0958778,1.2209775,-0.006062691882773934,0.004644789768416191,0.04002910054776569,1.0,1,54.61484169960022
1.0,0.9907407164573669,,0.0,0.5025094440261285,0.36959722652453886,3.812930923198985,0.36959722652453886,,1.0,0.717976450920105,1.4813021421432495,0.5514018535614014,1.030173,1.2300303,0.008413109101179896,0.0073271392969756835,0.06455605031726595,1.0,1,22.137530088424683
1.0,0.5247524976730347,,0.0,0.25474651242202184,0.20329407006918426,2.607696517458502,0.20329407006918426,,1.0,0.19540728628635406,1.2826621532440186,0.30188679695129395,1.0533117,1.2656614,0.0052539770349651115,0.00012584430784072083,0.07591172197709117,1.0,1,72.25769090652466
1.0,0.9901960492134094,,0.0,0.48377873940338,0.34887891479410726,4.012982162508634,0.34887891479410726,,1.0,0.7561123371124268,1.463904619216919,0.48514851927757263,1.0445873,1.2284813,0.009999847052448588,0.0027866554190439296,0.04228038803521364,1.0,1,27.233069896697998
