model_returned_smth,valid_cf_disc,dissimilarity_proximity_categorical_hamming,dissimilarity_proximity_categorical_jaccard,dissimilarity_proximity_continuous_manhatan,dissimilarity_proximity_continuous_euclidean,dissimilarity_proximity_continuous_mad,distance_l2_jaccard,distance_mad_hamming,sparsity,flow_log_density_cfs,flow_log_density_xs,flow_prob_condition_acc,lof_scores_xs,lof_scores_cfs,isolation_forest_scores_xs,isolation_forest_scores_cfs,plausibility,cf_belongs_to_group,K_vectors,time
1.0,1.0,,0.0,0.8449611364368477,0.7026947005665237,6.679800412234138,0.7026947005665237,,1.0,-17.443559646606445,1.5431201457977295,0.28431373834609985,1.0393983,2.8105018,0.0004266122988019526,-0.07179163461487713,0.13035303724548478,1.0,1,9.101369142532349
1.0,1.0,,0.0,1.0731010751470047,0.7669499550735264,8.156649991577746,0.7669499550735264,,1.0,-14.42745590209961,1.3847354650497437,0.22549019753932953,1.07623,2.971453,0.003133032004896392,-0.09083473762729681,0.12768797173382093,1.0,1,8.567763328552246
1.0,1.0,,0.0,0.6159692248046958,0.5368468373635842,4.078889846801758,0.5368468373635842,,1.0,-265.9605407714844,1.47109055519104,0.17475728690624237,1.0579494,2.5621703,0.0011889732076440253,-0.06301539431882923,0.14273284130455904,1.0,1,7.1233298778533936
1.0,1.0,,0.0,0.7001919248586466,0.5860022193768415,4.544553392073688,0.5860022193768415,,1.0,-180.1515350341797,1.5080724954605103,0.22549019753932953,1.069906,2.741556,-0.0017771268481000927,-0.0707295977446089,0.14024407883715484,1.0,1,8.076509237289429
1.0,1.0,,0.0,0.8487816445675551,0.7011812080679592,7.00764799118042,0.7011812080679592,,1.0,-17.972949981689453,1.5029988288879395,0.23529411852359772,1.0506406,3.0172486,0.0013054835802741131,-0.08947489162011836,0.1706373223260227,1.0,1,11.058134078979492
