model_returned_smth,valid_cf_disc,dissimilarity_proximity_categorical_hamming,dissimilarity_proximity_categorical_jaccard,dissimilarity_proximity_continuous_manhatan,dissimilarity_proximity_continuous_euclidean,dissimilarity_proximity_continuous_mad,distance_l2_jaccard,distance_mad_hamming,sparsity,flow_log_density_cfs,flow_log_density_xs,flow_prob_condition_acc,lof_scores_xs,lof_scores_cfs,isolation_forest_scores_xs,isolation_forest_scores_cfs,plausibility,cf_belongs_to_group,K_vectors,time
1.0,0.8529411554336548,,0.0,0.7046909798859972,0.5003647953414659,4.677032742007025,0.5003647953414659,,1.0,0.7266103029251099,1.5712451934814453,0.7471264600753784,1.0393983,1.1811595,0.0004266122988019526,-0.007247619528188998,0.03486996539768748,1.0,1,20.463616132736206
1.0,0.7766990065574646,,0.0,0.597209770604968,0.4637014199405468,7.338681936264038,0.4637014199405468,,1.0,1.3574079275131226,1.3663499355316162,0.8125,1.0784713,1.1996679,0.003329809168532982,0.00722929320752113,0.028485213136830712,1.0,1,75.13466191291809
1.0,0.7647058963775635,,0.0,0.4475050700398592,0.32588504822541636,2.931622395148644,0.32588504822541636,,1.0,-0.7551461458206177,1.5011078119277954,0.6153846383094788,1.0589452,1.2987182,0.0012898172628745775,-0.001030238663961457,0.04992947690741651,1.0,1,77.94088888168335
1.0,0.8333333134651184,,0.0,0.598423432514948,0.4632524269335269,4.702407076779534,0.4632524269335269,,1.0,0.7179524302482605,1.6018308401107788,0.6941176652908325,1.069906,1.4093676,-0.0017771268481000927,-0.019811956078699563,0.04853391680702637,1.0,1,20.825895071029663
1.0,0.7281553149223328,,0.0,0.49301311433315276,0.34923377320938426,3.6948247480392458,0.34923377320938426,,1.0,0.844525158405304,1.4905072450637817,0.8133333325386047,1.0551155,1.1919255,0.00019658446473535719,0.0023489008142738646,0.031688199191318746,1.0,1,82.09029507637024
