model_returned_smth,valid_cf_disc,dissimilarity_proximity_categorical_hamming,dissimilarity_proximity_categorical_jaccard,dissimilarity_proximity_continuous_manhatan,dissimilarity_proximity_continuous_euclidean,dissimilarity_proximity_continuous_mad,distance_l2_jaccard,distance_mad_hamming,sparsity,flow_log_density_cfs,flow_log_density_xs,flow_prob_condition_acc,lof_scores_xs,lof_scores_cfs,isolation_forest_scores_xs,isolation_forest_scores_cfs,plausibility,cf_belongs_to_group,K_vectors,time
1.0,0.8611111044883728,,0.0,0.648123262393769,0.45958984780124174,4.614024208438012,0.45958984780124174,,1.0,-1.7448313236236572,1.5431606769561768,0.301075279712677,1.0378119,1.3635019,0.0028909804358039355,-0.004400571517457844,0.05758147004143314,1.0,1,41.361531019210815
1.0,0.9611650705337524,,0.0,0.7244343742201425,0.5128337920848761,5.983811551874334,0.5128337920848761,,1.0,-1.1890027523040771,1.3738664388656616,0.34343433380126953,1.0731748,1.4296895,0.003861861938178885,-0.017476098773061676,0.04638507686064697,1.0,1,58.32578492164612
1.0,0.907216489315033,,0.0,0.6872760606704766,0.4965942200787616,4.54860295490785,0.4965942200787616,,1.0,-0.6093172430992126,1.4419596195220947,0.3295454680919647,1.0632604,1.2951336,-1.8850945178018135e-06,-0.015169607557374275,0.04668981984992455,1.0,1,68.2051100730896
1.0,0.9038461446762085,,0.0,0.6556406319525311,0.46385403701903216,4.70442008972168,0.46385403701903216,,1.0,-0.9695302844047546,1.4649419784545898,0.40425533056259155,1.0664157,1.3540776,0.0003264332190013784,-0.005106081131481451,0.04754013960840343,1.0,1,23.94351100921631
1.0,0.8235294222831726,,0.0,0.5880558783454555,0.4160529894193538,4.802290399869283,0.4160529894193538,,1.0,-1.6774967908859253,1.412813425064087,0.4166666567325592,1.0501333,1.3502814,1.8257731835935814e-05,0.006691199892791528,0.04686719227836244,1.0,1,34.29269599914551
