model_returned_smth,valid_cf_disc,dissimilarity_proximity_categorical_hamming,dissimilarity_proximity_categorical_jaccard,dissimilarity_proximity_continuous_manhatan,dissimilarity_proximity_continuous_euclidean,dissimilarity_proximity_continuous_mad,distance_l2_jaccard,distance_mad_hamming,sparsity,flow_log_density_cfs,flow_log_density_xs,flow_prob_condition_acc,lof_scores_xs,lof_scores_cfs,isolation_forest_scores_xs,isolation_forest_scores_cfs,plausibility,cf_belongs_to_group,K_vectors,time
1.0,0.9902912378311157,,0.0,0.3320680516349681,0.2614445011186367,2.4371118545532227,0.2614445011186367,,1.0,1.332817554473877,1.5431201457977295,1.0,1.0394638,1.048884,-5.3332945205911706e-05,0.021599273944532798,0.0153534346172319,1.0,103,6.744301080703735
1.0,0.9805825352668762,,0.0,0.3407363721566035,0.261027350440019,2.779250198071546,0.261027350440019,,1.0,1.385903239250183,1.3904459476470947,1.0,1.0788771,1.0009217,0.003063094114505692,0.029519602661105024,0.020374350389888447,1.0,103,8.708753108978271
1.0,0.9903846383094788,,0.0,0.3235287186542743,0.24963123570934928,1.8846526180656211,0.24963123570934928,,1.0,1.403993010520935,1.47109055519104,1.0,1.0574057,1.0532763,0.0010870695096336497,0.026004963688649557,0.017257508058047398,1.0,104,9.305634260177612
1.0,1.0,,0.0,0.33899846150626556,0.26704517868580707,1.9376188423119338,0.26704517868580707,,1.0,1.3549927473068237,1.5080724954605103,1.0,1.069906,1.0126723,-0.0017771268481000927,0.031066310138995877,0.014847015237039579,1.0,102,7.868363857269287
1.0,0.9901960492134094,,0.0,0.3345636647231508,0.25782278774232753,2.434349806001871,0.25782278774232753,,1.0,1.423452377319336,1.5319430828094482,1.0,1.0512108,1.0183911,0.0005078247774829162,0.021426059874653083,0.022461239736431465,1.0,102,15.931922197341919
