model_returned_smth,valid_cf_disc,dissimilarity_proximity_categorical_hamming,dissimilarity_proximity_categorical_jaccard,dissimilarity_proximity_continuous_manhatan,dissimilarity_proximity_continuous_euclidean,dissimilarity_proximity_continuous_mad,distance_l2_jaccard,distance_mad_hamming,sparsity,flow_log_density_cfs,flow_log_density_xs,flow_prob_condition_acc,lof_scores_xs,lof_scores_cfs,isolation_forest_scores_xs,isolation_forest_scores_cfs,plausibility,cf_belongs_to_group,K_vectors,time
1.0,1.0,,0.0,0.4428151422276248,0.31349794921718044,3.6251835632570013,0.31349794921718044,,1.0,-0.7845047116279602,1.5291587114334106,0.030927835032343864,1.0549963,1.3086308,-0.0043323067508711415,0.002383480385943923,0.07083171861571488,1.0,97,12.966246843338013
1.0,1.0,,0.0,0.4112952391562216,0.2911527027753907,2.890770752348152,0.2911527027753907,,1.0,-1.352771520614624,1.2810138463974,0.0784313753247261,1.0958778,1.3752137,-0.006062691882773934,-0.0028251961091208303,0.04616030919684353,1.0,102,12.314350843429565
1.0,1.0,,0.0,0.42454851120042064,0.3004719821191767,3.093559738110613,0.3004719821191767,,1.0,-1.2294481992721558,1.4786648750305176,0.07407407462596893,1.030173,1.3229239,0.008413109101179896,0.005577451943598178,0.061065900024243405,1.0,108,12.259330034255981
1.0,1.0,,0.0,0.4034148779614727,0.2857239135236318,3.093247386488584,0.2857239135236318,,1.0,-1.2837716341018677,1.4238361120224,0.049504950642585754,1.0533117,1.3336369,0.0052539770349651115,0.00399643576766371,0.05024307697372903,1.0,101,12.84251618385315
1.0,1.0,,0.0,0.38989489255290405,0.27617223027360577,3.0473555417037477,0.27617223027360577,,1.0,-0.9512555599212646,1.4558825492858887,0.06862745434045792,1.0445873,1.282756,0.009999847052448588,0.004602913253476915,0.043735651070579126,1.0,102,12.78527021408081
