model_returned_smth,valid_cf_disc,dissimilarity_proximity_categorical_hamming,dissimilarity_proximity_categorical_jaccard,dissimilarity_proximity_continuous_manhatan,dissimilarity_proximity_continuous_euclidean,dissimilarity_proximity_continuous_mad,distance_l2_jaccard,distance_mad_hamming,sparsity,flow_log_density_cfs,flow_log_density_xs,flow_prob_condition_acc,lof_scores_xs,lof_scores_cfs,isolation_forest_scores_xs,isolation_forest_scores_cfs,plausibility,cf_belongs_to_group,K_vectors,time
1.0,1.0,,0.0,0.3983907114608748,0.2996887680805704,2.994234397800432,0.2996887680805704,,1.0,0.27261844277381897,1.4738291501998901,0.37037035822868347,1.0378119,1.1860441,0.0028909804358039355,0.013603226968713465,0.05318333334429744,1.0,15,97.54586601257324
1.0,1.0,,0.0,0.3640359320035837,0.27140255314670136,3.16439404562839,0.27140255314670136,,1.0,-0.595635712146759,1.3433787822723389,0.03883495181798935,1.0731748,1.2349099,0.003861861938178885,0.0053806002567221515,0.03984857383912119,1.0,12,97.34496903419495
1.0,1.0,,0.0,0.38117187921337053,0.2825619190929296,2.7437410918400458,0.2825619190929296,,1.0,-0.14523954689502716,1.4041259288787842,0.1340206116437912,1.0632604,1.3007369,-1.8850945178018135e-06,0.004253717710786593,0.06918534443693346,1.0,13,89.05433225631714
1.0,1.0,,0.0,0.3529228087001964,0.2666525750869316,2.553702261728736,0.2666525750869316,,1.0,-0.09164343774318695,1.4843686819076538,0.19230769574642181,1.0664157,1.3197544,0.0003264332190013784,0.001219173629716298,0.03798782118935429,1.0,13,94.67336511611938
1.0,1.0,,0.0,0.36791440340525966,0.2789312353469005,3.0381664689265047,0.2789312353469005,,1.0,0.2734125852584839,1.4097154140472412,0.09803921729326248,1.0501333,1.2426257,1.8257731835935814e-05,0.0011376405935927482,0.04878541977795435,1.0,11,89.32755422592163
