model_returned_smth,valid_cf_disc,dissimilarity_proximity_categorical_hamming,dissimilarity_proximity_categorical_jaccard,dissimilarity_proximity_continuous_manhatan,dissimilarity_proximity_continuous_euclidean,dissimilarity_proximity_continuous_mad,distance_l2_jaccard,distance_mad_hamming,sparsity,flow_log_density_cfs,flow_log_density_xs,flow_prob_condition_acc,lof_scores_xs,lof_scores_cfs,isolation_forest_scores_xs,isolation_forest_scores_cfs,plausibility,cf_belongs_to_group,K_vectors,time
1.0,1.0,,0.0,0.564155487691837,0.418898769924271,4.1912086107940585,0.418898769924271,,1.0,1.376995325088501,1.4738291501998901,1.0,1.0378119,1.0103416,0.0028909804358039355,0.032751660695912184,0.028847176739449136,1.0,108,80.26359295845032
1.0,1.0,,0.0,0.3916290014331202,0.3196516720713309,3.421551331154351,0.3196516720713309,,1.0,1.304494023323059,1.3433787822723389,1.0,1.0731748,1.0044011,0.003861861938178885,0.030596949142395923,0.015036166500809262,1.0,103,61.311330795288086
1.0,1.0,,0.0,0.4067103752719968,0.3309338279317612,2.926619396074531,0.3309338279317612,,1.0,1.266514539718628,1.4041259288787842,1.0,1.0632604,1.0025055,-1.8850945178018135e-06,0.03887278030713264,0.02811013705516509,1.0,97,77.73557710647583
1.0,1.0,,0.0,0.5217888051847694,0.3907482302394023,3.7024887066621046,0.3907482302394023,,1.0,1.176041841506958,1.4843686819076538,1.0,1.0664157,1.0600587,0.0003264332190013784,0.01774644663110184,0.02111289016901486,1.0,104,50.768486738204956
1.0,1.0,,0.0,0.38941286124435126,0.31316976085826786,3.183225500817392,0.31316976085826786,,1.0,1.1772013902664185,1.4097154140472412,1.0,1.0501333,0.9797918,1.8257731835935814e-05,0.018592406570772373,0.007918193822064072,1.0,102,46.46091103553772
