model_returned_smth,valid_cf_disc,dissimilarity_proximity_categorical_hamming,dissimilarity_proximity_categorical_jaccard,dissimilarity_proximity_continuous_manhatan,dissimilarity_proximity_continuous_euclidean,dissimilarity_proximity_continuous_mad,distance_l2_jaccard,distance_mad_hamming,sparsity,flow_log_density_cfs,flow_log_density_xs,flow_prob_condition_acc,lof_scores_xs,lof_scores_cfs,isolation_forest_scores_xs,isolation_forest_scores_cfs,plausibility,cf_belongs_to_group,K_vectors,time
1.0,1.0,,0.0,0.5184520807370598,0.4089219358548316,3.9746890886157167,0.4089219358548316,,1.0,-1.5774084329605103,1.5431201457977295,0.3333333432674408,1.0393983,1.3835127,0.0004266122988019526,-0.0064240866455143805,0.051000603477708094,1.0,17,25.55715799331665
1.0,1.0,,0.0,0.5140113303547397,0.39864330778193074,4.049492817299039,0.39864330778193074,,1.0,-4.816576957702637,1.3847354650497437,0.3529411852359772,1.07623,1.5617757,0.003133032004896392,-0.018180688456283525,0.06256062431104324,1.0,18,22.692267656326294
1.0,1.0,,0.0,0.47519628332760544,0.3714324502192032,2.9833610462910922,0.3714324502192032,,1.0,-27.29037094116211,1.47109055519104,0.24271844327449799,1.0579494,1.6985624,0.0011889732076440253,-0.020462765899068033,0.0863300536934377,1.0,15,33.96165704727173
1.0,1.0,,0.0,0.3424947956090738,0.262842531711055,1.9937888979911804,0.262842531711055,,1.0,-2.2689168453216553,1.5080724954605103,0.04901960864663124,1.069906,1.5842937,-0.0017771268481000927,-0.012395289120454714,0.06737203587516294,1.0,14,111.11697793006897
1.0,1.0,,0.0,0.43414275947154735,0.3245477834162304,3.3078514875150193,0.3245477834162304,,1.0,-0.4138496220111847,1.5029988288879395,0.30392158031463623,1.0506406,1.3392682,0.0013054835802741131,-0.002792722858827472,0.04560696051550719,1.0,19,38.97026300430298
