model_returned_smth,valid_cf_disc,dissimilarity_proximity_categorical_hamming,dissimilarity_proximity_categorical_jaccard,dissimilarity_proximity_continuous_manhatan,dissimilarity_proximity_continuous_euclidean,dissimilarity_proximity_continuous_mad,distance_l2_jaccard,distance_mad_hamming,sparsity,flow_log_density_cfs,flow_log_density_xs,flow_prob_condition_acc,lof_scores_xs,lof_scores_cfs,isolation_forest_scores_xs,isolation_forest_scores_cfs,plausibility,cf_belongs_to_group,K_vectors,time
1.0,1.0,,0.0,0.5101951321097302,0.3839097940664397,4.266061832609865,0.3839097940664397,,1.0,1.2823066711425781,1.5291587114334106,0.7422680258750916,1.0549963,1.0570487,-0.0043323067508711415,0.025962092494830943,0.03256325418167821,0.9896907216494846,18,121.67684769630432
1.0,0.9901960492134094,,0.0,0.5627105772900994,0.42829113264004226,3.906120225934699,0.42829113264004226,,1.0,1.436079978942871,1.2749255895614624,0.9207921028137207,1.0958778,1.0890445,-0.006062691882773934,0.02636377692602746,0.022198005594487057,1.0,33,65.4975278377533
1.0,1.0,,0.0,0.5650218081352284,0.42343412336815417,4.202881989655672,0.42343412336815417,,1.0,1.4516878128051758,1.4786648750305176,0.9166666865348816,1.030173,1.0971268,0.008413109101179896,0.028124962741314326,0.027661089934522654,1.0,27,35.473816871643066
1.0,0.7128713130950928,,0.0,0.4095887230295274,0.32081493565323893,3.2239443245861263,0.32081493565323893,,1.0,0.9318453669548035,1.328739881515503,0.6111111044883728,1.0533117,1.1580095,0.0052539770349651115,0.015841552087740227,0.034870989863772205,1.0,30,73.42249083518982
1.0,1.0,,0.0,0.5363112529557125,0.4010569061129747,4.390166133057837,0.4010569061129747,,1.0,1.3561331033706665,1.4558825492858887,0.9411764740943909,1.0445873,1.0401607,0.009999847052448588,0.021667668222105342,0.023314927777091512,1.0,20,66.58535385131836
