,precision,recall,f1-score,support
0,0.8787878787878788,0.8446601941747572,0.8613861386138614,103.0
1,0.8490566037735849,0.8823529411764706,0.8653846153846154,102.0
accuracy,0.8634146341463415,0.8634146341463415,0.8634146341463415,0.8634146341463415
macro avg,0.8639222412807319,0.863506567675614,0.8633853769992383,205.0
weighted avg,0.8639947565856448,0.8634146341463415,0.8633756246168707,205.0
