model_returned_smth,valid_cf_disc,dissimilarity_proximity_categorical_hamming,dissimilarity_proximity_categorical_jaccard,dissimilarity_proximity_continuous_manhatan,dissimilarity_proximity_continuous_euclidean,dissimilarity_proximity_continuous_mad,distance_l2_jaccard,distance_mad_hamming,sparsity,flow_log_density_cfs,flow_log_density_xs,flow_prob_condition_acc,lof_scores_xs,lof_scores_cfs,isolation_forest_scores_xs,isolation_forest_scores_cfs,time
1.0,0.4333333373069763,,0.0,6.913723744857961,1.8459400816376872,23.370624793434644,1.8459400816376872,,0.24248798076923078,-417.251220703125,37.94752883911133,0.012820512987673283,1.0434062,1.4364898,0.020464478122203998,-0.05806697146804394,1345.807017326355
1.0,0.4277777671813965,,0.0,6.265363185533455,1.745270879850322,21.607020957838518,1.745270879850322,,0.23508522727272727,-595.4700317382812,40.04254150390625,0.025974025949835777,1.0568944,1.4413729,0.010775197034257326,-0.056589366401380695,1263.8140149116516
1.0,0.4289693534374237,,0.0,6.555520263052993,1.8105943973187486,20.972430810139823,1.8105943973187486,,0.2481737012987013,-488.5323181152344,32.196449279785156,0.0,1.0522075,1.4639657,0.013428328030361517,-0.06880037742983455,1213.8818895816803
1.0,0.3955431878566742,,0.0,6.527402976134294,1.8037774456388138,20.775087851975275,1.8037774456388138,,0.24031690140845072,-455.1993408203125,38.75543212890625,0.007042253389954567,1.0394866,1.4419217,0.02295437620682947,-0.059204647253036424,1233.1920845508575
1.0,0.4261838495731354,,0.0,5.457022450377349,1.6196279959394821,13.737870074870385,1.6196279959394821,,0.2107843137254902,-451.3980407714844,42.642784118652344,0.006535947788506746,1.0483919,1.4227128,0.019671973525184162,-0.05361503530062638,1245.998596906662
