model_returned_smth,valid_cf_disc,dissimilarity_proximity_categorical_hamming,dissimilarity_proximity_categorical_jaccard,dissimilarity_proximity_continuous_manhatan,dissimilarity_proximity_continuous_euclidean,dissimilarity_proximity_continuous_mad,distance_l2_jaccard,distance_mad_hamming,sparsity,flow_log_density_cfs,flow_log_density_xs,flow_prob_condition_acc,lof_scores_xs,lof_scores_cfs,isolation_forest_scores_xs,isolation_forest_scores_cfs,time
1.0,1.0,,0.0,3.007250104917006,1.021819172138839,9.891189589857252,1.021819172138839,,0.20130208333333333,-65.41270446777344,36.3851318359375,0.01666666753590107,1.0434062,1.2166924,0.020464478122203998,-0.027064849753796652,838.0436398983002
1.0,1.0,,0.0,2.915889377809233,1.0119040597071713,8.254297066978854,1.0119040597071713,,0.190625,-83.90055084228516,32.4938850402832,0.013888888992369175,1.0568944,1.2295666,0.010775197034257326,-0.03310924229012798,837.3103692531586
1.0,1.0,,0.0,3.266025335437159,1.0835902667290918,12.174533294182492,1.0835902667290918,,0.20303795264623956,-107.43814086914062,32.42351150512695,0.016713092103600502,1.0522075,1.248015,0.013428328030361517,-0.04021959000774177,833.5010440349579
1.0,1.0,,0.0,3.1043827762220233,1.0583819853088996,9.34733132885135,1.0583819853088996,,0.19842444289693592,-76.48590850830078,40.37196350097656,0.011142061091959476,1.0394866,1.2161411,0.02295437620682947,-0.02758290155503791,900.0780003070831
0.9972144846796658,0.9078212380409241,,0.0,14.098317102835729,2.7158172099973887,50.31609459682494,2.7158172099973887,,0.5607211538461538,-100.6044921875,37.040828704833984,0.015384615398943424,1.0483919,1.2143592,0.019671973525184162,-0.027605645250831697,851.3413248062134
