model_returned_smth,valid_cf_disc,dissimilarity_proximity_categorical_hamming,dissimilarity_proximity_categorical_jaccard,dissimilarity_proximity_continuous_manhatan,dissimilarity_proximity_continuous_euclidean,dissimilarity_proximity_continuous_mad,distance_l2_jaccard,distance_mad_hamming,sparsity,flow_log_density_cfs,flow_log_density_xs,flow_prob_condition_acc,lof_scores_xs,lof_scores_cfs,isolation_forest_scores_xs,isolation_forest_scores_cfs,time
1.0,0.980555534362793,,0.0,3.007250104917006,1.021819172138839,9.891189589857252,1.021819172138839,,0.20130208333333333,-56.427345275878906,36.3851318359375,0.02222222276031971,1.0338104,1.0721587,0.03136567703129385,-0.01539143130890482,838.0436398983002
1.0,0.9722222089767456,,0.0,2.915889377809233,1.0119040597071713,8.254297066978854,1.0119040597071713,,0.190625,-75.05725860595703,32.4938850402832,0.02777777798473835,1.0349629,1.0718713,0.01887595073261217,-0.029507493593615555,837.3103692531586
1.0,0.961002767086029,,0.0,3.266025335437159,1.0835902667290918,12.174533294182492,1.0835902667290918,,0.20303795264623956,-89.79608917236328,32.42351150512695,0.016713092103600502,1.0328009,1.0750034,0.014983760939203939,-0.039697308964526425,833.5010440349579
1.0,0.9721448421478271,,0.0,3.1043827762220233,1.0583819853088996,9.34733132885135,1.0583819853088996,,0.19842444289693592,-67.40491485595703,40.37196350097656,0.03064066916704178,1.0339456,1.0729076,0.018170282539861936,-0.027329679692514788,900.0780003070831
0.9972144846796658,0.9748603105545044,,0.0,2.803605701576648,0.9933969138089374,8.057493854410225,0.9933969138089374,,0.18322276536312848,-76.94426727294922,37.38568115234375,0.03351955488324165,1.0349684,1.0706915,0.0196006219675686,-0.025856616885514144,851.3413248062134
