model_returned_smth,valid_cf_disc,dissimilarity_proximity_categorical_hamming,dissimilarity_proximity_categorical_jaccard,dissimilarity_proximity_continuous_manhatan,dissimilarity_proximity_continuous_euclidean,dissimilarity_proximity_continuous_mad,distance_l2_jaccard,distance_mad_hamming,sparsity,flow_log_density_cfs,flow_log_density_xs,flow_prob_condition_acc,lof_scores_xs,lof_scores_cfs,isolation_forest_scores_xs,isolation_forest_scores_cfs,time
1.0,1.0,,0.0,3.9243867645040154,1.4018350911159112,17.029293524842647,1.4018350911159112,,0.16627604166666668,-25.507768630981445,36.3851318359375,0.05833333358168602,1.0434062,1.3020382,0.020464478122203998,-0.01752595955527596,5461.92653799057
0.9916666666666667,1.0,,0.0,3.980770866263981,1.4188886531358853,13.119577594507737,1.4188886531358853,,0.16583508403361344,-53.62433624267578,32.33603286743164,0.03361344709992409,1.0568944,1.3258014,0.010775197034257326,-0.02594487567591573,5423.816792964935
0.9972144846796658,1.0,,0.0,4.055646752116567,1.4499885063230424,17.876947664236557,1.4499885063230424,,0.16685579608938547,-37.882972717285156,32.44681930541992,0.02793296054005623,1.0522075,1.326022,0.013428328030361517,-0.02646303624330166,5473.8615181446075
1.0,1.0,,0.0,4.285031401461462,1.4845821380302755,15.44178013283011,1.4845821380302755,,0.1756615598885794,-45.84941482543945,40.37196350097656,0.016713092103600502,1.0394866,1.3229309,0.02295437620682947,-0.018597410872408675,5443.180495262146
1.0,1.0,,0.0,4.116237204480387,1.4386932636085794,16.01864817217167,1.4386932636085794,,0.17087395543175488,-34.36198425292969,37.31368637084961,0.03064066916704178,1.0483919,1.311067,0.019671973525184162,-0.02010522435015216,5456.347718000412
