,precision,recall,f1-score,support
0,0.7408163265306122,0.7069133398247323,0.7234678624813154,1027.0
1,0.6971830985915493,0.7317845828933475,0.714064914992272,947.0
accuracy,0.7188449848024316,0.7188449848024316,0.7188449848024316,0.7188449848024316
macro avg,0.7189997125610808,0.7193489613590398,0.7187663887367937,1974.0
weighted avg,0.7198838711819331,0.7188449848024316,0.7189569246534917,1974.0
