,model_returned_smth,valid_cf_disc,dissimilarity_proximity_categorical_hamming,dissimilarity_proximity_categorical_jaccard,dissimilarity_proximity_continuous_manhatan,dissimilarity_proximity_continuous_euclidean,dissimilarity_proximity_continuous_mad,distance_l2_jaccard,distance_mad_hamming,sparsity,flow_log_density_cfs,flow_log_density_xs,flow_prob_condition_acc,lof_scores_xs,lof_scores_cfs,isolation_forest_scores_xs,isolation_forest_scores_cfs,plausibility,cf_belongs_to_group,K_vectors
0,1.0,1.0,,0.0,0.3290604884558193,0.25623537797665186,1.9101330263941896,0.25623537797665186,,1.0,1.2859512567520142,1.511526346206665,0.4901960790157318,1.050365,1.0663594,0.003002345303633918,0.019614623724324237,0.024063699097311632,0.8137254901960784,13
1,1.0,0.9607843160629272,,0.0,0.3674250170422186,0.28373028556463076,2.244398193699973,0.28373028556463076,,1.0,1.217342734336853,1.5002578496932983,0.27551019191741943,1.050365,1.0894835,0.003002345303633918,0.010332265179517687,0.027024154541556662,0.8921568627450981,3
2,1.0,0.8235294222831726,,0.0,0.4755303373454981,0.337875875040168,3.2386742461295355,0.337875875040168,,1.0,0.9358323216438293,1.5241771936416626,0.5595238208770752,1.050365,1.1521132,0.003002345303633918,-0.0018693865606071278,0.033549081853123504,1.0,1
