,precision,recall,f1-score,support
0,0.7926267281105991,0.7747747747747747,0.7835990888382688,222.0
1,0.7797356828193832,0.7972972972972973,0.7884187082405345,222.0
accuracy,0.786036036036036,0.786036036036036,0.786036036036036,0.786036036036036
macro avg,0.7861812054649912,0.786036036036036,0.7860088985394016,444.0
weighted avg,0.7861812054649912,0.786036036036036,0.7860088985394016,444.0
