,precision,recall,f1-score,support
0,0.7763713080168776,0.8288288288288288,0.8017429193899782,222.0
1,0.8164251207729468,0.7612612612612613,0.7878787878787878,222.0
accuracy,0.795045045045045,0.795045045045045,0.795045045045045,0.795045045045045
macro avg,0.7963982143949122,0.795045045045045,0.794810853634383,444.0
weighted avg,0.7963982143949122,0.795045045045045,0.7948108536343831,444.0
