model_returned_smth,valid_cf_disc,dissimilarity_proximity_categorical_hamming,dissimilarity_proximity_categorical_jaccard,dissimilarity_proximity_continuous_manhatan,dissimilarity_proximity_continuous_euclidean,dissimilarity_proximity_continuous_mad,distance_l2_jaccard,distance_mad_hamming,sparsity,flow_log_density_cfs,flow_log_density_xs,flow_prob_condition_acc,lof_scores_xs,lof_scores_cfs,isolation_forest_scores_xs,isolation_forest_scores_cfs,time
0.9369024856596558,1.0,,0.0,0.5249215184862972,0.2983616582255517,12.65507484923632,0.2983616582255517,,0.16211180124223604,6.447244644165039,27.166528701782227,0.09744898229837418,1.0955427,1.3538772,0.05840305597250849,0.0413336892893425,14932.994203090668
0.9478967495219885,1.0,,0.0,0.4114540765743911,0.2758482661238385,7.56309224376714,0.2758482661238385,,0.11105264311868272,11.557531356811523,28.031225204467773,0.10892587155103683,1.0991632,1.3380615,0.05874283176059673,0.050819703532030656,14612.32685303688
