model_returned_smth,valid_cf_disc,dissimilarity_proximity_categorical_hamming,dissimilarity_proximity_categorical_jaccard,dissimilarity_proximity_continuous_manhatan,dissimilarity_proximity_continuous_euclidean,dissimilarity_proximity_continuous_mad,distance_l2_jaccard,distance_mad_hamming,sparsity,flow_log_density_cfs,flow_log_density_xs,flow_prob_condition_acc,lof_scores_xs,lof_scores_cfs,isolation_forest_scores_xs,isolation_forest_scores_cfs,time
1.0,1.0,,0.0,0.31334168177025024,0.18775654971930394,20.526330272622655,0.18775654971930394,,0.18052207166015463,11.599984169006348,28.393930435180664,0.06166347861289978,1.0720919,1.1000063,0.061397872218014286,0.03001453264438589,1646.5943620204926
1.0,1.0,,0.0,0.3347795766933659,0.1981180575018739,19.36017763429506,0.1981180575018739,,0.19725247318979133,13.339308738708496,28.9659481048584,0.08078394085168839,1.0731169,1.1025339,0.059285999875776596,0.019865003760609096,1633.518814086914
1.0,1.0,,0.0,0.31920160299472433,0.1880219312287251,19.69386565348569,0.1880219312287251,,0.1952157286557486,14.954419136047363,29.20304298400879,0.08317399770021439,1.0751946,1.0992422,0.06176900873835522,0.026230909215475995,1632.6535301208496
1.0,1.0,,0.0,0.36159190599072943,0.18986455882488948,19.034906245533964,0.18986455882488948,,0.2336644775126777,13.985032081604004,28.15462875366211,0.05975143238902092,1.0693157,1807.0782,0.06587393925772615,0.023971177994442813,1631.2805111408234
1.0,1.0,,0.0,0.4415288288827713,0.2292501719736265,10.30921008049408,0.2292501719736265,,0.2309899569583931,7.988574504852295,28.643457412719727,0.08560497313737869,1.0762515,1.1096522,0.05494314891815552,0.02094426347846617,1651.7475702762604
