model_returned_smth,valid_cf_disc,dissimilarity_proximity_categorical_hamming,dissimilarity_proximity_categorical_jaccard,dissimilarity_proximity_continuous_manhatan,dissimilarity_proximity_continuous_euclidean,dissimilarity_proximity_continuous_mad,distance_l2_jaccard,distance_mad_hamming,sparsity,flow_log_density_cfs,flow_log_density_xs,flow_prob_condition_acc,lof_scores_xs,lof_scores_cfs,isolation_forest_scores_xs,isolation_forest_scores_cfs,time
1.0,0.7141491174697876,,0.0,0.33049522090238476,0.19020009940093144,21.327055870659397,0.19020009940093144,,0.1861750768974977,11.897903442382812,28.393930435180664,0.06883364915847778,1.0723305,1.1006545,0.06317608663150681,0.0223725276290443,4967.038259267807
1.0,0.7198852896690369,,0.0,0.3473752054597748,0.20062921508166484,20.43498591657181,0.20062921508166484,,0.1952157286557486,13.382003784179688,28.9659481048584,0.0750477984547615,1.0731643,5296.045,0.06009339574371896,0.023172756478472962,4850.490623950958
1.0,0.7227533459663391,,0.0,0.337163161351942,0.18975466228598684,20.93249865923765,0.18975466228598684,,0.20103499875301356,15.316119194030762,29.20304298400879,0.08938814699649811,1.0753435,1.0995673,0.06643184782181932,0.028161172996823088,4924.279707193375
1.0,0.7294455170631409,,0.0,0.3694279354041617,0.19308479823042052,19.736254100900183,0.19308479823042052,,0.23615845041150552,13.74187183380127,28.15462875366211,0.06214149296283722,1.0693223,1.1019655,0.0633138575762549,0.024988557249914164,4871.196534156799
1.0,0.7001434564590454,,0.0,0.4731772218041197,0.23239699448405438,11.732673383146178,0.23239699448405438,,0.25469403031626225,8.370573043823242,28.643457412719727,0.08130080997943878,1.0763315,994.59814,0.05925921081672828,0.02363816837155841,4910.649636507034
