model_returned_smth,valid_cf_disc,dissimilarity_proximity_categorical_hamming,dissimilarity_proximity_categorical_jaccard,dissimilarity_proximity_continuous_manhatan,dissimilarity_proximity_continuous_euclidean,dissimilarity_proximity_continuous_mad,distance_l2_jaccard,distance_mad_hamming,sparsity,flow_log_density_cfs,flow_log_density_xs,flow_prob_condition_acc,lof_scores_xs,lof_scores_cfs,isolation_forest_scores_xs,isolation_forest_scores_cfs,time
1.0,0.8436902761459351,,0.0,1.285262016423453,0.5777685773815289,32.64719803497354,0.5777685773815289,,0.30782116024140904,-77.65351104736328,28.59031867980957,0.01643059402704239,1.0955427,844201000.0,0.05840305597250849,-0.0075019511526342115,7065.192804098129
0.9995219885277247,0.8536585569381714,,0.0,1.1698195947073948,0.5340414869129688,29.97842453660259,0.5340414869129688,,0.30149799050054804,-21.658626556396484,29.29909896850586,0.012885154224932194,1.0991632,574366600.0,0.05874283176059673,-0.0037796684846169116,6906.721372127533
1.0,0.850382387638092,,0.0,1.2464464891158404,0.5605727159964106,30.449190290867012,0.5605727159964106,,0.294425299997556,-107.78427124023438,29.231063842773438,0.017987633123993874,1.0838189,843353100.0,0.06453510617828218,-0.0011711539476393252,6867.764072418213
1.0,0.8527724742889404,,0.0,1.199244640775405,0.5481739481206973,26.96944646145649,0.5481739481206973,,0.2904562292844609,-174.7853546142578,28.272449493408203,0.014573991298675537,1.1004517,675729340.0,0.05603865157241954,-0.007759809656673863,6962.701249837875
1.0,0.8833094239234924,,0.0,1.7127686087274672,0.6950366273956997,35.92014460539431,0.6950366273956997,,0.36086721122384124,-65.07733917236328,28.731170654296875,0.011369789019227028,1.0954825,917994200.0,0.05428933372554246,-0.023901775341196706,6889.851963758469
