model_returned_smth,valid_cf_disc,dissimilarity_proximity_categorical_hamming,dissimilarity_proximity_categorical_jaccard,dissimilarity_proximity_continuous_manhatan,dissimilarity_proximity_continuous_euclidean,dissimilarity_proximity_continuous_mad,distance_l2_jaccard,distance_mad_hamming,sparsity,flow_log_density_cfs,flow_log_density_xs,flow_prob_condition_acc,lof_scores_xs,lof_scores_cfs,isolation_forest_scores_xs,isolation_forest_scores_cfs,time
1.0,1.0,,0.0,0.33049522090238476,0.19020009940093144,21.327055870659397,0.19020009940093144,,0.1861750768974977,11.455224990844727,28.393930435180664,0.06739962100982666,1.0955427,263401580.0,0.05840305597250849,0.020360711405545857,6158.564324346962
1.0,1.0,,0.0,0.3473752054597748,0.20062921508166484,20.43498591657181,0.20062921508166484,,0.1952157286557486,13.200723648071289,28.9659481048584,0.07600382715463638,1.0991632,220779660.0,0.05874283176059673,0.020941351982068365,6243.844351326248
1.0,1.0,,0.0,0.337163161351942,0.18975466228598684,20.93249865923765,0.18975466228598684,,0.20103499875301356,14.810990333557129,29.20304298400879,0.08891013264656067,1.0838189,252152370.0,0.06453510617828218,0.02785924042211631,6343.877265326248
1.0,1.0,,0.0,0.3694279354041617,0.19308479823042052,19.736254100900183,0.19308479823042052,,0.23615845041150552,13.263816833496094,28.15462875366211,0.05736137554049492,1.1004517,200414700.0,0.05603865157241954,0.017462238752957167,6093.103976877265
1.0,1.0,,0.0,0.4731772218041197,0.23239699448405438,11.732673383146178,0.23239699448405438,,0.25469403031626225,8.364787101745605,28.643457412719727,0.08225729316473007,1.0954825,305357900.0,0.05428933372554246,0.016155618541084552,6620.423261345713
