model_returned_smth,valid_cf_disc,dissimilarity_proximity_categorical_hamming,dissimilarity_proximity_categorical_jaccard,dissimilarity_proximity_continuous_manhatan,dissimilarity_proximity_continuous_euclidean,dissimilarity_proximity_continuous_mad,distance_l2_jaccard,distance_mad_hamming,sparsity,flow_log_density_cfs,flow_log_density_xs,flow_prob_condition_acc,lof_scores_xs,lof_scores_cfs,isolation_forest_scores_xs,isolation_forest_scores_cfs,time
1.0,1.0,,0.0,0.31334168177025024,0.18775654971930394,20.526330272622655,0.18775654971930394,,0.18052207166015463,11.599979400634766,28.393930435180664,0.06166347861289978,1.0955427,265405330.0,0.05840305597250849,0.02110846207438915,1646.5943620204926
1.0,1.0,,0.0,0.3347795766933659,0.1981180575018739,19.36017763429506,0.1981180575018739,,0.19725247318979133,13.33930778503418,28.9659481048584,0.08078394085168839,1.0991632,220560780.0,0.05874283176059673,0.025602648234696754,1633.518814086914
1.0,1.0,,0.0,0.31920160299472433,0.1880219312287251,19.69386565348569,0.1880219312287251,,0.1952157286557486,14.954419136047363,29.20304298400879,0.08317399770021439,1.0838189,254482130.0,0.06453510617828218,0.030979767833027645,1632.6535301208496
1.0,1.0,,0.0,0.36159190599072943,0.18986455882488948,19.034906245533964,0.18986455882488948,,0.2336644775126777,13.985033988952637,28.15462875366211,0.05975143238902092,1.1004517,203077170.0,0.05603865157241954,0.017368098750987042,1631.2805111408234
1.0,1.0,,0.0,0.4415288288827713,0.2292501719736265,10.30921008049408,0.2292501719736265,,0.2309899569583931,7.9885783195495605,28.643457412719727,0.08560497313737869,1.0954825,305340580.0,0.05428933372554246,0.017332145486619356,1651.7475702762604
