,train_ll,test_ll
0,-317.9810791015625,-399.2785339355469
