model_returned_smth,valid_cf_disc,dissimilarity_proximity_categorical_hamming,dissimilarity_proximity_categorical_jaccard,dissimilarity_proximity_continuous_manhatan,dissimilarity_proximity_continuous_euclidean,dissimilarity_proximity_continuous_mad,distance_l2_jaccard,distance_mad_hamming,sparsity,flow_log_density_cfs,flow_log_density_xs,flow_prob_condition_acc,lof_scores_xs,lof_scores_cfs,isolation_forest_scores_xs,isolation_forest_scores_cfs,time
1.0,tensor(0.0303),,0.0,0.5086017131606754,0.5046269964710619,9.5974030590156,0.5046269964710619,,0.08695652173913043,29.810972213745117,45.16411590576172,0.07575757801532745,192735.86,82.52025427350146,0.15187886011748247,0.12363287291655269,0.8879094123840332
1.0,tensor(0.0820),,0.0,0.9429250263425781,0.7000268037568033,4.623822288145901,0.7000268037568033,,0.08695652173913043,24.38438606262207,55.21937561035156,0.0,42831.56,118.53104969188449,0.15411834698258736,0.11061668738885909,0.606743574142456
1.0,tensor(0.0645),,0.0,0.6784080627436607,0.5759312826272124,202.87015026599474,0.5759312826272124,,0.08695652173913043,-84.93325805664062,51.42577362060547,0.0,22287508.0,229.13715353298173,0.16014158010361704,0.06543955687133944,0.4586355686187744
1.0,tensor(0.),,0.0,0.7008243128746132,0.5325419689082368,0.7008243128746132,0.5325419689082368,,0.08695652173913043,26.86813735961914,47.10210418701172,0.20338982343673706,158404.17,645655430.641823,0.1548411797082292,0.12288733584066548,0.8333842754364014
1.0,tensor(0.0339),,0.0,0.7238283910920951,0.6890614339099176,455.11976056941495,0.6890614339099176,,0.08695652173913043,-4.612133502960205,31.771541595458984,0.016949152573943138,441155.6,110.24839256952947,0.15876255196519515,0.09654574572488678,0.9131810665130615
