model_returned_smth,valid_cf_disc,dissimilarity_proximity_categorical_hamming,dissimilarity_proximity_categorical_jaccard,dissimilarity_proximity_continuous_manhatan,dissimilarity_proximity_continuous_euclidean,dissimilarity_proximity_continuous_mad,distance_l2_jaccard,distance_mad_hamming,sparsity,time
1.0,tensor(0.0648),0.0869565217391304,0.32072904603268976,0.596430120941512,0.5558830879315086,96.59127743867593,0.8766121339641983,96.67823396041506,0.08695652173913043,0.9658534526824951
1.0,tensor(0.0602),0.08695652173913043,0.32196701112363757,0.48882335628861145,0.45559174026592114,60.708280105497806,0.7775587513895588,60.79523662723694,0.08695652173913043,1.3299369812011719
1.0,tensor(0.0632),0.08695652173913043,0.35798476885433406,0.627020818513725,0.45656374557645557,44.76521224348624,0.8145485144307896,44.85216876522537,0.08695652173913043,0.9735279083251953
1.0,tensor(0.0800),0.08695652173913042,0.34823885003885,0.6150779629494445,0.43812860944336784,284.55297586362997,0.7863674594822179,284.6399323853691,0.08695652173913043,0.9691376686096191
1.0,tensor(0.0894),0.08695652173913042,0.34549195158951257,0.7961326730793181,0.5675827034534813,9780.191848714903,0.9130746550429938,9780.278805236643,0.08695652173913043,1.2625994682312012
