model_returned_smth,valid_cf_disc,dissimilarity_proximity_categorical_hamming,dissimilarity_proximity_categorical_jaccard,dissimilarity_proximity_continuous_manhatan,dissimilarity_proximity_continuous_euclidean,dissimilarity_proximity_continuous_mad,distance_l2_jaccard,distance_mad_hamming,sparsity,flow_log_density_cfs,flow_log_density_xs,flow_prob_condition_acc,lof_scores_xs,lof_scores_cfs,isolation_forest_scores_xs,isolation_forest_scores_cfs,time
1.0,tensor(1.),,0.0,0.43022685607746697,0.30466918048064195,53.416379427755196,0.30466918048064195,,0.08695652173913043,13.467763900756836,16.76333999633789,0.04477611929178238,189859.9,125.03237008697167,0.15290442766658321,0.12242761486312441,3.3864595890045166
1.0,tensor(1.),,0.0,0.29938139387635615,0.2762076450267912,1012.8369569698123,0.2762076450267912,,0.08695652173913043,-21.057405471801758,55.515625,0.032786883413791656,42833.242,120.04783213897706,0.15484304979999794,0.06842498819682834,3.212682008743286
1.0,tensor(1.),,0.0,0.27343933807884846,0.19910421610620413,19.521792026177707,0.19910421610620413,,0.08695652173913043,29.95598602294922,58.6728401184082,0.06666667014360428,231549.83,78.08339667594974,0.16218752170357445,0.12033374963199424,3.244084358215332
1.0,tensor(1.),,0.0,0.12830786386574242,0.09232470252237217,115.80001888749285,0.09232470252237217,,0.08695652173913043,8.789082527160645,14.931746482849121,0.0,150739.52,53.49070601354422,0.15235220430542223,0.06958669195019873,3.2290115356445312
1.0,tensor(1.),,0.0,0.41299417916235465,0.3734647988953179,113.47688834640456,0.3734647988953179,,0.08695652173913043,9.401771545410156,14.530715942382812,0.016949152573943138,441155.6,95.13906798973966,0.15901819046149335,0.10540845700858763,3.2690799236297607
