model_returned_smth,valid_cf_disc,dissimilarity_proximity_categorical_hamming,dissimilarity_proximity_categorical_jaccard,dissimilarity_proximity_continuous_manhatan,dissimilarity_proximity_continuous_euclidean,dissimilarity_proximity_continuous_mad,distance_l2_jaccard,distance_mad_hamming,sparsity,time
1.0,tensor(1.),0.08695652173913043,0.36446147994265143,0.6047451240577928,0.5287198130035565,90.9766007745785,0.893181292946208,91.06355729631763,0.08695652173913043,0.17941904067993164
1.0,tensor(1.),0.0869565217391304,0.3480354356387414,0.36589827106249706,0.26085794102048615,1533.0938008432604,0.6088933766592275,1533.1807573649996,0.08695652173913043,0.1741490364074707
1.0,tensor(1.),0.08695652173913042,0.35677628042773274,0.4082611773783347,0.2910595062946376,949.6479463513145,0.6478357867223703,949.7349028730537,0.08695652173913043,0.18788886070251465
1.0,tensor(1.),0.08695652173913042,0.32827443503673015,0.24296892736929745,0.24248014031240403,178.36852080318008,0.5707545753491342,178.4554773249192,0.08695652173913043,0.19155478477478027
1.0,tensor(1.),0.08695652173913042,0.3454303600645064,0.30349259974500603,0.21636739210203726,3728.292972439887,0.5617977521665436,3728.379928961626,0.08695652173913043,0.17597293853759766
