model_returned_smth,valid_cf_disc,dissimilarity_proximity_categorical_hamming,dissimilarity_proximity_categorical_jaccard,dissimilarity_proximity_continuous_manhatan,dissimilarity_proximity_continuous_euclidean,dissimilarity_proximity_continuous_mad,distance_l2_jaccard,distance_mad_hamming,sparsity,flow_log_density_cfs,flow_log_density_xs,flow_prob_condition_acc,lof_scores_xs,lof_scores_cfs,isolation_forest_scores_xs,isolation_forest_scores_cfs,time
1.0,tensor(1.),,0.0,0.28405382478263164,0.20683312928060416,43.441411510962304,0.20683312928060416,,0.08695652173913043,-35529.85546875,-14603.357421875,0.03125,198757.28,90.0073297113484,0.154862509539572,0.11672738048008525,0.14746308326721191
1.0,tensor(1.),,0.0,0.36851081271627967,0.3672873735477367,46.29872480977554,0.3672873735477367,,0.08695652173913043,-5063760.5,-93739.9140625,0.06666667014360428,43545.4,166.33604499891197,0.15520002016366147,0.11059974559663993,0.13129019737243652
1.0,tensor(1.),,0.0,0.4205495260959323,0.41314510377700775,24.81989426097753,0.41314510377700775,,0.08695652173913043,-832476480.0,-758724.3125,0.0,22652878.0,166.75951575487937,0.16081582786877108,0.11261863274113829,0.15377259254455566
1.0,tensor(1.),,0.0,0.6398390475698824,0.6345538352293225,11.040589004242504,0.6345538352293225,,0.08695652173913043,-15607865.0,-1071716.75,0.0517241396009922,161133.52,68.7392637419681,0.1557062728901178,0.11216854454888708,0.11767292022705078
1.0,tensor(1.),,0.0,0.3084990257472273,0.27897130951751364,84.76514062085239,0.27897130951751364,,0.08695652173913043,-4598.34912109375,-1661.8809814453125,0.033898305147886276,441155.16,74.88506706352274,0.15956622651856833,0.10971126849978703,0.1452181339263916
