model_returned_smth,valid_cf_disc,dissimilarity_proximity_categorical_hamming,dissimilarity_proximity_categorical_jaccard,dissimilarity_proximity_continuous_manhatan,dissimilarity_proximity_continuous_euclidean,dissimilarity_proximity_continuous_mad,distance_l2_jaccard,distance_mad_hamming,sparsity,time
1.0,tensor(1.),0.08695652173913042,0.3249148999148999,2.54582649505852,2.3522308030048675,2658.3005687586046,2.6771457029197676,2658.3875252803437,0.08695652173913043,2.805758476257324
1.0,tensor(0.1235),0.010735373054213633,0.02566018800586702,0.006749135967242962,0.0059006708191255445,0.915641422435307,0.031560858824992565,0.9263767954895207,0.010735373054213635,4.963106632232666
1.0,tensor(1.),0.0869565217391304,0.3382304523433555,0.7020954006635208,0.5060948089678399,38.17404430832571,0.8443252613111953,38.261000830064845,0.08695652173913043,4.105742931365967
1.0,tensor(0.2172),0.018888096935138987,0.04256990732400568,0.10334268694924431,0.07524873630722882,9.632752959577793,0.11781864363123451,9.651641056512933,0.018888096935138987,3.1114325523376465
1.0,tensor(1.),0.08695652173913042,0.33605181666406164,14.085640291399347,11.597853292587589,323.7088720265909,11.93390510925165,323.79582854833,0.08695652173913043,3.7976455688476562
