model_returned_smth,valid_cf_disc,dissimilarity_proximity_categorical_hamming,dissimilarity_proximity_categorical_jaccard,dissimilarity_proximity_continuous_manhatan,dissimilarity_proximity_continuous_euclidean,dissimilarity_proximity_continuous_mad,distance_l2_jaccard,distance_mad_hamming,sparsity,flow_log_density_cfs,flow_log_density_xs,flow_prob_condition_acc,lof_scores_xs,lof_scores_cfs,isolation_forest_scores_xs,isolation_forest_scores_cfs,time
1.0,tensor(1.),,0.0,2.2280416593683103,2.1778831898259816,679.5480553972048,2.1778831898259816,,0.08695652173913043,-650199936.0,-138368704.0,0.0746268630027771,189859.9,32.79424306926709,0.15145908074300593,0.07951193457411214,1.9580800533294678
1.0,tensor(0.1406),,0.0,0.007166574630900868,0.007142781920388589,0.9003895164032764,0.007142781920388589,,0.012228260869565218,-195091.359375,-6222860.5,0.921875,40834.47,40832.50490139914,0.14855120273793537,0.14750131077862821,1.7627801895141602
1.0,tensor(1.),,0.0,0.8502282975549279,0.624317057020676,49.332325374880575,0.624317057020676,,0.08695652173913043,-45560016.0,-584498.4375,0.032786883413791656,22652878.0,258.9320039644188,0.16099734488308112,0.09832903345204176,2.1256704330444336
1.0,tensor(1.),,0.0,0.7272134818380973,0.6555890213290448,1.0567654321794626,0.6555890213290448,,0.08695652173913043,-3237263616.0,-5515272704.0,0.2295081913471222,153210.64,1041828668.5462879,0.15318582284758367,0.09799977230167536,2.0777556896209717
1.0,tensor(1.),,0.0,3.8716264809479375,3.381082042751432,367.72845868520636,3.381082042751432,,0.08695652173913043,-868020.375,-153.91050720214844,0.0,433803.06,12.211411705838163,0.15828222835116676,0.0644476116507881,1.8390381336212158
