model_returned_smth,valid_cf_disc,dissimilarity_proximity_categorical_hamming,dissimilarity_proximity_categorical_jaccard,dissimilarity_proximity_continuous_manhatan,dissimilarity_proximity_continuous_euclidean,dissimilarity_proximity_continuous_mad,distance_l2_jaccard,distance_mad_hamming,sparsity,time
1.0,tensor(1.),0.08695652173913042,0.3481059241305143,0.2921012443708734,0.24649062003037836,327.83077505168256,0.5945965441608927,327.9177315734217,0.08695652173913043,3.9378461837768555
1.0,tensor(1.),0.0869565217391304,0.35031892390763353,0.19954880383414517,0.1714555581443211,895.474133333254,0.5217744820519546,895.5610898549932,0.08695652173913043,8.602437973022461
1.0,tensor(1.),0.0869565217391304,0.344052430544366,0.16554760614684674,0.12400010124859481,440.20440901113244,0.4680525317929608,440.29136553287157,0.08695652173913043,7.249615430831909
1.0,tensor(1.),0.08695652173913042,0.3372646934122344,0.13288534436075417,0.12450915768611136,244.22638099561746,0.4617738510983458,244.3133375173566,0.08695652173913043,3.7694530487060547
1.0,tensor(1.),0.08695652173913042,0.36137426259377475,0.37211924329654084,0.3253384093626355,47.769091369218124,0.6867126719564103,47.85604789095726,0.08695652173913043,9.538678407669067
