,train_ll,test_ll
0,1.0141174793243408,0.9765190482139587
