,train_ll,test_ll
0,1.064461588859558,1.0270800590515137
