,train_ll,test_ll
0,1.0440317392349243,1.0113158226013184
