,train_ll,test_ll
0,1.0669896602630615,1.2030041217803955
