,train_ll,test_ll
0,1.0361119508743286,1.033178687095642
