model_returned_smth,valid_cf_disc,dissimilarity_proximity_categorical_hamming,dissimilarity_proximity_categorical_jaccard,dissimilarity_proximity_continuous_manhatan,dissimilarity_proximity_continuous_euclidean,dissimilarity_proximity_continuous_mad,distance_l2_jaccard,distance_mad_hamming,sparsity,time
1.0,tensor(1.),0.6666666666666666,0.6674098848011891,0.19601721189046348,0.19515062266184724,1.7155849671415149,0.8625605074630364,2.3822516338081816,0.6666666666666666,0.18588042259216309
1.0,tensor(1.),0.6666666666666666,0.6677890011223344,0.1964266025316667,0.19511558671451332,1.731303159453722,0.8629045878368478,2.397969826120389,0.6666666666666666,0.1910262107849121
1.0,tensor(1.),0.6666666666666667,0.6681715575620768,0.2001307020734896,0.19879496387644952,1.7760999937783424,0.8669665214385263,2.442766660445009,0.6666666666666666,0.18750357627868652
1.0,tensor(1.),0.6666666666666666,0.6677927927927928,0.2065974553282833,0.20521855589089494,1.823508602454738,0.8730113486836877,2.4901752691214045,0.6666666666666666,0.1823420524597168
1.0,tensor(1.),0.6666666666666666,0.668149796069707,0.19168358135900074,0.19040422202675478,1.5637841114068873,0.8585540180964618,2.230450778073554,0.6666666666666666,0.18128228187561035
