model_returned_smth,valid_cf_disc,dissimilarity_proximity_categorical_hamming,dissimilarity_proximity_categorical_jaccard,dissimilarity_proximity_continuous_manhatan,dissimilarity_proximity_continuous_euclidean,dissimilarity_proximity_continuous_mad,distance_l2_jaccard,distance_mad_hamming,sparsity,time
1.0,tensor(0.0974),0.6666666666666666,0.6670579029733958,0.14293848535332976,0.1418012033673868,1.2487135285377962,0.8088591063407826,1.9153801952044627,0.6666666666666666,1.7334325313568115
1.0,tensor(0.0847),0.6666666666666665,0.6669805398618958,0.16453495859161088,0.16233223395989968,1.4477345505512027,0.8293127738217955,2.1144012172178694,0.6666666666666666,2.2997806072235107
1.0,tensor(0.1029),0.6666666666666666,0.6679986679986678,0.16662066501479925,0.16550858383799527,1.478708459172139,0.8335072518366631,2.1453751258388056,0.6666666666666666,2.4698450565338135
1.0,tensor(0.1071),0.6666666666666666,0.6670131670131668,0.15976436586019033,0.1584932097062738,1.4073580828313679,0.8255063767194406,2.0740247494980344,0.6666666666666666,1.8051738739013672
1.0,tensor(0.1179),0.6666666666666666,0.668149796069707,0.14893852267274696,0.13757499378426274,1.206759265619125,0.8057247898539698,1.8734259322857918,0.6666666666666666,2.210416793823242
