model_returned_smth,valid_cf_disc,dissimilarity_proximity_categorical_hamming,dissimilarity_proximity_categorical_jaccard,dissimilarity_proximity_continuous_manhatan,dissimilarity_proximity_continuous_euclidean,dissimilarity_proximity_continuous_mad,distance_l2_jaccard,distance_mad_hamming,sparsity,flow_log_density_cfs,flow_log_density_xs,flow_prob_condition_acc,lof_scores_xs,lof_scores_cfs,isolation_forest_scores_xs,isolation_forest_scores_cfs,time
1.0,tensor(1.),,0.0,0.21533946367177154,0.21362612784044524,1.8812099450841577,0.21362612784044524,,0.6666666666666666,-0.32345542311668396,1.23615562915802,0.17721518874168396,1.0758301,1.2291392520353512,0.0234494347941833,0.006352819196569794,2.479797840118408
1.0,tensor(1.),,0.0,0.22084359725316366,0.18060836590957635,1.882767350561917,0.18060836590957635,,0.6666666666666666,0.26447224617004395,1.4542336463928223,0.19111111760139465,1.07324,1.119926323764293,0.027536967147633814,0.02930072021400057,1.9143967628479004
1.0,tensor(1.),,0.0,0.21945439245551823,0.21783394267304293,1.94745381693542,0.21783394267304293,,0.6666666666666666,-0.44687482714653015,1.3083250522613525,0.1720000058412552,1.0805801,1.2013726892532457,0.016730139698590676,0.004748669244477813,2.0973031520843506
1.0,tensor(1.),,0.0,0.21134611922833654,0.20995121741258493,1.8654154082803331,0.20995121741258493,,0.6666666666666666,-0.48748549818992615,1.3211252689361572,0.28240740299224854,1.070047,1.2350171664283205,0.02593804562477735,0.008382865778206398,2.1380600929260254
1.0,tensor(1.),,0.0,0.2404346807337389,0.2217532122498694,1.9478145433453524,0.2217532122498694,,0.6666666666666666,-0.3423386812210083,1.5188531875610352,0.20000000298023224,1.0681541,1.199810502792064,0.024742631742561905,0.008569649311019502,2.125636339187622
