model_returned_smth,valid_cf_disc,dissimilarity_proximity_categorical_hamming,dissimilarity_proximity_categorical_jaccard,dissimilarity_proximity_continuous_manhatan,dissimilarity_proximity_continuous_euclidean,dissimilarity_proximity_continuous_mad,distance_l2_jaccard,distance_mad_hamming,sparsity,flow_log_density_cfs,flow_log_density_xs,flow_prob_condition_acc,lof_scores_xs,lof_scores_cfs,isolation_forest_scores_xs,isolation_forest_scores_cfs,time
1.0,tensor(1.),,0.0,0.1984431155545767,0.197661733943668,1.7367688399176437,0.197661733943668,,0.6666666666666666,-73.79978942871094,-21.8367977142334,0.3488371968269348,1.071692,1.1508071349909452,0.024142863872428446,0.016197684315201574,0.15283536911010742
1.0,tensor(1.),,0.0,0.19798299197950778,0.1961756211755696,1.7435974747630525,0.1961756211755696,,0.6666666666666666,-20.99466896057129,-5.472208499908447,0.36036035418510437,1.0739399,1.1401679578613089,0.02712622691864022,0.015158159943661483,0.14673328399658203
1.0,tensor(1.),,0.0,0.21121422518960764,0.21018078449459443,1.8747962335521569,0.21018078449459443,,0.6666666666666666,-2.3759610652923584,-0.16791711747646332,0.48770493268966675,1.0832012,1.1425928916376609,0.016386137413640242,0.010273831873787418,0.14636969566345215
1.0,tensor(1.),,0.0,0.19084919748517373,0.18798561223961163,1.6787011268703889,0.18798561223961163,,0.6666666666666666,-2.516566038131714,0.45966842770576477,0.47685185074806213,1.0673156,1.1677010476926302,0.02744722309878256,0.014566817691883702,0.1491870880126953
1.0,tensor(1.),,0.0,0.19540854084283807,0.19385378499406536,1.5933558363640725,0.19385378499406536,,0.6666666666666666,0.18404971063137054,0.9742287397384644,0.47441861033439636,1.0652863,1.1382088823602903,0.02661144569625634,0.01703985381383908,0.14695978164672852
