model_returned_smth,valid_cf_disc,dissimilarity_proximity_categorical_hamming,dissimilarity_proximity_categorical_jaccard,dissimilarity_proximity_continuous_manhatan,dissimilarity_proximity_continuous_euclidean,dissimilarity_proximity_continuous_mad,distance_l2_jaccard,distance_mad_hamming,sparsity,time
1.0,tensor(1.),0.6666666666666666,0.6677536231884057,0.23353203208982168,0.2175486441521227,2.051714953308503,0.8853022673405284,2.7183816199751694,0.6666666666666666,11.750610589981079
1.0,tensor(1.),0.6666666666666666,0.6674090571640682,0.2569241497342472,0.25520935336873973,2.2645282586056705,0.9226184105328079,2.931194925272337,0.6666666666666666,12.596389293670654
1.0,tensor(1.),0.6666666666666666,0.6681514476614699,0.2162817815787013,0.20657261762987583,1.9119504892723738,0.8747240652913457,2.5786171559390403,0.6666666666666666,12.308029651641846
1.0,tensor(1.),0.6666666666666666,0.6673984632272228,0.2263110175269493,0.21764035814528254,2.0006363420943027,0.8850388213725053,2.6673030087609693,0.6666666666666666,12.757176160812378
1.0,tensor(1.),0.6666666666666666,0.6677890011223344,0.22848565354795825,0.22696066506914098,1.8640210714423726,0.8947496661914753,2.530687738109039,0.6666666666666666,11.552132606506348
