model_returned_smth,valid_cf_disc,dissimilarity_proximity_categorical_hamming,dissimilarity_proximity_categorical_jaccard,dissimilarity_proximity_continuous_manhatan,dissimilarity_proximity_continuous_euclidean,dissimilarity_proximity_continuous_mad,distance_l2_jaccard,distance_mad_hamming,sparsity,flow_log_density_cfs,flow_log_density_xs,flow_prob_condition_acc,lof_scores_xs,lof_scores_cfs,isolation_forest_scores_xs,isolation_forest_scores_cfs,time
1.0,tensor(1.),,0.0,0.19656546452557142,0.19539654074599744,1.7205341327452224,0.19539654074599744,,0.6666666666666666,-2.0020556449890137,0.9631768465042114,0.033018868416547775,1.0715307,1.1440845774325787,0.02371692916306962,0.016947418186983813,3.3209645748138428
1.0,tensor(1.),,0.0,0.2037724072518556,0.20235049112645362,1.7959603539404825,0.20235049112645362,,0.6666666666666666,0.4151514768600464,1.248889446258545,0.33478260040283203,1.0721053,1.1502953362418744,0.028087203037838116,0.013912762759290185,3.1994831562042236
1.0,tensor(1.),,0.0,0.21456563491600486,0.2135157958001106,1.9045442725147161,0.2135157958001106,,0.6666666666666666,-0.6363282203674316,1.1234345436096191,0.23481781780719757,1.0822207,1.1446565944056408,0.017063021954520353,0.010417557495945421,3.2281107902526855
1.0,tensor(1.),,0.0,0.20332708143229997,0.2019851064054543,1.7946365359072973,0.2019851064054543,,0.6666666666666666,-0.7251574397087097,1.3596471548080444,0.1741071492433548,1.0680984,1.2012224245580831,0.027271340010546184,0.010550385730988278,3.252073287963867
1.0,tensor(1.),,0.0,0.20980611587451262,0.20813680497439796,1.7107532719912177,0.20813680497439796,,0.6666666666666666,-1.1587153673171997,0.7495236396789551,0.40909090638160706,1.0648519,1.1532719987043711,0.026640550904096432,0.01351444519395239,3.26180362701416
