model_returned_smth,valid_cf_disc,dissimilarity_proximity_categorical_hamming,dissimilarity_proximity_categorical_jaccard,dissimilarity_proximity_continuous_manhatan,dissimilarity_proximity_continuous_euclidean,dissimilarity_proximity_continuous_mad,distance_l2_jaccard,distance_mad_hamming,sparsity,flow_log_density_cfs,flow_log_density_xs,flow_prob_condition_acc,lof_scores_xs,lof_scores_cfs,isolation_forest_scores_xs,isolation_forest_scores_cfs,time
1.0,tensor(0.1244),,0.0,0.1377020965615708,0.1366064786243811,1.2029683258757853,0.1366064786243811,,0.6666666666666666,-2.0739552974700928,0.35566163063049316,0.3502304255962372,1.0717748,1.1158145031567657,0.02400603505891478,0.02093228725586383,1.1970322132110596
1.0,tensor(0.1333),,0.0,0.16258155031785093,0.16000525505912783,1.4298065700533766,0.16000525505912783,,0.6666666666666666,-0.36596640944480896,1.3987820148468018,0.029629629105329514,1.0703169,1.1283422672645043,0.032048055093761664,0.02273618599994565,0.9431796073913574
1.0,tensor(0.1111),,0.0,0.18270851994554202,0.16902273075809893,1.6099761719539485,0.16902273075809893,,0.6666666666666666,-0.45889270305633545,1.1277087926864624,0.018518518656492233,1.0819076,1.1210172717598004,0.01695582204554129,0.015964469419134,1.3789801597595215
1.0,tensor(0.1271),,0.0,0.14805162710658573,0.1296491417209892,1.3148442570029333,0.1296491417209892,,0.6666666666666666,-0.5037216544151306,1.3899303674697876,0.0381355918943882,1.0717463,1.1172927972384126,0.025981537153535798,0.024318871345572066,0.9539048671722412
1.0,tensor(0.1106),,0.0,0.15068877107262063,0.13148365587117863,1.2141813301665854,0.13148365587117863,,0.6666666666666666,-0.2846806049346924,1.4714933633804321,0.018433179706335068,1.0671732,1.092705904614671,0.024839842522342136,0.027835888559544247,1.267789602279663
