model_returned_smth,valid_cf_disc,dissimilarity_proximity_categorical_hamming,dissimilarity_proximity_categorical_jaccard,dissimilarity_proximity_continuous_manhatan,dissimilarity_proximity_continuous_euclidean,dissimilarity_proximity_continuous_mad,distance_l2_jaccard,distance_mad_hamming,sparsity,time
1.0,tensor(1.),0.6666666666666666,0.6674157303370787,0.19229782538816265,0.19101436638903121,1.6832499723783196,0.8584300967261099,2.349916639044986,0.6666666666666666,3.488924026489258
1.0,tensor(1.),0.6666666666666666,0.66775956284153,0.2036215294966006,0.20226249236801216,1.7947192121974975,0.8700220552095422,2.461385878864164,0.6666666666666666,3.5319559574127197
1.0,tensor(1.),0.6666666666666666,0.6681432262827611,0.20215126873981415,0.20080204461558793,1.794031917297853,0.868945270898349,2.4606985839645197,0.6666666666666666,3.4611451625823975
1.0,tensor(1.),0.6666666666666666,0.6680972818311872,0.21876449260547634,0.2173043863554022,1.9308995531617268,0.8854016681865894,2.5975662198283933,0.6666666666666666,3.5034282207489014
1.0,tensor(1.),0.6666666666666665,0.6680896478121664,0.20170570879660937,0.20035945848614106,1.6455461670733804,0.8684491062983075,2.312212833740047,0.6666666666666666,3.4888055324554443
