,precision,recall,f1-score,support
0,0.7510729613733905,0.7882882882882883,0.7692307692307693,222.0
1,0.7772511848341233,0.7387387387387387,0.7575057736720554,222.0
accuracy,0.7635135135135135,0.7635135135135135,0.7635135135135135,0.7635135135135135
macro avg,0.7641620731037568,0.7635135135135136,0.7633682714514123,444.0
weighted avg,0.7641620731037568,0.7635135135135135,0.7633682714514123,444.0
