,precision,recall,f1-score,support
0,0.7307692307692307,0.7702702702702703,0.75,222.0
1,0.7571428571428571,0.7162162162162162,0.7361111111111112,222.0
accuracy,0.7432432432432432,0.7432432432432432,0.7432432432432432,0.7432432432432432
macro avg,0.743956043956044,0.7432432432432432,0.7430555555555556,444.0
weighted avg,0.743956043956044,0.7432432432432432,0.7430555555555556,444.0
