,precision,recall,f1-score,support
0,0.7579908675799086,0.7477477477477478,0.7528344671201814,222.0
1,0.7511111111111111,0.7612612612612613,0.756152125279642,222.0
accuracy,0.7545045045045045,0.7545045045045045,0.7545045045045045,0.7545045045045045
macro avg,0.7545509893455098,0.7545045045045045,0.7544932961999118,444.0
weighted avg,0.7545509893455099,0.7545045045045045,0.7544932961999117,444.0
