coverage,validity,actionability,sparsity,proximity_euclidean_hamming,proximity_euclidean_jaccard,proximity_l1_jaccard,proximity_mad_jaccard,proximity_l2_jaccard,proximity_mad_hamming,prob_plausibility,log_density_cf,log_density_test,lof_scores_cf,lof_scores_test,isolation_forest_scores_cf,isolation_forest_scores_test,number_of_instances,cf_search_time
1.0,0.9801980198019802,0.019801980198019802,0.5396039603960396,0.3928136464044196,0.3928136464044196,0.41140749331827114,2.142642560932371,0.3928136464044196,2.142642560932371,0.039603960396039604,-12.949277,1.5099231,2.2519765,1.0736116,-0.07921459569849448,0.000412469626244415,101.0,75.34481573104858
