,precision,recall,f1-score,support
0,0.8775510204081632,0.8686868686868687,0.8730964467005076,99.0
1,0.8725490196078431,0.8811881188118812,0.8768472906403941,101.0
accuracy,0.875,0.875,0.875,0.875
macro avg,0.8750500200080031,0.874937493749375,0.8749718686704508,200.0
weighted avg,0.8750250100040016,0.875,0.8749906228901503,200.0
