model_returned_smth,valid_cf_disc,dissimilarity_proximity_categorical_hamming,dissimilarity_proximity_categorical_jaccard,dissimilarity_proximity_continuous_manhatan,dissimilarity_proximity_continuous_euclidean,dissimilarity_proximity_continuous_mad,distance_l2_jaccard,distance_mad_hamming,sparsity,flow_log_density_cfs,flow_log_density_xs,flow_prob_condition_acc,lof_scores_xs,lof_scores_cfs,isolation_forest_scores_xs,isolation_forest_scores_cfs,time
0.9378585086042065,1.0,,0.0,0.8430851936641899,0.3504878027644288,19.605650221319827,0.3504878027644288,,0.9702167264991357,16.83557891845703,27.071117401123047,0.10397553443908691,1.1018732,1.2819351,0.07007989496579212,0.051336463611665877,33740.63460826874
0.9483747609942639,1.0,,0.0,0.8200804109933745,0.3690926140510778,15.952582698143301,0.3690926140510778,,0.9640164796633941,14.367181777954102,27.973033905029297,0.08064515888690948,1.1045611,1.2972646,0.07369690788188847,0.05799420333944669,34893.1885740757
1.0,1.0,,0.0,0.9165799945857949,0.41694170166989936,18.077491946323484,0.41694170166989936,,0.9256588245074403,-4.858962535858154,29.20304298400879,0.08365200459957123,1.0838189,846820700.0,0.06186488067310817,0.04245469241621536,41797.979457855225
0.9526768642447419,1.0,,0.0,0.8030095320785728,0.32526348715045006,19.421325377778928,0.32526348715045006,,0.9678876066231812,16.64166831970215,27.213184356689453,0.13296538591384888,1.1054416,1.2920561,0.0733148016664679,0.05505707659253495,38585.516718387604
