model_returned_smth,valid_cf_disc,dissimilarity_proximity_categorical_hamming,dissimilarity_proximity_categorical_jaccard,dissimilarity_proximity_continuous_manhatan,dissimilarity_proximity_continuous_euclidean,dissimilarity_proximity_continuous_mad,distance_l2_jaccard,distance_mad_hamming,sparsity,flow_log_density_cfs,flow_log_density_xs,flow_prob_condition_acc,lof_scores_xs,lof_scores_cfs,isolation_forest_scores_xs,isolation_forest_scores_cfs,time
1.0,1.0,,0.0,0.6999811246899561,0.3625980375027074,34.770843084016605,0.3625980375027074,,0.910029927674786,-12.76862907409668,28.393930435180664,0.0,1.0734925,1.0996816,0.0641527360600969,0.03602479286372134,1592.2779257297516
1.0,1.0,,0.0,0.7134187352128426,0.3756524096234156,34.17215249943593,0.3756524096234156,,0.9170961842214648,-20.273569107055664,28.9659481048584,0.0,1.0746558,1.1003221,0.059935553465240536,0.019734436541436418,1601.168518781662
1.0,1.0,,0.0,0.6914197272955066,0.35963536942835284,33.39121221347813,0.35963536942835284,,0.9138540194529886,-20.689716339111328,29.20304298400879,0.0,1.0765254,1.0990771,0.06435209921611909,0.03250926685039503,1585.7771351337433
1.0,1.0,,0.0,0.751294666636451,0.36941984030295183,33.98193445144424,0.36941984030295183,,0.9230817191786516,-15.214564323425293,28.15462875366211,0.00047801146865822375,1.0714571,1.0995495,0.06044563748836409,0.028950669433067903,1592.4364922046661
1.0,1.0,,0.0,0.8412038403311128,0.3732169263127999,21.739610164065933,0.3732169263127999,,0.9105898987378621,-6.516913890838623,28.643457412719727,0.003347680438309908,1.0772804,1.1047637,0.05892371640348062,0.021645922791019758,1629.751914024353
