model_returned_smth,valid_cf_disc,dissimilarity_proximity_categorical_hamming,dissimilarity_proximity_categorical_jaccard,dissimilarity_proximity_continuous_manhatan,dissimilarity_proximity_continuous_euclidean,dissimilarity_proximity_continuous_mad,distance_l2_jaccard,distance_mad_hamming,sparsity,flow_log_density_cfs,flow_log_density_xs,flow_prob_condition_acc,lof_scores_xs,lof_scores_cfs,isolation_forest_scores_xs,isolation_forest_scores_cfs,time
0.982791586998088,0.8190661668777466,,0.0,3.1985251026694135,0.932344542016202,77.63410669265254,0.932344542016202,,0.9633119900857172,-313.85992431640625,28.484472274780273,0.0,1.0696622,6298130.5,0.0643194094974755,-0.05860190494103073,19088.018681287766
0.9875717017208413,0.8344627022743225,,0.0,2.9307794582694937,0.854009238790411,84.27022942959762,0.854009238790411,,0.9678956925249672,-85.74297332763672,28.99237823486328,0.0,1.0709561,7304711.0,0.07066662376263844,-0.05388404778870052,24820.628471136093
0.9894837476099426,0.8169082403182983,,0.0,2.9497711221510654,0.8661045823718968,77.18054942148062,0.8661045823718968,,0.9667292314812435,-87.46971130371094,29.242420196533203,0.0,1.0716299,6607690.0,0.06658468578424834,-0.058741591610825074,27727.923874378204
0.9837476099426387,0.8138970136642456,,0.0,3.0274415536752035,0.8838313328020528,73.37601512948446,0.8838313328020528,,0.9690590525632706,-203.14874267578125,28.74849510192871,0.0,1.0671866,505539.44,0.06666101930572443,-0.052753348082613824,25275.77432870865
0.991869918699187,0.7598842978477478,,0.0,3.498529341581235,0.9573534675368546,86.50446449483658,0.9573534675368546,,0.9693224453762966,-112.75879669189453,29.038766860961914,0.0,1.0723971,3428004.5,0.0675675805305774,-0.06092268846221532,20049.64679670334
