model_returned_smth,valid_cf_disc,dissimilarity_proximity_categorical_hamming,dissimilarity_proximity_categorical_jaccard,dissimilarity_proximity_continuous_manhatan,dissimilarity_proximity_continuous_euclidean,dissimilarity_proximity_continuous_mad,distance_l2_jaccard,distance_mad_hamming,sparsity,flow_log_density_cfs,flow_log_density_xs,flow_prob_condition_acc,lof_scores_xs,lof_scores_cfs,isolation_forest_scores_xs,isolation_forest_scores_cfs,time
1.0,0.7141491174697876,,0.0,0.7363434912931578,0.36171808887850826,35.75799546188131,0.36171808887850826,,0.9127317316485161,-15.027377128601074,28.393930435180664,0.0,1.0731229,1.1001438,0.06005298637420029,0.025307271761339893,5000.610227108002
1.0,0.7198852896690369,,0.0,0.7401093197118116,0.37515658646312744,35.57836680254579,0.37515658646312744,,0.9159115470945216,-17.77035903930664,28.9659481048584,0.0,1.0745481,1.1006335,0.05971007788505417,0.010833641387511597,5288.614229917526
1.0,0.7227533459663391,,0.0,0.7295865705381755,0.354792203151167,35.44712964803075,0.354792203151167,,0.9141865491728324,-19.582998275756836,29.20304298400879,0.0,1.0763576,1.0991707,0.06287630820251744,0.03473992569726367,5169.703563690186
1.0,0.7294455170631409,,0.0,0.7684497834885009,0.3724825458872041,34.7741324208654,0.3724825458872041,,0.9223958766314739,-16.388656616210938,28.15462875366211,0.0,1.0714059,1.0985746,0.061234074193046724,0.035402204869123814,5121.979355335236
1.0,0.7001434564590454,,0.0,0.8776473519745392,0.393901770417565,23.795177254449158,0.393901770417565,,0.9111513110016011,-10.705506324768066,28.643457412719727,0.004304160829633474,1.0773101,1.1046584,0.06438660796507706,0.02517783280322377,5300.333044290543
