model_returned_smth,valid_cf_disc,dissimilarity_proximity_categorical_hamming,dissimilarity_proximity_categorical_jaccard,dissimilarity_proximity_continuous_manhatan,dissimilarity_proximity_continuous_euclidean,dissimilarity_proximity_continuous_mad,distance_l2_jaccard,distance_mad_hamming,sparsity,flow_log_density_cfs,flow_log_density_xs,flow_prob_condition_acc,lof_scores_xs,lof_scores_cfs,isolation_forest_scores_xs,isolation_forest_scores_cfs,time
1.0,1.0,,0.0,0.7363434912931578,0.36171808887850826,35.75799546188131,0.36171808887850826,,0.9127317316485161,-10.933704376220703,28.393930435180664,0.0,1.0731229,1.1001438,0.0535710280403587,0.021007949342962413,0
1.0,1.0,,0.0,0.7401093197118116,0.37515658646312744,35.57836680254579,0.37515658646312744,,0.9159115470945216,-14.580240249633789,28.9659481048584,0.0,1.0745481,1.1006335,0.06138189374324492,0.019425527191773772,0
1.0,1.0,,0.0,0.7295865705381755,0.354792203151167,35.44712964803075,0.354792203151167,,0.9141865491728324,-16.854177474975586,29.20304298400879,0.0,1.0763576,1.0991707,0.06277034703304608,0.02396817258369301,0
1.0,1.0,,0.0,0.7684497834885009,0.3724825458872041,34.7741324208654,0.3724825458872041,,0.9223958766314739,-12.610054969787598,28.15462875366211,0.0,1.0714059,1.0985746,0.061172815892833396,0.015858453643082183,0
1.0,1.0,,0.0,0.8776473519745392,0.393901770417565,23.795177254449158,0.393901770417565,,0.9111513110016011,-9.607035636901855,28.643457412719727,0.004304160829633474,1.0773101,1.1046584,0.0590007978863977,0.021087762619188915,0
