model_returned_smth,valid_cf_disc,dissimilarity_proximity_categorical_hamming,dissimilarity_proximity_categorical_jaccard,dissimilarity_proximity_continuous_manhatan,dissimilarity_proximity_continuous_euclidean,dissimilarity_proximity_continuous_mad,distance_l2_jaccard,distance_mad_hamming,sparsity,flow_log_density_cfs,flow_log_density_xs,flow_prob_condition_acc,lof_scores_xs,lof_scores_cfs,isolation_forest_scores_xs,isolation_forest_scores_cfs,time
1.0,1.0,,0.0,0.6999811246899561,0.3625980375027074,34.770843084016605,0.3625980375027074,,0.910029927674786,-12.768625259399414,28.393930435180664,0.0,1.0955427,313041730.0,0.05840305597250849,0.023689556370343864,1592.2779257297516
1.0,1.0,,0.0,0.7134187352128426,0.3756524096234156,34.17215249943593,0.3756524096234156,,0.9170961842214648,-20.27357292175293,28.9659481048584,0.0,1.0991632,244580940.0,0.05874283176059673,0.028909264448560876,1601.168518781662
1.0,1.0,,0.0,0.6914197272955066,0.35963536942835284,33.39121221347813,0.35963536942835284,,0.9138540194529886,-20.689716339111328,29.20304298400879,0.0,1.0838189,277791780.0,0.06453510617828218,0.03463568974328759,1585.7771351337433
1.0,1.0,,0.0,0.751294666636451,0.36941984030295183,33.98193445144424,0.36941984030295183,,0.9230817191786516,-15.214561462402344,28.15462875366211,0.00047801146865822375,1.1004517,242530690.0,0.05603865157241954,0.021744358216197884,1592.436492204666
1.0,1.0,,0.0,0.8412038403311128,0.3732169263127999,21.739610164065933,0.3732169263127999,,0.9105898987378621,-6.516906261444092,28.643457412719727,0.003347680438309908,1.0954825,247841860.0,0.05428933372554246,0.017526054942061175,1629.751914024353
