model_returned_smth,valid_cf_disc,dissimilarity_proximity_categorical_hamming,dissimilarity_proximity_categorical_jaccard,dissimilarity_proximity_continuous_manhatan,dissimilarity_proximity_continuous_euclidean,dissimilarity_proximity_continuous_mad,distance_l2_jaccard,distance_mad_hamming,sparsity,flow_log_density_cfs,flow_log_density_xs,flow_prob_condition_acc,lof_scores_xs,lof_scores_cfs,isolation_forest_scores_xs,isolation_forest_scores_cfs,time
0.982791586998088,0.798638105392456,,0.0,3.155752145726583,0.9237099444323442,82.28036063153468,0.9237099444323442,,0.9622941269925329,-331.2369384765625,28.556591033935547,0.0,1.0955427,138843950.0,0.05840305597250849,-0.061167271630954985,19088.01868128777
0.9875717017208413,0.8436592221260071,,0.0,2.9302601112354565,0.8537810751671537,82.35866125848243,0.8537810751671537,,0.9667988725086682,-83.29512786865234,29.014020919799805,0.0,1.0991632,150870820.0,0.05874283176059673,-0.06127075041231408,24820.628471136093
0.9894837476099426,0.8246376514434814,,0.0,2.943812299704197,0.866719139623901,77.11067910927189,0.866719139623901,,0.9655637910394539,-85.90473175048828,29.337966918945312,0.0,1.0838189,195491860.0,0.06453510617828218,-0.057041007663401345,27727.923874378204
0.9837476099426387,0.8104956150054932,,0.0,3.017231133533312,0.8798504027999662,73.61174694036448,0.8798504027999662,,0.96952872484621,-191.83131408691406,28.67291259765625,0.0,1.1004517,77515460.0,0.05603865157241954,-0.061210671417759786,25275.77432870865
0.991869918699187,0.7743490934371948,,0.0,3.5090448999897803,0.9617495271050317,86.81830244282979,0.9617495271050317,,0.9674319129351887,-116.12482452392578,28.925708770751953,0.0,1.0954825,109131370.0,0.05428933372554246,-0.07080586898800956,20049.64679670334
