model_returned_smth,valid_cf_disc,dissimilarity_proximity_categorical_hamming,dissimilarity_proximity_categorical_jaccard,dissimilarity_proximity_continuous_manhatan,dissimilarity_proximity_continuous_euclidean,dissimilarity_proximity_continuous_mad,distance_l2_jaccard,distance_mad_hamming,sparsity,flow_log_density_cfs,flow_log_density_xs,flow_prob_condition_acc,lof_scores_xs,lof_scores_cfs,isolation_forest_scores_xs,isolation_forest_scores_cfs,time
1.0,1.0,,0.0,0.7363434912931578,0.36171808887850826,35.75799546188131,0.36171808887850826,,0.9127317316485161,-10.933700561523438,28.393930435180664,0.0,1.0955427,352531740.0,0.05840305597250849,0.02156506237445834,4967.038259267807
1.0,1.0,,0.0,0.7401093197118116,0.37515658646312744,35.57836680254579,0.37515658646312744,,0.9159115470945216,-14.580242156982422,28.9659481048584,0.0,1.0991632,259342200.0,0.05874283176059673,0.024078695201692424,4850.490623950958
1.0,1.0,,0.0,0.7295865705381755,0.354792203151167,35.44712964803075,0.354792203151167,,0.9141865491728324,-16.85417938232422,29.20304298400879,0.0,1.0838189,312879140.0,0.06453510617828218,0.03203895066334417,4924.279707193375
1.0,1.0,,0.0,0.7684497834885009,0.3724825458872041,34.7741324208654,0.3724825458872041,,0.9223958766314739,-12.610053062438965,28.15462875366211,0.0,1.1004517,210796480.0,0.05603865157241954,0.020647555491354035,4871.196534156799
1.0,1.0,,0.0,0.8776473519745392,0.393901770417565,23.795177254449158,0.393901770417565,,0.9111513110016011,-9.60702896118164,28.643457412719727,0.004304160829633474,1.0954825,304403040.0,0.05428933372554246,0.020371375168417905,4910.649636507034
