,precision,recall,f1-score,support
0,0.8725490196078431,0.8725490196078431,0.8725490196078431,102.0
1,0.8737864077669902,0.8737864077669902,0.8737864077669902,103.0
accuracy,0.8731707317073171,0.8731707317073171,0.8731707317073171,0.8731707317073171
macro avg,0.8731677136874167,0.8731677136874167,0.8731677136874167,205.0
weighted avg,0.8731707317073171,0.8731707317073171,0.8731707317073171,205.0
