coverage,validity,actionability,sparsity,proximity_categorical_hamming,proximity_categorical_jaccard,proximity_continuous_manhattan,proximity_continuous_euclidean,proximity_continuous_mad,proximity_l2_jaccard,proximity_mad_hamming,prob_plausibility,log_density_cf,log_density_test,lof_scores_cf,lof_scores_test,isolation_forest_scores_cf,isolation_forest_scores_test,cf_search_time
1.0,0.8064516129032258,0.5645161290322581,0.339265850945495,0.38502830219782863,0.3951078777946456,0.39540705701874795,0.3951078777946456,0.41839408043817294,0.3951078777946456,0.40831450484135595,0.5161290322580645,-88892.516,-39.952236,3.1279671874998947,1.196811,-0.08269572197655668,0.04085840215068121,511.46516847610474
