coverage,validity,actionability,sparsity,proximity_categorical_hamming,proximity_categorical_jaccard,proximity_continuous_manhattan,proximity_continuous_euclidean,proximity_continuous_mad,proximity_l2_jaccard,proximity_mad_hamming,prob_plausibility,log_density_cf,log_density_test,lof_scores_cf,lof_scores_test,isolation_forest_scores_cf,isolation_forest_scores_test,cf_search_time
1.0,0.9838709677419355,0.43548387096774194,0.43937708565072303,0.4085042713785675,0.4193752545502856,0.4195776195582651,0.4193752545502856,0.43813385240163144,0.4193752545502856,0.4272628692299133,0.41935483870967744,-46198.992,-628.0141,3.347303396118753,1.196811,-0.1200004364860387,0.04085840215068121,831.9294066429138
