model_returned_smth,valid_cf_disc,dissimilarity_proximity_categorical_hamming,dissimilarity_proximity_categorical_jaccard,dissimilarity_proximity_continuous_manhatan,dissimilarity_proximity_continuous_euclidean,dissimilarity_proximity_continuous_mad,distance_l2_jaccard,distance_mad_hamming,sparsity,flow_log_density_cfs,flow_log_density_xs,flow_prob_condition_acc,lof_scores_xs,lof_scores_cfs,isolation_forest_scores_xs,isolation_forest_scores_cfs,time
1.0,1.0,,0.0,0.39242849918707023,0.29558400273090046,1.7935299333366679,0.29558400273090046,,0.9975609756097561,-7.541583061218262,1.4153826236724854,0.1024390235543251,1.045943,1.3385165,-0.0005268676476471984,0.00257512097254946,887.4724142551422
1.0,1.0,,0.0,0.3385997382333366,0.26774694498788154,1.7472544603095186,0.26774694498788154,,0.9926829268292683,-7.379531383514404,1.3076914548873901,0.12195122241973877,1.084471,1.3348228,-0.0010762087434659318,-0.0005746627364823548,914.878719329834
1.0,1.0,,0.0,0.36246430224898024,0.2802698142369038,1.8450801431405834,0.2802698142369038,,1.0,-5.95454216003418,1.4187835454940796,0.024390242993831635,1.0458289,1.3624206,0.0044313801402887905,-0.00023215854339446457,911.4906742572784
1.0,1.0,,0.0,0.3566356363087302,0.26701211104771716,1.9453308603953479,0.26701211104771716,,0.9951219512195122,-6.709824085235596,1.3041713237762451,0.06829268485307693,1.0599597,1.4114169,0.0027541499283298514,0.002626388797161688,908.1611521244048
1.0,1.0,,0.0,0.33344904753361265,0.265181204817001,1.6904753196948008,0.265181204817001,,0.9901960784313726,-5.707260608673096,1.4616645574569702,0.12745098769664764,1.0473603,1.3417425,0.0050090523921422605,-0.0005678546396300502,898.5198247432709
