model_returned_smth,valid_cf_disc,dissimilarity_proximity_categorical_hamming,dissimilarity_proximity_categorical_jaccard,dissimilarity_proximity_continuous_manhatan,dissimilarity_proximity_continuous_euclidean,dissimilarity_proximity_continuous_mad,distance_l2_jaccard,distance_mad_hamming,sparsity,flow_log_density_cfs,flow_log_density_xs,flow_prob_condition_acc,lof_scores_xs,lof_scores_cfs,isolation_forest_scores_xs,isolation_forest_scores_cfs,time
1.0,1.0,,0.0,0.4076528089978482,0.29159147262155294,1.9304872047110666,0.29159147262155294,,1.0,-8.227161407470703,1.4153826236724854,0.12195122241973877,1.045943,1.2783945,-0.0005268676476471984,0.010872403178121715,900.5682435035706
1.0,1.0,,0.0,0.3372585372317855,0.27018859647452903,1.7256107394512539,0.27018859647452903,,0.9975609756097561,-7.104488849639893,1.3076914548873901,0.09756097197532654,1.084471,1.34315,-0.0010762087434659318,-0.00036484028107226833,890.9127113819122
1.0,1.0,,0.0,0.31422806954374766,0.27443372953616774,1.5606514577322252,0.27443372953616774,,0.9878048780487805,-5.074898719787598,1.4187835454940796,0.0,1.0458289,1.3225241,0.0044313801402887905,-0.011017174673065476,886.4474110603333
1.0,1.0,,0.0,0.3702542535046388,0.26195709909776227,2.0737781181272754,0.26195709909776227,,1.0,-6.485141277313232,1.3041713237762451,0.10731707513332367,1.0599597,1.3122767,0.0027541499283298514,0.008835166284414676,900.8693690299988
1.0,1.0,,0.0,0.35710780618383603,0.2626875528988512,1.8629773469532238,0.2626875528988512,,1.0,-5.350461959838867,1.4616645574569702,0.14215686917304993,1.0473603,1.309932,0.0050090523921422605,0.005761191954369202,893.9749109745026
