model_returned_smth,valid_cf_disc,dissimilarity_proximity_categorical_hamming,dissimilarity_proximity_categorical_jaccard,dissimilarity_proximity_continuous_manhatan,dissimilarity_proximity_continuous_euclidean,dissimilarity_proximity_continuous_mad,distance_l2_jaccard,distance_mad_hamming,sparsity,flow_log_density_cfs,flow_log_density_xs,flow_prob_condition_acc,lof_scores_xs,lof_scores_cfs,isolation_forest_scores_xs,isolation_forest_scores_cfs,time
0.9951219512195122,0.5196078419685364,,0.0,0.28364884905859755,0.2414428909078058,1.2092870769073378,0.2414428909078058,,0.839622641509434,-3.415346622467041,1.4222525358200073,0.01886792480945587,1.045943,1.5020437,-0.0005268676476471984,-0.00785905829668611,1711.5348122119904
0.9804878048780488,0.3283582031726837,,0.0,0.2232145183070591,0.1884015777911069,1.2792494301543091,0.1884015777911069,,0.8636363636363636,-4.708209037780762,1.2722177505493164,0.0,1.084471,1.4954559,-0.0010762087434659318,-0.009722681380653495,1639.9465482234957
0.9414634146341463,0.15544041991233826,,0.0,0.36815979654590286,0.2721883973688411,1.5695240412062654,0.2721883973688411,,0.9333333333333333,-4.76613712310791,1.5289981365203857,0.13333334028720856,1.0458289,1.2921661,0.0044313801402887905,0.0021727668884244135,1400.0777106285095
0.9365853658536586,0.2916666567325592,,0.0,0.3512356750933187,0.2885493241437422,1.6489802867706334,0.2885493241437422,,0.9285714285714286,-3.5010836124420166,1.3679449558258057,0.1428571492433548,1.0599597,1.297355,0.0027541499283298514,0.0017328578272833145,1513.1263823509216
0.9803921568627451,0.36500000953674316,,0.0,0.22842291242455784,0.18283465165605903,1.3628832901993844,0.18283465165605903,,0.8904109589041096,-1.9423730373382568,1.56513512134552,0.0,1.0473603,1.3515298,0.0050090523921422605,-0.0013220061389553745,1547.0355608463287
