model_returned_smth,valid_cf_disc,dissimilarity_proximity_categorical_hamming,dissimilarity_proximity_categorical_jaccard,dissimilarity_proximity_continuous_manhatan,dissimilarity_proximity_continuous_euclidean,dissimilarity_proximity_continuous_mad,distance_l2_jaccard,distance_mad_hamming,sparsity,flow_log_density_cfs,flow_log_density_xs,flow_prob_condition_acc,lof_scores_xs,lof_scores_cfs,isolation_forest_scores_xs,isolation_forest_scores_cfs,time
0.9951219512195122,0.5196078419685364,,0.0,0.28796045492482286,0.24600499713305168,1.1495678225215875,0.24600499713305168,,0.8349056603773585,-2.899852752685547,1.4382226467132568,0.01886792480945587,1.0396595,1.069322,-0.009788055719930997,-0.0032594463305731,1711.5348122119904
0.9804878048780488,0.3333333432674408,,0.0,0.2304066498138344,0.19450671152358012,1.2490072432738633,0.19450671152358012,,0.9253731343283582,-6.454025745391846,1.4362521171569824,0.0,1.036978,1.0762974,-0.0004601971384237108,0.0017152299926090858,1639.9465482234955
0.9414634146341463,0.13989637792110443,,0.0,0.3722396385338571,0.2753022520156543,1.992893656094869,0.2753022520156543,,0.8888888888888888,-7.190780162811279,1.6180847883224487,0.14814814925193787,1.0528291,1.0563637,0.011441075324046939,-0.010058349352386546,1400.0777106285095
0.9365853658536586,0.2395833283662796,,0.0,0.3507180104599051,0.2874417274245687,1.9085733288008233,0.2874417274245687,,0.8586956521739131,-4.683964252471924,1.4204427003860474,0.15217390656471252,1.0571148,1.0633143,0.0015385230963252889,0.006734724990467234,1513.1263823509216
0.9803921568627451,0.29499998688697815,,0.0,0.24950844680858872,0.20159667524431293,1.990251599732092,0.20159667524431293,,0.8983050847457628,-1.6842120885849,1.6014635562896729,0.0,1.0544091,1.0577013,0.009189681924923969,0.0041822376494558295,1547.0355608463287
