model_returned_smth,valid_cf_disc,dissimilarity_proximity_categorical_hamming,dissimilarity_proximity_categorical_jaccard,dissimilarity_proximity_continuous_manhatan,dissimilarity_proximity_continuous_euclidean,dissimilarity_proximity_continuous_mad,distance_l2_jaccard,distance_mad_hamming,sparsity,flow_log_density_cfs,flow_log_density_xs,flow_prob_condition_acc,lof_scores_xs,lof_scores_cfs,isolation_forest_scores_xs,isolation_forest_scores_cfs,time
1.0,1.0,,0.0,0.39242849918707023,0.29558400273090046,1.7935299333366679,0.29558400273090046,,0.9975609756097561,-7.541583061218262,1.4153826236724854,0.1024390235543251,1.0847646,1.0707362,-0.004770116107136625,-0.0012627713548200503,887.4724142551422
1.0,1.0,,0.0,0.3385997382333366,0.26774694498788154,1.7472544603095186,0.26774694498788154,,0.9926829268292683,-7.379531383514404,1.3076914548873901,0.12195122241973877,1.0693783,1.0682523,-0.0007155574813528565,-0.004374289926856514,914.878719329834
1.0,1.0,,0.0,0.36246430224898024,0.2802698142369038,1.8450801431405834,0.2802698142369038,,1.0,-5.95454216003418,1.4187835454940796,0.024390242993831635,1.0831072,1.0712361,0.002454512455186691,-0.003927495324114615,911.4906742572784
1.0,1.0,,0.0,0.3566356363087302,0.26701211104771716,1.9453308603953479,0.26701211104771716,,0.9951219512195122,-6.709824085235596,1.3041713237762451,0.06829268485307693,1.0816976,1.0763149,0.0041438517979381,-0.0019999415449208444,908.1611521244049
1.0,1.0,,0.0,0.33344904753361265,0.265181204817001,1.6904753196948008,0.265181204817001,,0.9901960784313726,-5.707260608673096,1.4616645574569702,0.12745098769664764,1.0835363,1.0786974,0.004536321383919541,-0.0019631140848475202,898.5198247432709
