,train_ll,test_ll
0,1.6431636810302734,1.6455806493759155
