,precision,recall,f1-score,support
0,0.7962085308056872,0.7567567567567568,0.7759815242494227,222.0
1,0.7682403433476395,0.8063063063063063,0.7868131868131868,222.0
accuracy,0.7815315315315315,0.7815315315315315,0.7815315315315315,0.7815315315315315
macro avg,0.7822244370766633,0.7815315315315315,0.7813973555313047,444.0
weighted avg,0.7822244370766633,0.7815315315315315,0.7813973555313047,444.0
