model_returned_smth,valid_cf_disc,dissimilarity_proximity_categorical_hamming,dissimilarity_proximity_categorical_jaccard,dissimilarity_proximity_continuous_manhatan,dissimilarity_proximity_continuous_euclidean,dissimilarity_proximity_continuous_mad,distance_l2_jaccard,distance_mad_hamming,sparsity,flow_log_density_cfs,flow_log_density_xs,flow_prob_condition_acc,lof_scores_xs,lof_scores_cfs,isolation_forest_scores_xs,isolation_forest_scores_cfs,plausibility,cf_belongs_to_group,K_vectors,time
1.0,1.0,,0.0,0.9642315353568712,0.6249672301079838,11.862493501769173,0.6249672301079838,,1.0,-3.3217484951019287,1.5648083686828613,0.0972222238779068,1.0716199,1.4758366,0.024158561595943522,-0.09314773007896456,0.11516263800121816,1.0,1,46.87640190124512
1.0,1.0,,0.0,0.8083435978471964,0.5184852274789764,9.116588446471068,0.5184852274789764,,1.0,-0.04912335053086281,1.5620423555374146,0.3198198080062866,1.0738702,1.204963,0.02712622691864022,-0.04237412491087837,0.09279557269520787,1.0,1,45.29600787162781
1.0,1.0,,0.0,0.9971153156983913,0.6346546214723993,9.640632734493334,0.6346546214723993,,1.0,-1.6932753324508667,1.480239987373352,0.15510204434394836,1.0828768,1.4076476,0.016654778386099838,-0.07338054956984777,0.13324978758710665,1.0,1,50.23001003265381
1.0,1.0,,0.0,0.8663320147737106,0.5479134270367197,10.105042545476817,0.5479134270367197,,1.0,-0.39257773756980896,1.6399173736572266,0.24884793162345886,1.0670599,1.269475,0.027624464175568127,-0.06558802196313802,0.09812732374640491,1.0,1,44.09516716003418
1.0,1.0,,0.0,0.8231616684257291,0.5307433532225302,9.758403427656306,0.5307433532225302,,1.0,-0.32696306705474854,1.6191729307174683,0.3162790834903717,1.0653164,1.2398607,0.026611445696256345,-0.051879412648440155,0.08592712715035122,1.0,1,45.60473704338074
