model_returned_smth,valid_cf_disc,dissimilarity_proximity_categorical_hamming,dissimilarity_proximity_categorical_jaccard,dissimilarity_proximity_continuous_manhatan,dissimilarity_proximity_continuous_euclidean,dissimilarity_proximity_continuous_mad,distance_l2_jaccard,distance_mad_hamming,sparsity,flow_log_density_cfs,flow_log_density_xs,flow_prob_condition_acc,lof_scores_xs,lof_scores_cfs,isolation_forest_scores_xs,isolation_forest_scores_cfs,plausibility,cf_belongs_to_group,K_vectors,time
1.0,1.0,,0.0,0.5379730318974772,0.3156578806646582,5.934481083794877,0.3156578806646582,,1.0,1.8117817640304565,1.5648083686828613,0.8240740895271301,1.0716199,1.0697626,0.024158561595943522,0.032192202379946314,0.05110573971373184,1.0,1,31.209184885025024
1.0,0.9954954981803894,,0.0,0.3431925903752918,0.20045626064179048,3.6072538374371117,0.20045626064179048,,1.0,1.7031110525131226,1.5813517570495605,0.8461538553237915,1.0738702,1.0643536,0.02712622691864022,0.048494135712713736,0.05233285015878471,1.0,1,74.7019898891449
1.0,0.9918367266654968,,0.0,0.5062533968277736,0.2964557979077732,4.784451804717873,0.2964557979077732,,1.0,1.8356589078903198,1.5020349025726318,0.8148148059844971,1.0828768,1.0680346,0.016654778386099838,0.03454433592149411,0.051582493201938265,1.0,1,46.33577799797058
1.0,1.0,,0.0,0.35633197624219176,0.2068917279720724,3.6101957313750748,0.2068917279720724,,1.0,1.658469796180725,1.6399173736572266,0.8479262590408325,1.0670599,1.0566608,0.027624464175568127,0.04914185106711596,0.056076270371109016,1.0,1,77.58937668800354
1.0,1.0,,0.0,0.34802600756114305,0.20587923646004178,3.750225839018822,0.20587923646004178,,1.0,1.6517345905303955,1.6191729307174683,0.8232558369636536,1.0653164,1.0590928,0.026611445696256345,0.04599655673209993,0.05781992992912431,1.0,1,76.13571214675903
