model_returned_smth,valid_cf_disc,dissimilarity_proximity_categorical_hamming,dissimilarity_proximity_categorical_jaccard,dissimilarity_proximity_continuous_manhatan,dissimilarity_proximity_continuous_euclidean,dissimilarity_proximity_continuous_mad,distance_l2_jaccard,distance_mad_hamming,sparsity,flow_log_density_cfs,flow_log_density_xs,flow_prob_condition_acc,lof_scores_xs,lof_scores_cfs,isolation_forest_scores_xs,isolation_forest_scores_cfs,plausibility,cf_belongs_to_group,K_vectors,time
1.0,0.9780701994895935,,0.0,0.8845774206946784,0.5166886291304322,9.257457758813695,0.5166886291304322,,1.0,0.956885576248169,1.8078020811080933,0.47533631324768066,1.0644664,1.1114362,0.026382907968151362,-0.01793678704399135,0.06827406263454314,1.0,1,27.910907983779907
1.0,0.9684684872627258,,0.0,0.7664575288462084,0.4476217617551926,9.190303558527036,0.4476217617551926,,1.0,1.270326852798462,1.8536993265151978,0.5674418807029724,1.061338,1.0817055,0.033168611642761484,0.007910037721072823,0.05951259708477234,1.0,1,15.454737186431885
1.0,0.9748743772506714,,0.0,0.8292804066975092,0.4832329776047018,8.570932437464133,0.4832329776047018,,1.0,1.1537960767745972,1.800058364868164,0.5360824465751648,1.0594473,1.0850722,0.02524533560054633,-0.0033902822105227794,0.06002499295493371,1.0,1,20.141900062561035
1.0,0.9779735803604126,,0.0,0.8166860593734561,0.4802610039387966,9.15379238558245,0.4802610039387966,,1.0,1.1899229288101196,1.8962063789367676,0.6441441178321838,1.0522915,1.0888636,0.02809391675656807,-0.0019150655612088854,0.060954239291205574,1.0,1,19.324761152267456
1.0,0.9650654792785645,,0.0,0.8082783222198486,0.47327231230447075,8.704704284667969,0.47327231230447075,,1.0,1.1424641609191895,1.7961567640304565,0.5248869061470032,1.070997,1.0941272,0.02224821934928752,0.0019334941142879604,0.06538478178186713,1.0,1,30.339932203292847
