model_returned_smth,valid_cf_disc,dissimilarity_proximity_categorical_hamming,dissimilarity_proximity_categorical_jaccard,dissimilarity_proximity_continuous_manhatan,dissimilarity_proximity_continuous_euclidean,dissimilarity_proximity_continuous_mad,distance_l2_jaccard,distance_mad_hamming,sparsity,flow_log_density_cfs,flow_log_density_xs,flow_prob_condition_acc,lof_scores_xs,lof_scores_cfs,isolation_forest_scores_xs,isolation_forest_scores_cfs,plausibility,cf_belongs_to_group,K_vectors,time
1.0,0.9871244430541992,,0.0,1.1265759772256665,0.6526748396026061,11.258346557617188,0.6526748396026061,,1.0,0.043263912200927734,1.7671681642532349,0.2869565188884735,1.0605766,1.2267985,0.029199696069947073,-0.068407395200284,0.08732661922437865,1.0,1,10.300570964813232
1.0,0.9950000047683716,,0.0,1.0139598241403474,0.5857729493064904,11.945121769929052,0.5857729493064904,,1.0,0.6393829584121704,1.8770188093185425,0.3467336595058441,1.0575917,1.1303531,0.03242778616236805,-0.033111759940265724,0.07235490871223679,1.0,1,10.742364883422852
1.0,0.9880239367485046,,0.0,0.856883165511218,0.4947606721520241,9.857550684611002,0.4947606721520241,,1.0,1.2550938129425049,1.8862500190734863,0.6363636255264282,1.0601087,1.0706851,0.023895651543884323,0.008042407103667921,0.05770985263814105,1.0,1,7.764669895172119
1.0,0.9854369163513184,,0.0,0.7356118648657071,0.497585460451659,9.373141580027312,0.497585460451659,,1.0,-0.057584457099437714,1.9993311166763306,0.2610837519168854,1.0462512,1.2084275,0.02954682969236264,-0.031303155456503334,0.09453911639071826,1.0,1,49.78245401382446
1.0,0.9864253401756287,,0.0,0.9689379643409624,0.5599305710320857,9.90689468383789,0.5599305710320857,,1.0,0.7240251898765564,1.7881220579147339,0.3807339370250702,1.0707911,1.1231313,0.02275276776030527,-0.017715789395608444,0.07661764302520971,1.0,1,9.262296915054321
