model_returned_smth,valid_cf_disc,dissimilarity_proximity_categorical_hamming,dissimilarity_proximity_categorical_jaccard,dissimilarity_proximity_continuous_manhatan,dissimilarity_proximity_continuous_euclidean,dissimilarity_proximity_continuous_mad,distance_l2_jaccard,distance_mad_hamming,sparsity,flow_log_density_cfs,flow_log_density_xs,flow_prob_condition_acc,lof_scores_xs,lof_scores_cfs,isolation_forest_scores_xs,isolation_forest_scores_cfs,plausibility,cf_belongs_to_group,K_vectors,time
1.0,1.0,,0.0,0.34941649831469274,0.20381637765498314,3.817489113520693,0.20381637765498314,,1.0,1.8018567562103271,1.5648083686828613,0.7824074029922485,1.0716199,1.0611565,0.024158561595943522,0.04999572881238278,0.05238028955609538,1.0,216,15.645041942596436
1.0,1.0,,0.0,0.3515624489031128,0.20454050929955975,3.5920293870809914,0.20454050929955975,,1.0,1.7710200548171997,1.5620423555374146,0.7567567825317383,1.0738702,1.0648009,0.02712622691864022,0.05074768816973335,0.052131017777995434,1.0,222,15.793338060379028
1.0,1.0,,0.0,0.37061150541186944,0.21520196141759332,3.320393901090233,0.21520196141759332,,1.0,1.5744073390960693,1.480239987373352,0.7020407915115356,1.0828768,1.0590551,0.016654778386099838,0.04092121070854885,0.05414819941318551,1.0,245,16.251718282699585
1.0,1.0,,0.0,0.3297823668041262,0.19171266279803095,3.4823718252269904,0.19171266279803095,,1.0,1.677417278289795,1.6399173736572266,0.7557603716850281,1.0670599,1.0523361,0.027624464175568127,0.048485244307114435,0.05570835313389895,1.0,217,15.38750696182251
1.0,1.0,,0.0,0.3481750358762436,0.20265336099292194,3.6899945996528447,0.20265336099292194,,1.0,1.6175824403762817,1.6191729307174683,0.7023255825042725,1.0653164,1.0609051,0.026611445696256345,0.0477865715978046,0.058785458515989424,1.0,215,15.852499961853027
