model_returned_smth,valid_cf_disc,dissimilarity_proximity_categorical_hamming,dissimilarity_proximity_categorical_jaccard,dissimilarity_proximity_continuous_manhatan,dissimilarity_proximity_continuous_euclidean,dissimilarity_proximity_continuous_mad,distance_l2_jaccard,distance_mad_hamming,sparsity,flow_log_density_cfs,flow_log_density_xs,flow_prob_condition_acc,lof_scores_xs,lof_scores_cfs,isolation_forest_scores_xs,isolation_forest_scores_cfs,plausibility,cf_belongs_to_group,K_vectors,time
1.0,1.0,,0.0,1.0040767303142715,0.6415516776459462,12.318068441056527,0.6415516776459462,,1.0,-2.473507881164551,1.5551072359085083,0.09004739671945572,1.0760846,1.5197812,0.02099537031831585,-0.09695068815323807,0.120405612255665,1.0,1,55.290016174316406
1.0,1.0,,0.0,1.1257703662010246,0.649963842948727,11.5236117175368,0.649963842948727,,1.0,-2.638424873352051,1.492531418800354,0.2704918086528778,1.0758107,1.5040103,0.028278266099006428,-0.06755624451906693,0.13158363321821864,1.0,1,11.392835855484009
1.0,1.0,,0.0,1.1165242769557056,0.704615954104422,10.983584782707132,0.704615954104422,,1.0,-13.317112922668457,1.361673355102539,0.09386281669139862,1.0797714,1.6315213,0.018460897766333927,-0.0966516879735572,0.1884167678561262,1.0,1,62.30250310897827
1.0,1.0,,0.0,0.9882577621855405,0.6171000050851313,11.383784979331393,0.6171000050851313,,1.0,-3.0656301975250244,1.505452275276184,0.18907563388347626,1.070985,1.4239995,0.02640832316475854,-0.09184257957458998,0.12891115112160864,1.0,1,62.783390283584595
1.0,1.0,,0.0,1.1417795432472577,0.6592496498334458,11.776594033690312,0.6592496498334458,,1.0,-3.8740196228027344,1.505518913269043,0.22421523928642273,1.065724,1.5042946,0.025954894083652428,-0.07235530312418638,0.1312573522952977,1.0,1,12.858579874038696
