model_returned_smth,valid_cf_disc,dissimilarity_proximity_categorical_hamming,dissimilarity_proximity_categorical_jaccard,dissimilarity_proximity_continuous_manhatan,dissimilarity_proximity_continuous_euclidean,dissimilarity_proximity_continuous_mad,distance_l2_jaccard,distance_mad_hamming,sparsity,flow_log_density_cfs,flow_log_density_xs,flow_prob_condition_acc,lof_scores_xs,lof_scores_cfs,isolation_forest_scores_xs,isolation_forest_scores_cfs,plausibility,cf_belongs_to_group,K_vectors,time
1.0,1.0,,0.0,0.36023245655457703,0.20974834493457406,3.658946946524737,0.20974834493457406,,1.0,1.8279861211776733,1.7463507652282715,0.7982456088066101,1.0644664,1.043482,0.026382907968151362,0.054660463066990087,0.04837463118558583,1.0,228,11.773255109786987
1.0,1.0,,0.0,0.3476596181574571,0.20202077112862926,4.044299176147392,0.20202077112862926,,1.0,1.878801941871643,1.7834303379058838,0.837837815284729,1.061338,1.0444521,0.033168611642761484,0.05966065345701017,0.04527754536175643,1.0,222,11.182600021362305
1.0,1.0,,0.0,0.36548170507253713,0.21223519096190369,3.7447499084712272,0.21223519096190369,,1.0,1.900496006011963,1.7676777839660645,0.8090452551841736,1.0594473,1.0443808,0.02524533560054633,0.04837406523871081,0.04746371221705733,1.0,199,12.50074315071106
1.0,1.0,,0.0,0.35699590180676416,0.2073808283114704,3.9025398479684332,0.2073808283114704,,1.0,1.944872498512268,1.8524659872055054,0.8546255230903625,1.0522915,1.0375247,0.02809391675656807,0.05609734226053671,0.047359586756089506,1.0,227,12.191833019256592
1.0,1.0,,0.0,0.38017694196586527,0.2209751435825728,3.9883732069527738,0.2209751435825728,,1.0,2.013967752456665,1.7227544784545898,0.8384279608726501,1.070997,1.0468372,0.02224821934928752,0.05138300566289999,0.05482558451461272,1.0,229,12.335416078567505
