model_returned_smth,valid_cf_disc,dissimilarity_proximity_categorical_hamming,dissimilarity_proximity_categorical_jaccard,dissimilarity_proximity_continuous_manhatan,dissimilarity_proximity_continuous_euclidean,dissimilarity_proximity_continuous_mad,distance_l2_jaccard,distance_mad_hamming,sparsity,flow_log_density_cfs,flow_log_density_xs,flow_prob_condition_acc,lof_scores_xs,lof_scores_cfs,isolation_forest_scores_xs,isolation_forest_scores_cfs,plausibility,cf_belongs_to_group,K_vectors,time
1.0,0.9121951460838318,,0.0,0.7058294963111533,0.4256837315295052,8.577303019436924,0.4256837315295052,,1.0,0.9910955429077148,1.6850563287734985,0.6042780876159668,1.0766284,1.1294938,0.02048706982969867,-0.0020545762798686515,0.0662109680051582,1.0,1,18.318286895751953
1.0,0.9094650149345398,,0.0,0.6766432505690944,0.40394666848702887,7.74645428420192,0.40394666848702887,,1.0,1.1573566198349,1.5888419151306152,0.6334841847419739,1.0746084,1.1185904,0.028288019721828546,-0.0005993683895032551,0.06863771795543794,1.0,1,14.213573694229126
1.0,0.8876811861991882,,0.0,0.6608109728718291,0.4101558912681005,6.6303576936527175,0.4101558912681005,,1.0,0.5674863457679749,1.5169625282287598,0.5959183573722839,1.0790329,1.1504265,0.01895129687215262,-0.007576737779358722,0.0749469965106377,1.0,1,34.77665829658508
1.0,0.8958333134651184,,0.0,0.6562353962902413,0.4068151626291736,8.36370107517686,0.4068151626291736,,1.0,0.8116515874862671,1.6193281412124634,0.6093023419380188,1.0683243,1.1509516,0.027441217653846026,-0.01540961456846356,0.07473459286799267,1.0,1,17.92512798309326
1.0,0.8755365014076233,,0.0,0.6437563204809147,0.39638703074903814,7.5925547258526676,0.39638703074903814,,1.0,1.2211416959762573,1.6604580879211426,0.6764705777168274,1.0642377,1.1168841,0.026574770366117138,-0.0027604583576718265,0.062205976481166415,1.0,1,11.474029779434204
