model_returned_smth,valid_cf_disc,dissimilarity_proximity_categorical_hamming,dissimilarity_proximity_categorical_jaccard,dissimilarity_proximity_continuous_manhatan,dissimilarity_proximity_continuous_euclidean,dissimilarity_proximity_continuous_mad,distance_l2_jaccard,distance_mad_hamming,sparsity,flow_log_density_cfs,flow_log_density_xs,flow_prob_condition_acc,lof_scores_xs,lof_scores_cfs,isolation_forest_scores_xs,isolation_forest_scores_cfs,plausibility,cf_belongs_to_group,K_vectors,time
1.0,0.9377990365028381,,0.0,0.4269889676895905,0.2514841275022782,4.393384166518036,0.2514841275022782,,1.0,2.190577507019043,1.5403811931610107,1.0,1.0755109,1.0425637,0.021301326624054314,0.06321503183590868,0.04548147087318315,1.0,209,16.853759050369263
1.0,0.9591836929321289,,0.0,0.4553514742946371,0.26616791668288237,4.574342049436367,0.26616791668288237,,1.0,2.1549105644226074,1.524704933166504,1.0,1.0716269,1.0391003,0.02966459966428912,0.055101497076448444,0.0425534170503973,1.0,245,8.938313245773315
1.0,0.974452555179596,,0.0,0.49132380736747594,0.31877669309902734,4.756697157572272,0.31877669309902734,,1.0,2.0152783393859863,1.3746190071105957,1.0,1.0801581,1.052174,0.01841133982310338,0.03474706696756124,0.04816397878334909,1.0,274,82.1766152381897
1.0,0.9572649598121643,,0.0,0.4483375853825627,0.26461372027972224,4.696607630699873,0.26461372027972224,,1.0,2.3165907859802246,1.531980276107788,1.0,1.0680054,1.0285516,0.027558721312750667,0.05501263053246679,0.043018169040268436,1.0,234,19.023088932037354
1.0,0.9681817889213562,,0.0,0.44030380676644787,0.2615928229939665,4.640473751954629,0.2615928229939665,,1.0,2.2634055614471436,1.4896355867385864,1.0,1.0657647,1.0449493,0.025279007726605608,0.055007591344173996,0.04919047413771453,1.0,220,9.133119821548462
