model_returned_smth,valid_cf_disc,dissimilarity_proximity_categorical_hamming,dissimilarity_proximity_categorical_jaccard,dissimilarity_proximity_continuous_manhatan,dissimilarity_proximity_continuous_euclidean,dissimilarity_proximity_continuous_mad,distance_l2_jaccard,distance_mad_hamming,sparsity,flow_log_density_cfs,flow_log_density_xs,flow_prob_condition_acc,lof_scores_xs,lof_scores_cfs,isolation_forest_scores_xs,isolation_forest_scores_cfs,plausibility,cf_belongs_to_group,K_vectors,time
1.0,0.9181034564971924,,0.0,0.8008779859598814,0.4707640894003994,8.705671552201393,0.4707640894003994,,1.0,1.2781338691711426,1.8500702381134033,0.6197183132171631,1.0591877,1.0877074,0.029811924251513577,-0.0035922611493777678,0.06252018900330039,1.0,1,12.707651138305664
1.0,0.9126213788986206,,0.0,0.7165721085794429,0.42182027366903163,8.44585423266634,0.42182027366903163,,1.0,1.5069166421890259,1.937744140625,0.7021276354789734,1.0571489,1.0690112,0.032510219411844433,0.019028936258288616,0.05623791168474317,1.0,1,14.01290488243103
1.0,0.8901734352111816,,0.0,0.7124556564278417,0.4143139505040389,9.084753897282985,0.4143139505040389,,1.0,1.5704882144927979,1.9635463953018188,0.7467532753944397,1.0563613,1.0626928,0.02514412328117059,0.024900127358920002,0.05158884213610526,1.0,1,22.118107080459595
1.0,0.9405940771102905,,0.0,0.7770732045173645,0.459335633891354,9.30376148223877,0.459335633891354,,1.0,1.4368231296539307,2.048462152481079,0.7315789461135864,1.047035,1.0557754,0.030485894371063554,0.013303507836734885,0.05581143813363228,1.0,1,17.829452991485596
1.0,0.9318181872367859,,0.0,0.767662913479456,0.44742068393570233,8.27250465300025,0.44742068393570233,,1.0,1.3342691659927368,1.8277262449264526,0.6536585092544556,1.0719653,1.0783837,0.022454255769465383,0.012684084892827413,0.061195006310357264,1.0,1,17.35104489326477
