model_returned_smth,valid_cf_disc,dissimilarity_proximity_categorical_hamming,dissimilarity_proximity_categorical_jaccard,dissimilarity_proximity_continuous_manhatan,dissimilarity_proximity_continuous_euclidean,dissimilarity_proximity_continuous_mad,distance_l2_jaccard,distance_mad_hamming,sparsity,flow_log_density_cfs,flow_log_density_xs,flow_prob_condition_acc,lof_scores_xs,lof_scores_cfs,isolation_forest_scores_xs,isolation_forest_scores_cfs,plausibility,cf_belongs_to_group,K_vectors,time
1.0,0.270386278629303,,0.0,0.5996810122141762,0.3775436927335806,7.585510055697154,0.3775436927335806,,1.0,1.9127349853515625,1.1634645462036133,0.9047619104385376,1.0605766,1.0427136,0.029199696069947073,0.05435954501451526,0.050335733338013514,1.0,22,332.2366073131561
1.0,0.26499998569488525,,0.0,0.5322448212020802,0.3285367776225697,7.351069275711505,0.3285367776225697,,1.0,1.799512267112732,1.5199894905090332,0.7924528121948242,1.0575917,1.0423645,0.03242778616236805,0.05820189519585837,0.039898630368559174,1.0,17,189.43565797805786
1.0,0.2514970004558563,,0.0,0.558069231964293,0.3438741172801715,7.038487413986807,0.3438741172801715,,1.0,1.5410913228988647,1.0887510776519775,0.6904761791229248,1.0601087,1.0358276,0.023895651543884323,0.05144144536015222,0.052229157683756675,1.0,16,172.3019950389862
1.0,0.25242719054222107,,0.0,0.5430150140936558,0.3455844754875841,8.363541425922168,0.3455844754875841,,1.0,1.9455983638763428,1.5447367429733276,0.9230769276618958,1.0462512,1.0337691,0.02954682969236264,0.05711108562380017,0.0488847542614479,1.0,16,217.82315301895142
1.0,0.1945701390504837,,0.0,0.5997948327729868,0.3747606584484797,8.49114273869714,0.3747606584484797,,1.0,2.0011191368103027,1.17156982421875,0.8837209343910217,1.0707911,1.0428239,0.02275276776030527,0.05062484629663415,0.04591178555617562,1.0,18,238.5383141040802
