model_returned_smth,valid_cf_disc,dissimilarity_proximity_categorical_hamming,dissimilarity_proximity_categorical_jaccard,dissimilarity_proximity_continuous_manhatan,dissimilarity_proximity_continuous_euclidean,dissimilarity_proximity_continuous_mad,distance_l2_jaccard,distance_mad_hamming,sparsity,flow_log_density_cfs,flow_log_density_xs,flow_prob_condition_acc,lof_scores_xs,lof_scores_cfs,isolation_forest_scores_xs,isolation_forest_scores_cfs,plausibility,cf_belongs_to_group,K_vectors,time
1.0,1.0,,0.0,0.288711971488961,0.18742278478767174,3.092475874251441,0.18742278478767174,,1.0,1.7449049949645996,1.7463507652282715,0.7938596606254578,1.0644664,1.0412444,0.026382907968151362,0.053231588673588626,0.04991781294806982,1.0,20,178.52687287330627
1.0,1.0,,0.0,0.2845803565672926,0.1826843334985988,3.3675796457373344,0.1826843334985988,,1.0,1.8544961214065552,1.7834303379058838,0.8063063025474548,1.061338,1.04086,0.033168611642761484,0.060313072399027126,0.04328548249261874,1.0,21,189.66287899017334
1.0,1.0,,0.0,0.30195098246761304,0.192315904082106,3.2705858575938334,0.192315904082106,,1.0,1.8226821422576904,1.7676777839660645,0.80402010679245,1.0594473,1.0417705,0.02524533560054633,0.04657622617294682,0.05132512940683281,1.0,18,164.669438123703
1.0,1.0,,0.0,0.296865496013133,0.18853607635004602,3.499144965134528,0.18853607635004602,,1.0,1.8363001346588135,1.8524659872055054,0.8281938433647156,1.0522915,1.036427,0.02809391675656807,0.05595970372390896,0.04958652996101916,1.0,18,188.01338529586792
1.0,1.0,,0.0,0.31222041042350784,0.20123073926756688,3.485534697640931,0.20123073926756688,,1.0,2.059429168701172,1.7227544784545898,0.8515284061431885,1.070997,1.0362592,0.02224821934928752,0.05135897093477987,0.05385105982630964,1.0,20,191.84910917282104
