model_returned_smth,valid_cf_disc,dissimilarity_proximity_categorical_hamming,dissimilarity_proximity_categorical_jaccard,dissimilarity_proximity_continuous_manhatan,dissimilarity_proximity_continuous_euclidean,dissimilarity_proximity_continuous_mad,distance_l2_jaccard,distance_mad_hamming,sparsity,flow_log_density_cfs,flow_log_density_xs,flow_prob_condition_acc,lof_scores_xs,lof_scores_cfs,isolation_forest_scores_xs,isolation_forest_scores_cfs,plausibility,cf_belongs_to_group,K_vectors,time
1.0,1.0,,0.0,0.6442477500402473,0.37955206064315,6.769521036909686,0.37955206064315,,1.0,1.890299677848816,1.5648083686828613,0.9814814925193787,1.0716199,1.0498701,0.024158561595943522,0.02681368558109555,0.050235407507677174,1.0,28,189.60540390014648
1.0,1.0,,0.0,0.3609918872616044,0.22072599553558428,3.7484019969229228,0.22072599553558428,,1.0,2.0571556091308594,1.5620423555374146,1.0,1.0738702,1.0378809,0.02712622691864022,0.06070020498365872,0.04334001633533934,1.0,35,338.2734739780426
1.0,1.0,,0.0,0.6078882545726944,0.3588470575959257,5.401786137600334,0.3588470575959257,,1.0,1.9814082384109497,1.480239987373352,0.9877551198005676,1.0828768,1.042404,0.016654778386099838,0.03442873261831111,0.04985425320062832,1.0,41,71.48926210403442
1.0,1.0,,0.0,0.36849942918403356,0.22222241565203263,3.767045766801878,0.22222241565203263,,1.0,1.9365581274032593,1.6399173736572266,0.9769585132598877,1.0670599,1.0312186,0.027624464175568127,0.05596999436631874,0.046927708947366246,0.9953917050691244,36,290.9843168258667
1.0,1.0,,0.0,0.435962706050554,0.26744341624139106,4.662406270864398,0.26744341624139106,,1.0,2.1636710166931152,1.6191729307174683,0.9674418568611145,1.0653164,1.0400006,0.026611445696256345,0.04926318467037647,0.046092326806614604,0.9953488372093023,32,236.414705991745
