model_returned_smth,valid_cf_disc,dissimilarity_proximity_categorical_hamming,dissimilarity_proximity_categorical_jaccard,dissimilarity_proximity_continuous_manhatan,dissimilarity_proximity_continuous_euclidean,dissimilarity_proximity_continuous_mad,distance_l2_jaccard,distance_mad_hamming,sparsity,flow_log_density_cfs,flow_log_density_xs,flow_prob_condition_acc,lof_scores_xs,lof_scores_cfs,isolation_forest_scores_xs,isolation_forest_scores_cfs,plausibility,cf_belongs_to_group,K_vectors,time
1.0,1.0,,0.0,0.36558400364851373,0.21480692823449754,3.827892509875474,0.21480692823449754,,1.0,1.9837172031402588,1.5648083686828613,1.0,1.0716199,1.0357661,0.024158561595943522,0.05927655221212386,0.04520158933296878,1.0,216,35.63975667953491
1.0,1.0,,0.0,0.34926028279503724,0.2058642799489105,3.505331112793437,0.2058642799489105,,1.0,1.8810147047042847,1.5620423555374146,1.0,1.0738702,1.0358125,0.02712622691864022,0.06101077681146502,0.04755289581709891,1.0,222,11.32152509689331
1.0,1.0,,0.0,0.36844755264037116,0.21811023136912358,3.293949006771555,0.21811023136912358,,1.0,1.7583835124969482,1.480239987373352,1.0,1.0828768,1.0346409,0.016654778386099838,0.04890457133976498,0.049060814311201156,1.0,245,22.16793417930603
1.0,1.0,,0.0,0.335365270191486,0.1966955118395689,3.4773560664895493,0.1966955118395689,,1.0,1.8352588415145874,1.6399173736572266,1.0,1.0670599,1.0311075,0.027624464175568127,0.05957870303804677,0.051459032648099624,1.0,217,13.507200002670288
1.0,1.0,,0.0,0.35358663195267664,0.20662033404872654,3.6700022615665615,0.20662033404872654,,1.0,1.7295122146606445,1.6191729307174683,1.0,1.0653164,1.0392913,0.026611445696256345,0.05375778387717589,0.05408687136102544,1.0,215,17.35094714164734
