model_returned_smth,valid_cf_disc,dissimilarity_proximity_categorical_hamming,dissimilarity_proximity_categorical_jaccard,dissimilarity_proximity_continuous_manhatan,dissimilarity_proximity_continuous_euclidean,dissimilarity_proximity_continuous_mad,distance_l2_jaccard,distance_mad_hamming,sparsity,flow_log_density_cfs,flow_log_density_xs,flow_prob_condition_acc,lof_scores_xs,lof_scores_cfs,isolation_forest_scores_xs,isolation_forest_scores_cfs,plausibility,cf_belongs_to_group,K_vectors,time
1.0,1.0,,0.0,0.9377484875159305,0.6097388248122124,10.058608055114746,0.6097388248122124,,1.0,-2.308589220046997,1.7463507652282715,0.179824560880661,1.0644664,1.465487,0.026382907968151362,-0.06195902067293426,0.11344973852858346,1.0,1,38.85965299606323
1.0,1.0,,0.0,0.9582481118472846,0.6164256898148843,11.344067736788913,0.6164256898148843,,1.0,-1.3351242542266846,1.7834303379058838,0.11711711436510086,1.061338,1.4682677,0.033168611642761484,-0.06746999588416487,0.1370017338669368,1.0,1,37.10162711143494
1.0,1.0,,0.0,0.8468144260459209,0.5394291011043136,9.18242822580002,0.5394291011043136,,1.0,-2.7638001441955566,1.7676777839660645,0.25628140568733215,1.0594473,1.3079077,0.02524533560054633,-0.042260100993927,0.08844134714867,1.0,1,36.59589219093323
1.0,1.0,,0.0,0.9858089416300148,0.6238175974796816,11.618412017822266,0.6238175974796816,,1.0,-1.3354499340057373,1.8524659872055054,0.12334802001714706,1.0522915,1.4312091,0.02809391675656807,-0.07414950287512448,0.13511406817512225,1.0,1,37.16988801956177
1.0,1.0,,0.0,0.8512755352597049,0.5512136399140745,9.523573129978763,0.5512136399140745,,1.0,-0.5696364045143127,1.7227544784545898,0.235807865858078,1.070997,1.3223867,0.02224821934928752,-0.04893363437369289,0.1004035948252557,1.0,1,38.62506079673767
