model_returned_smth,valid_cf_disc,dissimilarity_proximity_categorical_hamming,dissimilarity_proximity_categorical_jaccard,dissimilarity_proximity_continuous_manhatan,dissimilarity_proximity_continuous_euclidean,dissimilarity_proximity_continuous_mad,distance_l2_jaccard,distance_mad_hamming,sparsity,flow_log_density_cfs,flow_log_density_xs,flow_prob_condition_acc,lof_scores_xs,lof_scores_cfs,isolation_forest_scores_xs,isolation_forest_scores_cfs,plausibility,cf_belongs_to_group,K_vectors,time
1.0,0.6085106134414673,,0.0,0.41596791028351215,0.2587004218426127,4.4585818885923265,0.2587004218426127,,1.0,1.648746132850647,1.3595354557037354,0.9160839319229126,1.0618393,1.0363724,0.02904122122957883,0.05631230118905861,0.05929523113197467,1.0,1,80.95071387290955
1.0,0.43809524178504944,,0.0,0.40187701194182684,0.24498312785032408,3.7616424699840336,0.24498312785032408,,1.0,1.3200905323028564,1.1466779708862305,0.8369565010070801,1.0632623,1.0400012,0.03173488810639805,0.059249047113383566,0.052572527921562855,1.0,1,77.52381896972656
1.0,0.8780487775802612,,0.0,0.4900110764428973,0.2994213449671498,5.5820800684806375,0.2994213449671498,,1.0,2.035299777984619,1.9006571769714355,0.9236111044883728,1.0601275,1.0310553,0.023852371949056674,0.047531392254394664,0.042698034983992446,1.0,1,25.983088970184326
1.0,0.4215686321258545,,0.0,0.38400090589772823,0.23797272401494748,3.598793230777563,0.23797272401494748,,1.0,1.4334321022033691,1.2448585033416748,0.8255813717842102,1.0481125,1.0352544,0.028550595064841644,0.06063527740424428,0.06286155939728903,1.0,1,79.30759811401367
1.0,0.3665158450603485,,0.0,0.39542601689880275,0.24876121995376124,2.8339366417976075,0.24876121995376124,,1.0,1.3067737817764282,0.7919685244560242,0.790123462677002,1.0694754,1.036893,0.02323771170233299,0.0534554595792415,0.06395680214808656,1.0,1,86.83373188972473
