model_returned_smth,valid_cf_disc,dissimilarity_proximity_categorical_hamming,dissimilarity_proximity_categorical_jaccard,dissimilarity_proximity_continuous_manhatan,dissimilarity_proximity_continuous_euclidean,dissimilarity_proximity_continuous_mad,distance_l2_jaccard,distance_mad_hamming,sparsity,flow_log_density_cfs,flow_log_density_xs,flow_prob_condition_acc,lof_scores_xs,lof_scores_cfs,isolation_forest_scores_xs,isolation_forest_scores_cfs,plausibility,cf_belongs_to_group,K_vectors,time
1.0,1.0,,0.0,0.2845896366009213,0.18463990265745725,3.507987272615234,0.18463990265745725,,1.0,1.6022590398788452,1.5648083686828613,0.7129629850387573,1.0716199,1.0705676,0.024158561595943522,0.04256004701877613,0.05618140130968289,1.0,19,325.0132508277893
1.0,1.0,,0.0,0.28812415867641167,0.18522890833494957,3.2552132105773635,0.18522890833494957,,1.0,1.5058916807174683,1.5620423555374146,0.6801801919937134,1.0738702,1.0682987,0.02712622691864022,0.04370912615935408,0.056533930343666196,1.0,22,377.7884931564331
1.0,1.0,,0.0,0.3067439189408811,0.19527649465691332,2.966830150326904,0.19527649465691332,,1.0,1.3316043615341187,1.480239987373352,0.6285714507102966,1.0828768,1.0700351,0.016654778386099838,0.037732722144566674,0.06052183739786101,1.0,21,386.9184591770172
1.0,1.0,,0.0,0.2778065010115573,0.17582189594621797,3.2453945726842925,0.17582189594621797,,1.0,1.4300774335861206,1.6399173736572266,0.6912442445755005,1.0670599,1.0679109,0.027624464175568127,0.04132391824075893,0.057350640293137876,1.0,23,361.4200291633606
1.0,1.0,,0.0,0.283819993230146,0.1834747812291124,3.3724821383176846,0.1834747812291124,,1.0,1.290813684463501,1.6191729307174683,0.6139534711837769,1.0653164,1.0683393,0.026611445696256345,0.0416926034289357,0.06515740250588481,1.0,19,330.23216676712036
