model_returned_smth,valid_cf_disc,dissimilarity_proximity_categorical_hamming,dissimilarity_proximity_categorical_jaccard,dissimilarity_proximity_continuous_manhatan,dissimilarity_proximity_continuous_euclidean,dissimilarity_proximity_continuous_mad,distance_l2_jaccard,distance_mad_hamming,sparsity,flow_log_density_cfs,flow_log_density_xs,flow_prob_condition_acc,lof_scores_xs,lof_scores_cfs,isolation_forest_scores_xs,isolation_forest_scores_cfs,plausibility,cf_belongs_to_group,K_vectors,time
1.0,0.948113203048706,,0.0,0.4406854723214139,0.2716243786172893,4.690357864199586,0.2716243786172893,,1.0,2.0420942306518555,1.5438569784164429,0.9701492786407471,1.0796784,1.045264,0.020641650813486588,0.05011785845251343,0.04839884049611393,0.9952830188679245,33,336.9948148727417
1.0,0.9628099203109741,,0.0,0.49650034856834635,0.30145463775813003,4.9195447126683245,0.30145463775813003,,1.0,2.1872193813323975,1.4936963319778442,0.995708167552948,1.0761454,1.0390218,0.028716151168738043,0.05246460323012834,0.041519390464510364,1.0,36,290.0237262248993
1.0,0.9473684430122375,,0.0,0.5026877088575727,0.31317590891101565,4.704240914627357,0.31317590891101565,,1.0,2.2056591510772705,1.356194257736206,0.9481481313705444,1.0798302,1.0457945,0.018628718476188105,0.043578263154023376,0.0521167943955005,0.9859649122807017,46,415.5598621368408
1.0,0.9572649598121643,,0.0,0.48445681607284186,0.2930964627055153,5.14175699864115,0.2930964627055153,,1.0,2.1921980381011963,1.528954267501831,0.9776785969734192,1.0679849,1.037748,0.026680245207462202,0.04297555217263786,0.04823382854478695,0.9914529914529915,35,376.5481369495392
1.0,0.9561403393745422,,0.0,0.44610251958798103,0.27040422920483337,4.763693461177546,0.27040422920483337,,1.0,2.22037935256958,1.4977957010269165,0.9908257126808167,1.0644276,1.0432793,0.026620559026279654,0.048688658005450816,0.04692774632245466,0.9956140350877193,37,366.5385820865631
