model_returned_smth,valid_cf_disc,dissimilarity_proximity_categorical_hamming,dissimilarity_proximity_categorical_jaccard,dissimilarity_proximity_continuous_manhatan,dissimilarity_proximity_continuous_euclidean,dissimilarity_proximity_continuous_mad,distance_l2_jaccard,distance_mad_hamming,sparsity,flow_log_density_cfs,flow_log_density_xs,flow_prob_condition_acc,lof_scores_xs,lof_scores_cfs,isolation_forest_scores_xs,isolation_forest_scores_cfs,plausibility,cf_belongs_to_group,K_vectors,time
1.0,0.948113203048706,,0.0,0.5897395715478864,0.3455467170598761,6.345933924266948,0.3455467170598761,,1.0,1.6569253206253052,1.5647045373916626,0.8109452724456787,1.07501,1.0799774,0.020689278341667852,0.025309377004062394,0.05526232556853536,1.0,1,20.933050870895386
1.0,0.9585062265396118,,0.0,0.43697948231325523,0.2580562017544124,4.618526277604041,0.2580562017544124,,1.0,1.8828654289245605,1.53069007396698,0.822510838508606,1.0741037,1.0709125,0.028560216053327092,0.04395287450062441,0.05078383710082214,1.0,1,72.53819799423218
1.0,0.8351648449897766,,0.0,0.6134696381428001,0.3703549224872579,5.91369395141016,0.3703549224872579,,1.0,1.5155304670333862,1.5126760005950928,0.8245614171028137,1.0819153,1.1132978,0.01720934379367615,0.009058646748590544,0.06495679440661577,1.0,1,43.62331485748291
1.0,0.9308943152427673,,0.0,0.4482819895264103,0.2626733236437058,4.795706312729282,0.2626733236437058,,1.0,1.9579297304153442,1.5574429035186768,0.8122270703315735,1.0680666,1.0653236,0.027648593721506326,0.03672803260015837,0.051426726351949274,1.0,1,94.49235200881958
1.0,0.9563318490982056,,0.0,0.4179033323459021,0.24788169881964275,4.590720595834462,0.24788169881964275,,1.0,1.889934778213501,1.5084443092346191,0.8036529421806335,1.0637894,1.0665932,0.0261069155970698,0.039974109401730046,0.05588494886950999,1.0,1,74.59687900543213
