model_returned_smth,valid_cf_disc,dissimilarity_proximity_categorical_hamming,dissimilarity_proximity_categorical_jaccard,dissimilarity_proximity_continuous_manhatan,dissimilarity_proximity_continuous_euclidean,dissimilarity_proximity_continuous_mad,distance_l2_jaccard,distance_mad_hamming,sparsity,flow_log_density_cfs,flow_log_density_xs,flow_prob_condition_acc,lof_scores_xs,lof_scores_cfs,isolation_forest_scores_xs,isolation_forest_scores_cfs,plausibility,cf_belongs_to_group,K_vectors,time
1.0,0.9030836820602417,,0.0,0.5690997949097215,0.3404931609034242,5.96928670638945,0.3404931609034242,,1.0,2.0519461631774902,1.7442570924758911,1.0,1.0625199,1.0309263,0.028427492480517427,0.051240495469099284,0.04991221976094197,1.0,31,161.84812307357788
1.0,0.928205132484436,,0.0,0.48808810814638826,0.294415921045403,6.032029225187407,0.294415921045403,,1.0,2.072706460952759,1.8766242265701294,1.0,1.0563288,1.0308039,0.031528806638969537,0.060087334271116295,0.047087456896462425,1.0,21,128.32932996749878
1.0,0.608433723449707,,0.0,0.427024165445035,0.262400114668675,4.485029890985772,0.262400114668675,,1.0,1.7352778911590576,1.4387094974517822,1.0,1.0573303,1.0278411,0.025460737891010898,0.058341780910470285,0.05064247118233964,1.0,20,217.54454684257507
1.0,0.6048780679702759,,0.0,0.41062714027300956,0.2570500780277279,5.121225053865102,0.2570500780277279,,1.0,1.842540979385376,1.5550521612167358,1.0,1.0500075,1.026905,0.02759926150521543,0.06405636209634659,0.05124902573933311,1.0,27,257.41266798973083
1.0,0.8642534017562866,,0.0,0.4961663848130491,0.2987931816430483,5.39153087380981,0.2987931816430483,,1.0,1.9909385442733765,1.7728216648101807,0.9895287752151489,1.0697701,1.0353335,0.023935522275710042,0.05425969768943351,0.04955644716723785,1.0,23,164.10602688789368
