model_returned_smth,valid_cf_disc,dissimilarity_proximity_categorical_hamming,dissimilarity_proximity_categorical_jaccard,dissimilarity_proximity_continuous_manhatan,dissimilarity_proximity_continuous_euclidean,dissimilarity_proximity_continuous_mad,distance_l2_jaccard,distance_mad_hamming,sparsity,flow_log_density_cfs,flow_log_density_xs,flow_prob_condition_acc,lof_scores_xs,lof_scores_cfs,isolation_forest_scores_xs,isolation_forest_scores_cfs,plausibility,cf_belongs_to_group,K_vectors,time
1.0,1.0,,0.0,0.28767774682165237,0.1863208750874131,3.079328503394336,0.1863208750874131,,1.0,1.7292367219924927,1.7463507652282715,0.7938596606254578,1.0644664,1.0410628,0.026382907968151362,0.05315529288811774,0.05003366840639628,1.0,1,32.998098850250244
1.0,1.0,,0.0,0.27260399759151377,0.17596693202711033,3.2271566463483348,0.17596693202711033,,1.0,1.7388207912445068,1.7834303379058838,0.7792792916297913,1.061338,1.0427545,0.033168611642761484,0.059839511569129596,0.04420566894428062,1.0,1,33.583553075790405
1.0,1.0,,0.0,0.2976593396921254,0.18975349357255544,3.22423793697477,0.18975349357255544,,1.0,1.783820390701294,1.7676777839660645,0.7989949584007263,1.0594473,1.0401366,0.02524533560054633,0.046344178132274594,0.052496616523277764,1.0,1,36.03421092033386
1.0,1.0,,0.0,0.2865185443525272,0.1825064083408603,3.383303711199025,0.1825064083408603,,1.0,1.7158864736557007,1.8524659872055054,0.7929515242576599,1.0522915,1.0370967,0.02809391675656807,0.05592213049919177,0.05086477466686761,1.0,1,33.84156799316406
1.0,1.0,,0.0,0.2997347494855718,0.19441218345325978,3.3515692263451204,0.19441218345325978,,1.0,1.9822455644607544,1.7227544784545898,0.8340611457824707,1.070997,1.0375239,0.02224821934928752,0.051516700332699145,0.05621103974180977,1.0,1,37.70028591156006
