model_returned_smth,valid_cf_disc,dissimilarity_proximity_categorical_hamming,dissimilarity_proximity_categorical_jaccard,dissimilarity_proximity_continuous_manhatan,dissimilarity_proximity_continuous_euclidean,dissimilarity_proximity_continuous_mad,distance_l2_jaccard,distance_mad_hamming,sparsity,flow_log_density_cfs,flow_log_density_xs,flow_prob_condition_acc,lof_scores_xs,lof_scores_cfs,isolation_forest_scores_xs,isolation_forest_scores_cfs,plausibility,cf_belongs_to_group,K_vectors,time
1.0,1.0,,0.0,0.43496924520015573,0.266682950729026,5.15260486523687,0.266682950729026,,1.0,1.609966516494751,1.5551072359085083,0.7630331516265869,1.0760846,1.0859227,0.02099537031831585,0.03683036848610398,0.055191481956470716,1.0,17,303.9098176956177
1.0,1.0,,0.0,0.46672420796831365,0.28643583927830935,5.268299322636401,0.28643583927830935,,1.0,1.7407655715942383,1.492531418800354,0.7704917788505554,1.0758107,1.0850742,0.028278266099006428,0.03456545712715556,0.05490229142246414,1.0,22,378.6674449443817
1.0,1.0,,0.0,0.4905419220462011,0.29914838695229395,4.736901382246603,0.29914838695229395,,1.0,1.6917332410812378,1.361673355102539,0.7870036363601685,1.0797714,1.0841464,0.018460897766333927,0.028816810924991568,0.05905899145527533,1.0,18,244.17609095573425
1.0,1.0,,0.0,0.4544564929297742,0.28083800075037796,5.160098890296552,0.28083800075037796,,1.0,1.5986920595169067,1.505452275276184,0.7605041861534119,1.070985,1.0945264,0.02640832316475854,0.025773966415704088,0.05749891945183212,1.0,20,307.6813700199127
1.0,1.0,,0.0,0.4404587643513364,0.2723909991862355,5.044418618818035,0.2723909991862355,,1.0,1.858197808265686,1.505518913269043,0.7757847309112549,1.065724,1.0786109,0.025954894083652428,0.03414665990193314,0.0553247706795346,1.0,20,274.03993105888367
