model_returned_smth,valid_cf_disc,dissimilarity_proximity_categorical_hamming,dissimilarity_proximity_categorical_jaccard,dissimilarity_proximity_continuous_manhatan,dissimilarity_proximity_continuous_euclidean,dissimilarity_proximity_continuous_mad,distance_l2_jaccard,distance_mad_hamming,sparsity,flow_log_density_cfs,flow_log_density_xs,flow_prob_condition_acc,lof_scores_xs,lof_scores_cfs,isolation_forest_scores_xs,isolation_forest_scores_cfs,plausibility,cf_belongs_to_group,K_vectors,time
1.0,1.0,,0.0,0.32193625414449917,0.19871596838690478,3.3794353378185056,0.19871596838690478,,1.0,1.876959204673767,1.7463507652282715,0.9298245906829834,1.0644664,1.0410149,0.026382907968151362,0.054943841371699075,0.049016675767794324,1.0,1,80.39116787910461
1.0,1.0,,0.0,0.30527860481661184,0.18685243787386696,3.594957730120367,0.18685243787386696,,1.0,1.8332798480987549,1.7834303379058838,0.9459459185600281,1.061338,1.040941,0.033168611642761484,0.06046542980893756,0.045130752128682075,1.0,1,75.43473887443542
1.0,1.0,,0.0,0.3373934902138446,0.20523167805530085,3.5568790054650763,0.20523167805530085,,1.0,1.8793529272079468,1.7676777839660645,0.8994975090026855,1.0594473,1.041922,0.02524533560054633,0.048414994348153856,0.04995824422241902,1.0,1,77.97936701774597
1.0,1.0,,0.0,0.31149080234871035,0.19830378380900587,3.699760557008735,0.19830378380900587,,1.0,1.8644307851791382,1.8524659872055054,0.907489001750946,1.0522915,1.0372078,0.02809391675656807,0.056179584160193884,0.0483942992004812,1.0,1,80.70645213127136
1.0,1.0,,0.0,0.30787789824878287,0.20138675987031343,3.4008562003941516,0.20138675987031343,,1.0,2.0124564170837402,1.7227544784545898,0.8951964974403381,1.070997,1.0382361,0.02224821934928752,0.051742940285503664,0.05602603521756337,1.0,1,81.84979820251465
