model_returned_smth,valid_cf_disc,dissimilarity_proximity_categorical_hamming,dissimilarity_proximity_categorical_jaccard,dissimilarity_proximity_continuous_manhatan,dissimilarity_proximity_continuous_euclidean,dissimilarity_proximity_continuous_mad,distance_l2_jaccard,distance_mad_hamming,sparsity,flow_log_density_cfs,flow_log_density_xs,flow_prob_condition_acc,lof_scores_xs,lof_scores_cfs,isolation_forest_scores_xs,isolation_forest_scores_cfs,plausibility,cf_belongs_to_group,K_vectors,time
1.0,0.42241379618644714,,0.0,0.44179077545294954,0.2763971879814465,4.4104615830037055,0.2763971879814465,,1.0,1.1874991655349731,1.0521156787872314,1.0,1.0628742,1.034776,0.029031365718102713,0.05545902477822152,0.059672120119028324,1.0,232,9.034215927124023
1.0,0.3779904246330261,,0.0,0.3027148292034487,0.1810078332786954,2.6090061770209783,0.1810078332786954,,1.0,1.2213342189788818,1.118377923965454,1.0,1.0570592,1.0342815,0.033819875932763095,0.06837418840267867,0.04730966780005262,1.0,209,7.275439023971558
1.0,0.34939759969711304,,0.0,0.28924054344152583,0.18385929381973454,2.7832454931119393,0.18385929381973454,,1.0,1.2276568412780762,1.2211205959320068,1.0,1.0589423,1.0167257,0.024325179967478565,0.05936865443337332,0.05360727574189103,1.0,166,19.01516103744507
1.0,0.3316831588745117,,0.0,0.30951011381042537,0.1981184686598027,3.125593769906172,0.1981184686598027,,1.0,1.2039014101028442,1.163737416267395,1.0,1.0505449,1.0216204,0.02852179773676935,0.06002754001778495,0.07186705433123743,1.0,202,11.9945228099823
1.0,0.22869955003261566,,0.0,0.3539464844792497,0.21354342733931536,3.077965945589776,0.21354342733931536,,1.0,1.1719937324523926,0.5180433392524719,1.0,1.0713322,1.037442,0.023217270301800742,0.060074368238008824,0.06806062947194054,1.0,223,11.974823951721191
