model_returned_smth,valid_cf_disc,dissimilarity_proximity_categorical_hamming,dissimilarity_proximity_categorical_jaccard,dissimilarity_proximity_continuous_manhatan,dissimilarity_proximity_continuous_euclidean,dissimilarity_proximity_continuous_mad,distance_l2_jaccard,distance_mad_hamming,sparsity,flow_log_density_cfs,flow_log_density_xs,flow_prob_condition_acc,lof_scores_xs,lof_scores_cfs,isolation_forest_scores_xs,isolation_forest_scores_cfs,plausibility,cf_belongs_to_group,K_vectors,time
1.0,0.9722222089767456,,0.0,0.7693006544063489,0.4672934254633061,9.028188660031272,0.4672934254633061,,1.0,0.5953261852264404,1.630873441696167,0.48571428656578064,1.0716199,1.1510057,0.024158561595943522,-0.017686153766982207,0.07099562592992961,1.0,1,27.148253917694092
1.0,0.954954981803894,,0.0,0.6689409715703355,0.40380102745432167,7.771444635571174,0.40380102745432167,,1.0,1.1174935102462769,1.6247448921203613,0.6226415038108826,1.0738702,1.1082212,0.02712622691864022,0.003604940336092104,0.06434059849508993,1.0,1,13.975449085235596
1.0,0.9673469662666321,,0.0,0.7222284397762662,0.44378424307734216,7.158106594649046,0.44378424307734216,,1.0,0.77560955286026,1.5740041732788086,0.5232067704200745,1.0828768,1.1457033,0.016654778386099838,-0.008706732691597644,0.07164289330428691,1.0,1,11.884522199630737
1.0,0.9631336331367493,,0.0,0.7338272057580606,0.42884180420657536,8.418248733264978,0.42884180420657536,,1.0,1.0936452150344849,1.7107537984848022,0.6172248721122742,1.0670599,1.1245083,0.027624464175568127,-0.004733684645015583,0.06682368878990681,1.0,1,16.031976222991943
1.0,0.9767441749572754,,0.0,0.7162243256345391,0.4246534933698069,7.925710659935361,0.4246534933698069,,1.0,1.0873152017593384,1.6644798517227173,0.6428571343421936,1.0653164,1.1128333,0.026611445696256345,-0.00025372354352888935,0.06341319966606106,1.0,1,18.594980001449585
