model_returned_smth,valid_cf_disc,dissimilarity_proximity_categorical_hamming,dissimilarity_proximity_categorical_jaccard,dissimilarity_proximity_continuous_manhatan,dissimilarity_proximity_continuous_euclidean,dissimilarity_proximity_continuous_mad,distance_l2_jaccard,distance_mad_hamming,sparsity,flow_log_density_cfs,flow_log_density_xs,flow_prob_condition_acc,lof_scores_xs,lof_scores_cfs,isolation_forest_scores_xs,isolation_forest_scores_cfs,plausibility,cf_belongs_to_group,K_vectors,time
1.0,1.0,,0.0,0.2742701568252717,0.1789671638630182,3.395497714548751,0.1789671638630182,,1.0,1.4984256029129028,1.5648083686828613,0.6851851940155029,1.0716199,1.0697125,0.024158561595943522,0.042396257031495965,0.057373031033882464,1.0,1,46.20414400100708
1.0,1.0,,0.0,0.284683979024087,0.18282624718561863,3.215021646237588,0.18282624718561863,,1.0,1.4827749729156494,1.5620423555374146,0.6801801919937134,1.0738702,1.067362,0.02712622691864022,0.04402561692978162,0.05666673309625583,1.0,1,45.02605700492859
1.0,1.0,,0.0,0.2957040301809201,0.18912260826847438,2.867297517097726,0.18912260826847438,,1.0,1.1883066892623901,1.480239987373352,0.5714285969734192,1.0828768,1.070899,0.016654778386099838,0.03759204762704547,0.06233555781927976,1.0,1,45.06969618797302
1.0,1.0,,0.0,0.2654717791705362,0.16876816575422207,3.1122439847014465,0.16876816575422207,,1.0,1.2995436191558838,1.6399173736572266,0.6728110313415527,1.0670599,1.0687625,0.027624464175568127,0.04136991199303076,0.05980215418072242,1.0,1,43.02935600280762
1.0,1.0,,0.0,0.27805134772734585,0.17993055342418973,3.3075880539278653,0.17993055342418973,,1.0,1.2073737382888794,1.6191729307174683,0.5813953280448914,1.0653164,1.0676175,0.026611445696256345,0.041796927529981244,0.06612484504044304,1.0,1,46.611629247665405
