model_returned_smth,valid_cf_disc,dissimilarity_proximity_categorical_hamming,dissimilarity_proximity_categorical_jaccard,dissimilarity_proximity_continuous_manhatan,dissimilarity_proximity_continuous_euclidean,dissimilarity_proximity_continuous_mad,distance_l2_jaccard,distance_mad_hamming,sparsity,flow_log_density_cfs,flow_log_density_xs,flow_prob_condition_acc,lof_scores_xs,lof_scores_cfs,isolation_forest_scores_xs,isolation_forest_scores_cfs,plausibility,cf_belongs_to_group,K_vectors,time
1.0,1.0,,0.0,0.3358302718649308,0.21088664694959797,3.5031126277488576,0.21088664694959797,,1.0,2.0678107738494873,1.7463507652282715,1.0,1.0644664,1.0316795,0.026382907968151362,0.0587868951300981,0.046069861038957174,1.0,26,303.4411642551422
1.0,1.0,,0.0,0.4157957017153233,0.2524453073463965,4.882366325672682,0.2524453073463965,,1.0,2.2148215770721436,1.7834303379058838,0.977477490901947,1.061338,1.0268525,0.033168611642761484,0.06139381992048156,0.045440847854610306,1.0,25,211.75778198242188
1.0,1.0,,0.0,0.5795074698313996,0.34514324897840926,5.97505411430819,0.34514324897840926,,1.0,1.9758470058441162,1.7676777839660645,0.9748743772506714,1.0594473,1.0425547,0.02524533560054633,0.0368714470297687,0.04512944487197246,1.0,30,83.61744022369385
1.0,1.0,,0.0,0.3241292436479997,0.2045061606599297,3.769716281066382,0.2045061606599297,,1.0,2.0614774227142334,1.8524659872055054,0.9823788404464722,1.0522915,1.02824,0.02809391675656807,0.0601726931516311,0.04512516794049241,1.0,26,311.0589680671692
1.0,1.0,,0.0,0.3260768777548486,0.20610240498562896,3.5358824312166357,0.20610240498562896,,1.0,2.130751371383667,1.7227544784545898,0.9956331849098206,1.070997,1.0284598,0.02224821934928752,0.05785409972861623,0.0534224900173202,0.9956331877729258,32,347.37656807899475
