model_returned_smth,valid_cf_disc,dissimilarity_proximity_categorical_hamming,dissimilarity_proximity_categorical_jaccard,dissimilarity_proximity_continuous_manhatan,dissimilarity_proximity_continuous_euclidean,dissimilarity_proximity_continuous_mad,distance_l2_jaccard,distance_mad_hamming,sparsity,flow_log_density_cfs,flow_log_density_xs,flow_prob_condition_acc,lof_scores_xs,lof_scores_cfs,isolation_forest_scores_xs,isolation_forest_scores_cfs,plausibility,cf_belongs_to_group,K_vectors,time
1.0,1.0,,0.0,0.4270561343959369,0.2492098484656823,4.6808986008449756,0.2492098484656823,,1.0,1.92953360080719,1.5551072359085083,0.8341231942176819,1.0760846,1.0615194,0.02099537031831585,0.05137752907001098,0.04932731195281947,1.0,211,25.5165798664093
1.0,1.0,,0.0,0.4653970763759046,0.2692467934720474,4.825083682283026,0.2692467934720474,,1.0,1.8660119771957397,1.492531418800354,0.8196721076965332,1.0758107,1.0796256,0.028278266099006428,0.04382724212354966,0.050147799894720034,1.0,244,25.081519842147827
1.0,1.0,,0.0,0.5041128292525127,0.2926896217477881,4.623373996049488,0.2926896217477881,,1.0,1.9240641593933105,1.361673355102539,0.8158844709396362,1.0797714,1.0695918,0.018460897766333927,0.03923607125717429,0.052448212684802584,1.0,277,25.9721782207489
1.0,1.0,,0.0,0.44825751170077743,0.26326899493183686,4.736186685181465,0.26326899493183686,,1.0,1.9627182483673096,1.505452275276184,0.8445377945899963,1.070985,1.0557823,0.02640832316475854,0.04527712845283202,0.04921676522142968,1.0,238,25.870336055755615
1.0,1.0,,0.0,0.45699237361383277,0.2666431504386034,4.819900733473055,0.2666431504386034,,1.0,2.1078805923461914,1.505518913269043,0.8609865307807922,1.065724,1.0551977,0.025954894083652428,0.04589890558787459,0.05058156852877236,1.0,223,26.68471121788025
