model_returned_smth,valid_cf_disc,dissimilarity_proximity_categorical_hamming,dissimilarity_proximity_categorical_jaccard,dissimilarity_proximity_continuous_manhatan,dissimilarity_proximity_continuous_euclidean,dissimilarity_proximity_continuous_mad,distance_l2_jaccard,distance_mad_hamming,sparsity,flow_log_density_cfs,flow_log_density_xs,flow_prob_condition_acc,lof_scores_xs,lof_scores_cfs,isolation_forest_scores_xs,isolation_forest_scores_cfs,plausibility,cf_belongs_to_group,K_vectors,time
1.0,1.0,,0.0,0.40446346561684854,0.24777321494202517,4.80870077564818,0.24777321494202517,,1.0,1.631455659866333,1.5551072359085083,0.7393364906311035,1.0760846,1.0843232,0.02099537031831585,0.03935815084201709,0.05429514556081957,1.0,1,64.27680397033691
1.0,1.0,,0.0,0.4308153892806197,0.2668680701811159,4.903233389141129,0.2668680701811159,,1.0,1.7417560815811157,1.492531418800354,0.7663934230804443,1.0758107,1.0836499,0.028278266099006428,0.03719385253662235,0.054468337566372836,1.0,1,60.8459210395813
1.0,1.0,,0.0,0.4963704874967679,0.30264470287561723,4.795682313425016,0.30264470287561723,,1.0,1.548903226852417,1.361673355102539,0.7797833681106567,1.0797714,1.0890971,0.018460897766333927,0.02679408195775155,0.05987852333041828,1.0,1,61.41997218132019
1.0,1.0,,0.0,0.4287307097600037,0.2661468589739602,4.895597441356723,0.2661468589739602,,1.0,1.6109910011291504,1.505452275276184,0.7478991746902466,1.070985,1.095817,0.02640832316475854,0.02747397758334695,0.057620480609303346,1.0,1,62.37194013595581
1.0,1.0,,0.0,0.4161636319612842,0.25881214784169704,4.788371223505302,0.25881214784169704,,1.0,1.8193128108978271,1.505518913269043,0.7623318433761597,1.065724,1.0807128,0.025954894083652428,0.03493281478511376,0.05556468323694957,1.0,1,61.001720905303955
