model_returned_smth,valid_cf_disc,dissimilarity_proximity_categorical_hamming,dissimilarity_proximity_categorical_jaccard,dissimilarity_proximity_continuous_manhatan,dissimilarity_proximity_continuous_euclidean,dissimilarity_proximity_continuous_mad,distance_l2_jaccard,distance_mad_hamming,sparsity,flow_log_density_cfs,flow_log_density_xs,flow_prob_condition_acc,lof_scores_xs,lof_scores_cfs,isolation_forest_scores_xs,isolation_forest_scores_cfs,plausibility,cf_belongs_to_group,K_vectors,time
1.0,1.0,,0.0,0.3417348794050907,0.2064832935639778,3.489891220210937,0.2064832935639778,,1.0,1.777734637260437,1.7463507652282715,1.0,1.0644664,1.0307572,0.026382907968151362,0.05550225517286518,0.04882510635250319,1.0,228,17.070085763931274
1.0,1.0,,0.0,0.3252819900040154,0.19226070990702718,3.777886977066865,0.19226070990702718,,1.0,1.908684492111206,1.7834303379058838,1.0,1.061338,1.0326935,0.033168611642761484,0.06703344912243593,0.044303189949135645,1.0,222,8.48754620552063
1.0,1.0,,0.0,0.3634673916365034,0.21396103498758962,3.6855844160420212,0.21396103498758962,,1.0,1.9012706279754639,1.7676777839660645,1.0,1.0594473,1.033427,0.02524533560054633,0.054718212133837194,0.045806124114078674,1.0,199,19.076524019241333
1.0,1.0,,0.0,0.34441660390551393,0.20208017884678647,3.748980017223022,0.20208017884678647,,1.0,1.9446091651916504,1.8524659872055054,1.0,1.0522915,1.0248711,0.02809391675656807,0.06408955540840858,0.04361139759807909,1.0,227,24.849921941757202
1.0,1.0,,0.0,0.3719801197405986,0.22018134253574662,3.8918917621587563,0.22018134253574662,,1.0,2.098280429840088,1.7227544784545898,1.0,1.070997,1.0308985,0.02224821934928752,0.05698855856237451,0.05471031568723239,1.0,229,44.989497900009155
