,precision,recall,f1-score,support
0,0.9900990099009901,1.0,0.9950248756218906,100.0
1,1.0,0.99,0.9949748743718593,100.0
accuracy,0.995,0.995,0.995,0.995
macro avg,0.995049504950495,0.995,0.9949998749968749,200.0
weighted avg,0.9950495049504952,0.995,0.9949998749968749,200.0
