,precision,recall,f1-score,support
0,0.8796296296296297,0.9313725490196079,0.9047619047619048,102.0
1,0.9278350515463918,0.8737864077669902,0.9,103.0
accuracy,0.9024390243902439,0.9024390243902439,0.9024390243902439,0.9024390243902439
macro avg,0.9037323405880107,0.902579478393299,0.9023809523809524,205.0
weighted avg,0.9038499147878079,0.9024390243902439,0.9023693379790941,205.0
