,precision,recall,f1-score,support
0,0.5526453640649555,0.9661172161172161,0.7030989670109964,1092.0
1,0.7978142076502732,0.146,0.24683009298393913,1000.0
accuracy,0.5740917782026769,0.5740917782026769,0.5740917782026769,0.5740917782026769
macro avg,0.6752297858576144,0.5560586080586081,0.47496452999746774,2092.0
weighted avg,0.6698388839432144,0.5740917782026769,0.48499721078391356,2092.0
