,train_ll,test_ll
0,27.040666580200195,28.643457412719727
