,train_ll,test_ll
0,27.552536010742188,29.64223289489746
