,train_ll,test_ll
0,-21.19460678100586,-21.186208724975586
