,precision,recall,f1-score,support
0,0.7193638914873713,0.7042124542124543,0.7117075428042573,1092.0
1,0.6842619745845552,0.7,0.6920415224913494,1000.0
accuracy,0.7021988527724665,0.7021988527724665,0.7021988527724665,0.7021988527724665
macro avg,0.7018129330359633,0.702106227106227,0.7018745326478033,2092.0
weighted avg,0.7025847725089698,0.7021988527724665,0.7023069594806876,2092.0
