,train_ll,test_ll
0,26.681800842285156,28.393930435180664
