,train_ll,test_ll
0,27.018949508666992,28.643457412719727
