,train_ll,test_ll
0,26.713672637939453,28.393930435180664
