,precision,recall,f1-score,support
0,0.7167530224525043,0.76007326007326,0.7377777777777778,1092.0
1,0.7194860813704497,0.672,0.6949327817993796,1000.0
accuracy,0.7179732313575525,0.7179732313575525,0.7179732313575525,0.7179732313575525
macro avg,0.7181195519114769,0.7160366300366301,0.7163552797885786,2092.0
weighted avg,0.7180594559696866,0.7179732313575525,0.7172973781705129,2092.0
