,precision,recall,f1-score,support
0,0.7392120075046904,0.7216117216117216,0.7303058387395737,1092.0
1,0.7037037037037037,0.722,0.7127344521224087,1000.0
accuracy,0.7217973231357553,0.7217973231357553,0.7217973231357553,0.7217973231357553
macro avg,0.7214578556041971,0.7218058608058608,0.7215201454309912,2092.0
weighted avg,0.7222386309267809,0.7217973231357553,0.7219065143527836,2092.0
