,train_ll,test_ll
0,24.4523983001709,22.466014862060547
