,train_ll,test_ll
0,26.68129539489746,28.393930435180664
