,train_ll,test_ll
0,12.54902458190918,12.748924255371094
