,precision,recall,f1-score,support
0,0.7262569832402235,0.7142857142857143,0.7202216066481995,1092.0
1,0.693516699410609,0.706,0.6997026759167493,1000.0
accuracy,0.7103250478011472,0.7103250478011472,0.7103250478011472,0.7103250478011472
macro avg,0.7098868413254162,0.7101428571428572,0.7099621412824744,2092.0
weighted avg,0.7106067519641172,0.7103250478011472,0.7104133223597434,2092.0
