,train_ll,test_ll
0,23.227590560913086,24.517000198364258
