,train_ll,test_ll
0,24.217790603637695,21.85823631286621
