,train_ll,test_ll
0,26.709957122802734,28.393930435180664
