,train_ll,test_ll
0,27.424793243408203,29.20304298400879
