,train_ll,test_ll
0,27.71023941040039,28.9659481048584
