,precision,recall,f1-score,support
0,0.7172995780590717,0.7783882783882784,0.7465963987703118,1092.0
1,0.7331863285556781,0.665,0.6974305191400105,1000.0
accuracy,0.7241873804971319,0.7241873804971319,0.7241873804971319,0.7241873804971319
macro avg,0.725242953307375,0.7216941391941392,0.7220134589551612,2092.0
weighted avg,0.7248936270536255,0.7241873804971319,0.7230945442625196,2092.0
