,train_ll,test_ll
0,24.424020767211914,22.78937339782715
