,train_ll,test_ll
0,27.021312713623047,28.643457412719727
