,precision,recall,f1-score,support
0,0.7144112478031635,0.7445054945054945,0.7291479820627803,1092.0
1,0.7075471698113207,0.675,0.6908904810644831,1000.0
accuracy,0.7112810707456979,0.7112810707456979,0.7112810707456979,0.7112810707456979
macro avg,0.7109792088072421,0.7097527472527473,0.7100192315636318,2092.0
weighted avg,0.7111301397764701,0.7112810707456979,0.7108604576850093,2092.0
