,precision,recall,f1-score,support
0,0.7420526793823796,0.7481684981684982,0.7450980392156863,1092.0
1,0.722502522704339,0.716,0.7192365645404319,1000.0
accuracy,0.732791586998088,0.732791586998088,0.732791586998088,0.732791586998088
macro avg,0.7322776010433594,0.7320842490842491,0.7321673018780591,2092.0
weighted avg,0.7327074802054959,0.732791586998088,0.7327359576309567,2092.0
