,precision,recall,f1-score,support
0,0.5684039087947883,0.9587912087912088,0.7137014314928425,1092.0
1,0.82,0.205,0.328,1000.0
accuracy,0.5984703632887189,0.5984703632887189,0.5984703632887189,0.5984703632887189
macro avg,0.6942019543973941,0.5818956043956044,0.5208507157464213,2092.0
weighted avg,0.6886697267705109,0.5984703632887189,0.5293317223662448,2092.0
