,train_ll,test_ll
0,-21.195100784301758,-21.18231201171875
