,precision,recall,f1-score,support
0,0.7294220665499125,0.7628205128205128,0.7457475380483438,1092.0
1,0.7273684210526316,0.691,0.7087179487179487,1000.0
accuracy,0.7284894837476099,0.7284894837476099,0.7284894837476099,0.7284894837476099
macro avg,0.728395243801272,0.7269102564102563,0.7272327433831463,2092.0
weighted avg,0.7284404004422256,0.7284894837476099,0.7280469695347707,2092.0
