,precision,recall,f1-score,support
0,0.5222807858169621,0.9981684981684982,0.6857502359232464,1092.0
1,0.6,0.003,0.005970149253731343,1000.0
accuracy,0.5224665391969407,0.5224665391969407,0.5224665391969407,0.5224665391969407
macro avg,0.5611403929084811,0.500584249084249,0.3458601925884888,2092.0
weighted avg,0.5594314618126781,0.5224665391969407,0.36080755587089697,2092.0
