,precision,recall,f1-score,support
0,0.7134092900964066,0.7454212454212454,0.729064039408867,1092.0
1,0.7076761303890642,0.673,0.6899026140440799,1000.0
accuracy,0.7108030592734226,0.7108030592734226,0.7108030592734226,0.7108030592734226
macro avg,0.7105427102427354,0.7092106227106227,0.7094833267264735,2092.0
weighted avg,0.7106687739839102,0.7108030592734226,0.7103444288138445,2092.0
