,train_ll,test_ll
0,21.58315086364746,22.5870304107666
