,precision,recall,f1-score,support
0,0.7266553480475382,0.7838827838827839,0.7541850220264317,1092.0
1,0.7417943107221007,0.678,0.7084639498432602,1000.0
accuracy,0.7332695984703633,0.7332695984703633,0.7332695984703633,0.7332695984703633
macro avg,0.7342248293848195,0.730941391941392,0.731324485934846,2092.0
weighted avg,0.7338919458843272,0.7332695984703633,0.7323298249981471,2092.0
