,train_ll,test_ll
0,22.72630500793457,24.309526443481445
