,precision,recall,f1-score,support
0,0.7267188859878155,0.7646520146520146,0.7452030343596608,1092.0
1,0.7274655355249204,0.686,0.7061245496654658,1000.0
accuracy,0.7270554493307839,0.7270554493307839,0.7270554493307839,0.7270554493307839
macro avg,0.727092210756368,0.7253260073260073,0.7256637920125633,2092.0
weighted avg,0.7270757930323207,0.7270554493307839,0.7265230703566995,2092.0
