,precision,recall,f1-score,support
0,0.7020033388981636,0.770852428964253,0.7348186981214504,1091.0
1,0.7200447928331467,0.643,0.6793449550977285,1000.0
accuracy,0.7097082735533238,0.7097082735533238,0.7097082735533238,0.7097082735533238
macro avg,0.7110240658656551,0.7069262144821264,0.7070818266095895,2091.0
weighted avg,0.7106314852085334,0.7097082735533238,0.7082889310130228,2091.0
