,precision,recall,f1-score,support
0,0.7414721723518851,0.7564102564102564,0.7488667271078876,1092.0
1,0.7280163599182005,0.712,0.7199191102123357,1000.0
accuracy,0.7351816443594646,0.7351816443594646,0.7351816443594646,0.7351816443594646
macro avg,0.7347442661350427,0.7342051282051282,0.7343929186601117,2092.0
weighted avg,0.7350401396397989,0.7351816443594646,0.7350294341367825,2092.0
