,train_ll,test_ll
0,27.702472686767578,28.9659481048584
