,train_ll,test_ll
0,24.452564239501953,22.62603187561035
