,precision,recall,f1-score,support
0,0.7135678391959799,0.7802197802197802,0.7454068241469817,1092.0
1,0.732739420935412,0.658,0.6933614330874605,1000.0
accuracy,0.7217973231357553,0.7217973231357553,0.7217973231357553,0.7217973231357553
macro avg,0.723153630065696,0.7191098901098901,0.7193841286172211,2092.0
weighted avg,0.7227320752090928,0.7217973231357553,0.7205285301414743,2092.0
