,precision,recall,f1-score,support
0,0.5943562610229277,0.9258241758241759,0.723952738990333,1092.0
1,0.7928388746803069,0.31,0.44572250179726813,1000.0
accuracy,0.6314531548757171,0.6314531548757171,0.6314531548757171,0.6314531548757171
macro avg,0.6935975678516173,0.617912087912088,0.5848376203938006,2092.0
weighted avg,0.689233227398348,0.6314531548757171,0.5909554936781605,2092.0
