,train_ll,test_ll
0,27.422317504882812,29.20304298400879
