,train_ll,test_ll
0,-21.13502311706543,-21.124862670898438
