,precision,recall,f1-score,support
0,0.707874682472481,0.7655677655677655,0.7355917289925209,1092.0
1,0.7189901207464325,0.655,0.6855049712192569,1000.0
accuracy,0.7127151051625239,0.7127151051625239,0.7127151051625239,0.7127151051625239
macro avg,0.7134324016094568,0.7102838827838828,0.7105483501058889,2092.0
weighted avg,0.7131879894867983,0.7127151051625239,0.7116496841678249,2092.0
