,precision,recall,f1-score,support
0,0.7368421052631579,0.782051282051282,0.7587738782763216,1092.0
1,0.744908896034298,0.695,0.719089498189343,1000.0
accuracy,0.7404397705544933,0.7404397705544933,0.7404397705544933,0.7404397705544933
macro avg,0.740875500648728,0.738525641025641,0.7389316882328323,2092.0
weighted avg,0.7406981237962076,0.7404397705544933,0.739804289324611,2092.0
