,precision,recall,f1-score,support
0,0.7265486725663717,0.7518315018315018,0.738973897389739,1092.0
1,0.7182952182952183,0.691,0.7043832823649337,1000.0
accuracy,0.722753346080306,0.722753346080306,0.722753346080306,0.722753346080306
macro avg,0.722421945430795,0.7214157509157508,0.7216785898773364,2092.0
weighted avg,0.7226034267388605,0.722753346080306,0.7224391865748225,2092.0
