,precision,recall,f1-score,support
0,0.7096774193548387,0.7655677655677655,0.7365638766519824,1092.0
1,0.7199124726477024,0.658,0.6875653082549634,1000.0
accuracy,0.7141491395793499,0.7141491395793499,0.7141491395793499,0.7141491395793499
macro avg,0.7147949460012706,0.7117838827838827,0.712064592453473,2092.0
weighted avg,0.7145698922481771,0.7141491395793499,0.7131419988331397,2092.0
