,precision,recall,f1-score,support
0,0.7101086048454469,0.7791017415215399,0.743006993006993,1091.0
1,0.7304250559284117,0.653,0.689545934530095,1000.0
accuracy,0.7187948350071736,0.7187948350071736,0.7187948350071736,0.7187948350071736
macro avg,0.7202668303869293,0.71605087076077,0.716276463768544,2091.0
weighted avg,0.7198247459659466,0.7187948350071736,0.7174397723102459,2091.0
