,precision,recall,f1-score,support
0,0.7310924369747899,0.7967032967032966,0.7624890446976337,1092.0
1,0.753880266075388,0.68,0.7150368033648791,1000.0
accuracy,0.7409177820267686,0.7409177820267686,0.7409177820267686,0.7409177820267686
macro avg,0.742486351525089,0.7383516483516483,0.7387629240312563,2092.0
weighted avg,0.7419852807131254,0.7409177820267686,0.7398063289553991,2092.0
