,train_ll,test_ll
0,26.721782684326172,28.393930435180664
