,precision,recall,f1-score,support
0,0.6999140154772141,0.7461044912923923,0.7222715173025732,1091.0
1,0.7015086206896551,0.651,0.6753112033195021,1000.0
accuracy,0.7006217120994739,0.7006217120994739,0.7006217120994739,0.7006217120994739
macro avg,0.7007113180834346,0.6985522456461961,0.6987913603110376,2091.0
weighted avg,0.7006766195960286,0.7006217120994739,0.6998132131499807,2091.0
