,precision,recall,f1-score,support
0,0.731665228645384,0.7765567765567766,0.7534429142603287,1092.0
1,0.7384780278670954,0.689,0.7128815312984997,1000.0
accuracy,0.7347036328871893,0.7347036328871893,0.7347036328871893,0.7347036328871893
macro avg,0.7350716282562397,0.7327783882783883,0.7331622227794142,2092.0
weighted avg,0.7349218248316706,0.7347036328871893,0.7340541078732211,2092.0
