,train_ll,test_ll
0,27.394933700561523,29.20304298400879
