,precision,recall,f1-score,support
0,0.5241312741312741,0.9945054945054945,0.6864728192161821,1092.0
1,0.7,0.014,0.027450980392156862,1000.0
accuracy,0.5258126195028681,0.5258126195028681,0.5258126195028681,0.5258126195028681
macro avg,0.612065637065637,0.5042527472527473,0.3569618998041695,2092.0
weighted avg,0.608198542710971,0.5258126195028681,0.3714528197783115,2092.0
