,train_ll,test_ll
0,27.73086166381836,28.9659481048584
