,precision,recall,f1-score,support
0,0.7101321585903083,0.7380952380952381,0.7238437359676695,1092.0
1,0.7011494252873564,0.671,0.685743484925907,1000.0
accuracy,0.7060229445506692,0.7060229445506692,0.7060229445506692,0.7060229445506692
macro avg,0.7056407919388323,0.7045476190476191,0.7047936104467882,2092.0
weighted avg,0.7058383090191077,0.7060229445506692,0.7056313788731368,2092.0
