,precision,recall,f1-score,support
0,0.5519240906694781,0.9587912087912088,0.7005687520910003,1092.0
1,0.7692307692307693,0.15,0.2510460251046025,1000.0
accuracy,0.5721797323135756,0.5721797323135756,0.5721797323135756,0.5721797323135756
macro avg,0.6605774299501237,0.5543956043956044,0.4758073885978014,2092.0
weighted avg,0.6557991760238238,0.5721797323135756,0.48569173154300904,2092.0
