,precision,recall,f1-score,support
0,0.6995884773662552,0.7791017415215399,0.7372072853425846,1091.0
1,0.7248858447488584,0.635,0.6769722814498934,1000.0
accuracy,0.7101865136298422,0.7101865136298422,0.7101865136298422,0.7101865136298422
macro avg,0.7122371610575569,0.7070508707607699,0.7070897833962391,2091.0
weighted avg,0.7116866922790258,0.7101865136298422,0.7084004924718571,2091.0
