,train_ll,test_ll
0,28.598115921020508,30.072996139526367
