,precision,recall,f1-score,support
0,0.7185678601165695,0.7902930402930403,0.752725686873092,1092.0
1,0.7429854096520763,0.662,0.7001586462189318,1000.0
accuracy,0.7289674952198852,0.7289674952198852,0.7289674952198852,0.7289674952198852
macro avg,0.7307766348843229,0.7261465201465201,0.7264421665460119,2092.0
weighted avg,0.7302397289193929,0.7289674952198852,0.7275980383768396,2092.0
