,precision,recall,f1-score,support
0,0.7055879899916597,0.775435380384968,0.7388646288209607,1091.0
1,0.7253363228699552,0.647,0.6839323467230444,1000.0
accuracy,0.7140124342419895,0.7140124342419895,0.7140124342419895,0.7140124342419895
macro avg,0.7154621564308075,0.711217690192484,0.7113984877720025,2091.0
weighted avg,0.7150324342184868,0.7140124342419895,0.7125938100271222,2091.0
