,precision,recall,f1-score,support
0,0.7254528122020972,0.6968864468864469,0.7108827650630547,1092.0
1,0.6826462128475551,0.712,0.6970141948115517,1000.0
accuracy,0.7041108986615678,0.7041108986615678,0.7041108986615678,0.7041108986615678
macro avg,0.7040495125248262,0.7044432234432234,0.7039484799373033,2092.0
weighted avg,0.7049907666215323,0.7041108986615678,0.7042534293787799,2092.0
