,train_ll,test_ll
0,27.043045043945312,28.643457412719727
