,precision,recall,f1-score,support
0,0.719482619240097,0.815018315018315,0.764276513525118,1092.0
1,0.7637426900584795,0.653,0.7040431266846361,1000.0
accuracy,0.7375717017208413,0.7375717017208413,0.7375717017208413,0.7375717017208413
macro avg,0.7416126546492883,0.7340091575091575,0.7341598201048771,2092.0
weighted avg,0.7406394408550026,0.7375717017208413,0.7354842636013695,2092.0
