,precision,recall,f1-score,support
0,0.7229965156794426,0.76007326007326,0.7410714285714286,1092.0
1,0.722457627118644,0.682,0.7016460905349794,1000.0
accuracy,0.722753346080306,0.722753346080306,0.722753346080306,0.722753346080306
macro avg,0.7227270713990432,0.72103663003663,0.721358759553204,2092.0
weighted avg,0.722738920765103,0.722753346080306,0.7222256646916728,2092.0
