,train_ll,test_ll
0,27.590120315551758,28.15462875366211
