,precision,recall,f1-score,support
0,0.6223506743737958,0.8873626373626373,0.7315968289920725,1092.0
1,0.7700934579439253,0.412,0.5368078175895765,1000.0
accuracy,0.6601338432122371,0.6601338432122371,0.6601338432122371,0.6601338432122371
macro avg,0.6962220661588605,0.6496813186813186,0.6342023232908245,2092.0
weighted avg,0.6929734198662095,0.6601338432122371,0.6384854468685084,2092.0
