,precision,recall,f1-score,support
0,0.6328337874659401,0.8507326007326007,0.72578125,1092.0
1,0.7387820512820513,0.461,0.5677339901477833,1000.0
accuracy,0.6644359464627151,0.6644359464627151,0.6644359464627151,0.6644359464627151
macro avg,0.6858079193739957,0.6558663003663003,0.6467576200738916,2092.0
weighted avg,0.6834782730376949,0.6644359464627151,0.6502328466289595,2092.0
