,precision,recall,f1-score,support
0,0.6911157024793388,0.613198900091659,0.6498300145701797,1091.0
1,0.6242208370436332,0.701,0.6603862458784738,1000.0
accuracy,0.6551889048302247,0.6551889048302247,0.6551889048302247,0.6551889048302247
macro avg,0.657668269761486,0.6570994500458295,0.6551081302243268,2091.0
weighted avg,0.659123896914678,0.6551889048302247,0.6548784274388043,2091.0
