,train_ll,test_ll
0,27.617095947265625,28.15462875366211
