,train_ll,test_ll
0,27.432771682739258,29.20304298400879
