,precision,recall,f1-score,support
0,0.7329650092081031,0.7289377289377289,0.7309458218549127,1092.0
1,0.705765407554672,0.71,0.707876370887338,1000.0
accuracy,0.719885277246654,0.719885277246654,0.719885277246654,0.719885277246654
macro avg,0.7193652083813875,0.7194688644688645,0.7194110963711253,2092.0
weighted avg,0.7199632875764439,0.719885277246654,0.7199183596333187,2092.0
