,train_ll,test_ll
0,27.628437042236328,28.15462875366211
