,train_ll,test_ll
0,-21.134037017822266,-21.124231338500977
