,train_ll,test_ll
0,22.163537979125977,23.000993728637695
