,train_ll,test_ll
0,27.600975036621094,28.15462875366211
