,train_ll,test_ll
0,-21.132661819458008,-21.12236785888672
