,precision,recall,f1-score,support
0,0.58195211786372,0.8689275893675527,0.6970588235294117,1091.0
1,0.6904761904761905,0.319,0.4363885088919289,1000.0
accuracy,0.6059301769488283,0.6059301769488283,0.6059301769488283,0.6059301769488283
macro avg,0.6362141541699553,0.5939637946837764,0.5667236662106703,2091.0
weighted avg,0.6338526786539976,0.6059301769488283,0.5723958323111034,2091.0
