,train_ll,test_ll
0,27.68571662902832,28.9659481048584
