,train_ll,test_ll
0,-21.129119873046875,-21.116905212402344
