,precision,recall,f1-score,support
0,0.5880993645291739,0.9322344322344323,0.7212185618136734,1092.0
1,0.7950138504155124,0.287,0.42174871418074944,1000.0
accuracy,0.6238049713193117,0.6238049713193117,0.6238049713193117,0.6238049713193117
macro avg,0.6915566074723432,0.6096172161172161,0.5714836379972115,2092.0
weighted avg,0.6870068625627965,0.6238049713193117,0.5780685390445893,2092.0
