,precision,recall,f1-score,support
0,0.5250364608653378,0.989010989010989,0.6859320419180692,1092.0
1,0.6571428571428571,0.023,0.044444444444444446,1000.0
accuracy,0.527246653919694,0.527246653919694,0.527246653919694,0.527246653919694
macro avg,0.5910896590040975,0.5060054945054945,0.3651882431812568,2092.0
weighted avg,0.5881848338469436,0.527246653919694,0.37929361100333464,2092.0
