,train_ll,test_ll
0,27.416526794433594,29.20304298400879
