,precision,recall,f1-score,support
0,0.7044897959183674,0.7902930402930403,0.7449287872248598,1092.0
1,0.7358708189158016,0.638,0.6834493840385646,1000.0
accuracy,0.7174952198852772,0.7174952198852772,0.7174952198852772,0.7174952198852772
macro avg,0.7201803074170845,0.7141465201465201,0.7141890856317121,2092.0
weighted avg,0.7194902849228771,0.7174952198852772,0.7155409271931699,2092.0
