,train_ll,test_ll
0,-21.201396942138672,-21.19029426574707
