,precision,recall,f1-score,support
0,0.6424657534246575,0.8589743589743589,0.7351097178683386,1092.0
1,0.7563291139240507,0.478,0.5857843137254902,1000.0
accuracy,0.6768642447418738,0.6768642447418738,0.6768642447418738,0.6768642447418738
macro avg,0.699397433674354,0.6684871794871794,0.6604470157969144,2092.0
weighted avg,0.6968937460151897,0.6768642447418738,0.6637304615859063,2092.0
