,precision,recall,f1-score,support
0,0.7247863247863248,0.7765567765567766,0.7497789566755084,1092.0
1,0.735357917570499,0.678,0.7055150884495317,1000.0
accuracy,0.7294455066921606,0.7294455066921606,0.7294455066921606,0.7294455066921606
macro avg,0.7300721211784118,0.7272783882783883,0.72764702256252,2092.0
weighted avg,0.7298396674173833,0.7294455066921606,0.7286203198562079,2092.0
