,precision,recall,f1-score,support
0,0.7229551451187335,0.7527472527472527,0.7375504710632571,1092.0
1,0.7172774869109948,0.685,0.7007672634271099,1000.0
accuracy,0.7203632887189293,0.7203632887189293,0.7203632887189293,0.7203632887189293
macro avg,0.7201163160148641,0.7188736263736264,0.7191588672451835,2092.0
weighted avg,0.7202411593597762,0.7203632887189293,0.719967675826093,2092.0
