,precision,recall,f1-score,support
0,0.5650296815974096,0.9596700274977086,0.7112771739130435,1091.0
1,0.8151260504201681,0.194,0.3134087237479806,1000.0
accuracy,0.5934959349593496,0.5934959349593496,0.5934959349593496,0.5934959349593496
macro avg,0.6900778660087888,0.5768350137488543,0.512342948830512,2091.0
weighted avg,0.6846357881601827,0.5934959349593496,0.5210005358618417,2091.0
