,precision,recall,f1-score,support
0,0.7328453796889296,0.7335164835164835,0.7331807780320366,1092.0
1,0.7087087087087087,0.708,0.7083541770885443,1000.0
accuracy,0.72131931166348,0.72131931166348,0.72131931166348,0.72131931166348
macro avg,0.7207770441988192,0.7207582417582417,0.7207674775602905,2092.0
weighted avg,0.7213077740578488,0.72131931166348,0.7213133779634457,2092.0
