,train_ll,test_ll
0,28.624095916748047,30.963733673095703
