,train_ll,test_ll
0,-21.1982421875,-21.1876220703125
