,precision,recall,f1-score,support
0,0.7263814616755794,0.7463369963369964,0.7362240289069557,1092.0
1,0.7144329896907217,0.693,0.7035532994923858,1000.0
accuracy,0.7208413001912046,0.7208413001912046,0.7208413001912046,0.7208413001912046
macro avg,0.7204072256831505,0.7196684981684982,0.7198886641996707,2092.0
weighted avg,0.720669954990657,0.7208413001912046,0.7206070454391882,2092.0
