,precision,recall,f1-score,support
0,0.7060280759702725,0.782967032967033,0.742509769865393,1092.0
1,0.7309875141884222,0.644,0.684742158426369,1000.0
accuracy,0.7165391969407265,0.7165391969407265,0.7165391969407265,0.7165391969407265
macro avg,0.7185077950793474,0.7134835164835165,0.713625964145881,2092.0
weighted avg,0.7179589737800955,0.7165391969407265,0.7148961888715957,2092.0
