,train_ll,test_ll
0,24.370071411132812,22.482303619384766
