,precision,recall,f1-score,support
0,0.7295652173913043,0.7683150183150184,0.7484388938447815,1092.0
1,0.7314225053078556,0.689,0.709577754891864,1000.0
accuracy,0.7304015296367112,0.7304015296367112,0.7304015296367112,0.7304015296367112
macro avg,0.7304938613495799,0.7286575091575092,0.7290083243683227,2092.0
weighted avg,0.7304530223227341,0.7304015296367112,0.7298628235996011,2092.0
