,train_ll,test_ll
0,27.699975967407227,28.9659481048584
