,precision,recall,f1-score,support
0,0.7122835943940643,0.7912087912087912,0.7496746203904555,1092.0
1,0.7406143344709898,0.651,0.6929217668972858,1000.0
accuracy,0.7241873804971319,0.7241873804971319,0.7241873804971319,0.7241873804971319
macro avg,0.726448964432527,0.7211043956043957,0.7212981936438707,2092.0
weighted avg,0.7258260131688853,0.7241873804971319,0.7225461053363591,2092.0
