,precision,recall,f1-score,support
0,0.7003454231433506,0.7433547204399633,0.7212094264117386,1091.0
1,0.69989281886388,0.653,0.6756337299534403,1000.0
accuracy,0.7001434720229556,0.7001434720229556,0.7001434720229556,0.7001434720229556
macro avg,0.7001191210036153,0.6981773602199817,0.6984215781825894,2091.0
weighted avg,0.700128969638104,0.7001434720229556,0.699413301850142,2091.0
