,precision,recall,f1-score,support
0,0.7031523642732049,0.7360219981668195,0.7192118226600985,1091.0
1,0.6965226554267651,0.661,0.6782965623396614,1000.0
accuracy,0.7001434720229556,0.7001434720229556,0.7001434720229556,0.7001434720229556
macro avg,0.6998375098499849,0.6985109990834097,0.6987541924998799,2091.0
weighted avg,0.6999817718071887,0.7001434720229556,0.6996445054336818,2091.0
