,train_ll,test_ll
0,-21.197059631347656,-21.1871337890625
