,precision,recall,f1-score,support
0,0.7151462994836488,0.760989010989011,0.7373558118899733,1092.0
1,0.7193548387096774,0.669,0.6932642487046632,1000.0
accuracy,0.7170172084130019,0.7170172084130019,0.7170172084130019,0.7170172084130019
macro avg,0.7172505690966631,0.7149945054945055,0.7153100302973183,2092.0
weighted avg,0.7171580295152113,0.7170172084130019,0.7162795388568423,2092.0
