,precision,recall,f1-score,support
0,0.7263726372637264,0.739010989010989,0.7326373127553336,1092.0
1,0.709480122324159,0.696,0.7026754164563351,1000.0
accuracy,0.7184512428298279,0.7184512428298279,0.7184512428298279,0.7184512428298279
macro avg,0.7179263797939427,0.7175054945054945,0.7176563646058344,2092.0
weighted avg,0.7182978213270306,0.7184512428298279,0.7183151825932884,2092.0
