,precision,recall,f1-score,support
0,0.7025151777970512,0.7424381301558204,0.7219251336898396,1091.0
1,0.7004264392324094,0.657,0.6780185758513931,1000.0
accuracy,0.7015781922525107,0.7015781922525107,0.7015781922525107,0.7015781922525107
macro avg,0.7014708085147303,0.6997190650779102,0.6999718547706164,2091.0
weighted avg,0.7015162593060699,0.7015781922525107,0.7009272581095208,2091.0
