,train_ll,test_ll
0,10.095040321350098,11.016860961914062
