,train_ll,test_ll
0,23.25600814819336,24.39116096496582
