,train_ll,test_ll
0,21.52292823791504,22.578096389770508
