,train_ll,test_ll
0,-21.130144119262695,-21.12198257446289
