,train_ll,test_ll
0,27.01114845275879,28.643457412719727
