,train_ll,test_ll
0,27.609024047851562,28.15462875366211
