model_returned_smth,valid_cf_disc,dissimilarity_proximity_categorical_hamming,dissimilarity_proximity_categorical_jaccard,dissimilarity_proximity_continuous_manhatan,dissimilarity_proximity_continuous_euclidean,dissimilarity_proximity_continuous_mad,distance_l2_jaccard,distance_mad_hamming,sparsity,flow_log_density_cfs,flow_log_density_xs,flow_prob_condition_acc,lof_scores_xs,lof_scores_cfs,isolation_forest_scores_xs,isolation_forest_scores_cfs,time
1.0,0.9359464645385742,,0.0,1.029264157845391,0.26636531131798447,22.35083224248219,0.26636531131798447,,0.9997113292179243,31.032514572143555,27.067319869995117,0.9994892477989197,1.1018999,7253625.5,0.06943995817672861,0.0820076629722964,12.457438468933104
1.0,0.9947418570518494,,0.0,1.1145775946473895,0.29424771414321577,26.220641972967794,0.29424771414321577,,0.99985374924263,32.933685302734375,28.969907760620117,0.9990389347076416,1.0990894,39180452.0,0.05871969978128787,0.07238789811732955,17.148207187652588
1.0,0.9995219707489014,,0.0,0.9917010193715647,0.25720607678058605,23.47490588362846,0.25720607678058605,,0.9998336556255588,32.83055114746094,29.203454971313477,0.9995217323303223,1.0838069,25981738.0,0.06451883852364265,0.07739462570979236,15.193603038787842
1.0,0.9971319437026978,,0.0,1.2481884396852674,0.3378327076177437,23.581576066847926,0.3378327076177437,,0.9998749426820626,32.785125732421875,28.14109992980957,0.9966443181037903,1.1005038,64336804.0,0.055976801201910384,0.07621784444306243,21.420180559158325
1.0,0.9985652565956116,,0.0,1.051743225282348,0.26909345064879236,20.88082688913999,0.26909345064879236,,0.9998750624687656,31.6473331451416,28.645206451416016,0.9995210766792297,1.0955006,109571384.0,0.05431181477111347,0.06976364247668439,14.288261651992798
