model_returned_smth,valid_cf_disc,dissimilarity_proximity_categorical_hamming,dissimilarity_proximity_categorical_jaccard,dissimilarity_proximity_continuous_manhatan,dissimilarity_proximity_continuous_euclidean,dissimilarity_proximity_continuous_mad,distance_l2_jaccard,distance_mad_hamming,sparsity,flow_log_density_cfs,flow_log_density_xs,flow_prob_condition_acc,lof_scores_xs,lof_scores_cfs,isolation_forest_scores_xs,isolation_forest_scores_cfs,time
1.0,0.9045225977897644,,0.0,2.0815556985541694,0.5968788448391397,34.90048962036549,0.5968788448391397,,1.0,25.817197799682617,22.217731475830078,0.6796296238899231,1.0997491,24441710.0,0.03785475023838228,0.06457555605195872,196.4909369945526
1.0,0.8792062401771545,,0.0,1.9083160537493145,0.5217919660074862,29.716461717113805,0.5217919660074862,,1.0,26.682897567749023,21.8314151763916,0.619234561920166,1.1010796,33017196.0,0.040391516235668966,0.062224198308312016,203.27324199676514
1.0,0.9552742838859558,,0.0,2.1672617309727187,0.6051564140028334,37.77486445354721,0.6051564140028334,,1.0,27.019187927246094,20.618858337402344,0.7641342878341675,1.0856816,1.286966,0.04646924670968316,0.07502831515103059,222.57989740371704
1.0,0.8692699670791626,,0.0,1.3421256817291578,0.37786980818018573,28.519782759957252,0.37786980818018573,,1.0,29.196184158325195,30.418041229248047,0.421875,1.1035554,1.2558743,0.03669257361165115,0.050060976348098966,384.75748682022095
1.0,0.9340567588806152,,0.0,2.2372315279510864,0.5993061389944423,38.31450923755266,0.5993061389944423,,1.0,25.637224197387695,19.050275802612305,0.667560338973999,1.0987924,1.3113474,0.03375828355494697,0.06802627854781797,195.52494597434998
