model_returned_smth,valid_cf_disc,dissimilarity_proximity_categorical_hamming,dissimilarity_proximity_categorical_jaccard,dissimilarity_proximity_continuous_manhatan,dissimilarity_proximity_continuous_euclidean,dissimilarity_proximity_continuous_mad,distance_l2_jaccard,distance_mad_hamming,sparsity,flow_log_density_cfs,flow_log_density_xs,flow_prob_condition_acc,lof_scores_xs,lof_scores_cfs,isolation_forest_scores_xs,isolation_forest_scores_cfs,time
1.0,0.8391915559768677,,0.0,1.493437548950851,0.41739488057046403,22.436807403305714,0.41739488057046403,,1.0,23.627038955688477,20.905290603637695,0.5591623187065125,1.1012754,519346720.0,0.03994467966432181,0.05275974714061937,191.89243745803833
1.0,0.8051323294639587,,0.0,1.3326651297779373,0.36428607618331416,20.566027062349082,0.36428607618331416,,1.0,28.259977340698242,25.09450912475586,0.6454183459281921,1.0994657,299360830.0,0.04370615611518311,0.056012406135121574,147.8539936542511
1.0,0.9448160529136658,,0.0,2.289455892276575,0.614906378522532,40.11605700085883,0.614906378522532,,1.0,21.996124267578125,14.101728439331055,0.8115044236183167,1.0858427,1.3165888,0.04777839029429216,0.06519808244036876,203.07721638679504
1.0,0.8542435169219971,,0.0,1.6115730385201505,0.48471842215421973,25.51380632729022,0.48471842215421973,,1.0,30.968875885009766,30.677024841308594,0.6220302581787109,1.1062424,1.2841476,0.03240312058594121,0.06042887239233466,125.40754008293152
1.0,0.9309484362602234,,0.0,1.589020606978248,0.47908813353403945,26.45697487817877,0.47908813353403945,,1.0,27.113767623901367,23.427650451660156,0.6890080571174622,1.0986154,1.2879133,0.03407755675951568,0.05570278765980285,171.4686279296875
