model_returned_smth,valid_cf_disc,dissimilarity_proximity_categorical_hamming,dissimilarity_proximity_categorical_jaccard,dissimilarity_proximity_continuous_manhatan,dissimilarity_proximity_continuous_euclidean,dissimilarity_proximity_continuous_mad,distance_l2_jaccard,distance_mad_hamming,sparsity,flow_log_density_cfs,flow_log_density_xs,flow_prob_condition_acc,lof_scores_xs,lof_scores_cfs,isolation_forest_scores_xs,isolation_forest_scores_cfs,time
1.0,0.6754302382469177,,0.0,1.1869918280240377,0.30690513007030307,21.44016037699825,0.30690513007030307,,0.9981230191698206,31.464365005493164,26.231021881103516,0.9992923140525818,1.0733441,1.0971866,0.0659613304680793,0.08697959899437865,52.55038261413574
1.0,0.687858521938324,,0.0,1.3636100328026528,0.352283006253232,27.40442118748429,0.352283006253232,,0.9999093573435659,32.925357818603516,27.329486846923828,1.0,1.0722159,1.0937781,0.06487266914549462,0.08753778184536228,45.99311685562134
1.0,0.7031548619270325,,0.0,1.3387495237395854,0.3438009532684691,23.400218976107,0.3438009532684691,,0.9993497472881506,32.69249725341797,27.75058364868164,1.0,1.0734819,1.094664,0.06948254689482912,0.08897030277265186,37.374539613723755
1.0,0.7275334596633911,,0.0,1.1342394460965455,0.29461733432650405,22.916903323366785,0.29461733432650405,,0.9990001713991887,32.327735900878906,27.2116641998291,1.0,1.0726612,1.0957773,0.06887298120137415,0.08874014981550425,43.268856048583984
1.0,0.6819703578948975,,0.0,1.187637441359612,0.30541841077268794,23.482750598180697,0.30541841077268794,,0.9981706201597659,31.967350006103516,26.375974655151367,1.0,1.0775867,1.1000898,0.06629306854105649,0.09215330012387037,55.97720527648926
