model_returned_smth,valid_cf_disc,dissimilarity_proximity_categorical_hamming,dissimilarity_proximity_categorical_jaccard,dissimilarity_proximity_continuous_manhatan,dissimilarity_proximity_continuous_euclidean,dissimilarity_proximity_continuous_mad,distance_l2_jaccard,distance_mad_hamming,sparsity,flow_log_density_cfs,flow_log_density_xs,flow_prob_condition_acc,lof_scores_xs,lof_scores_cfs,isolation_forest_scores_xs,isolation_forest_scores_cfs,time
1.0,0.9990440011024475,,0.0,0.9448622831478516,0.2391610359789646,21.055061070824046,0.2391610359789646,,0.9997919700436863,31.96109390258789,28.39306640625,0.9995215535163879,1.0955427,82619130.0,0.05840305597250849,0.0707518378766936,8.698861837387085
1.0,0.9961758852005005,,0.0,0.9018343427414679,0.23065846618576638,22.02688843999014,0.23065846618576638,,0.9998122339981641,32.65397262573242,28.956178665161133,0.9995201826095581,1.0991632,65212564.0,0.05874283176059673,0.07167064924781208,13.80326008796692
1.0,0.9976099133491516,,0.0,0.8532968776773014,0.2171622132721497,20.962459027652194,0.2171622132721497,,0.999895835503427,32.8387336730957,29.202390670776367,0.9995208382606506,1.0838189,72134420.0,0.06453510617828218,0.0770480551684351,11.532846212387083
1.0,0.9961758852005005,,0.0,0.8909880810305526,0.229825214892521,19.80578014535475,0.229825214892521,,0.9999165484436284,32.2932243347168,28.498558044433594,0.9990403056144714,1.1004517,75864740.0,0.05603865157241954,0.06883429067915137,14.387365102767944
1.0,0.9966523051261902,,0.0,0.8978658426434822,0.2283490552939766,18.15641342676178,0.2283490552939766,,0.9999374113327214,32.33346176147461,28.63788604736328,0.9995201826095581,1.0954825,27804704.0,0.05428933372554246,0.0703456649180488,13.78307294845581
