model_returned_smth,valid_cf_disc,dissimilarity_proximity_categorical_hamming,dissimilarity_proximity_categorical_jaccard,dissimilarity_proximity_continuous_manhatan,dissimilarity_proximity_continuous_euclidean,dissimilarity_proximity_continuous_mad,distance_l2_jaccard,distance_mad_hamming,sparsity,flow_log_density_cfs,flow_log_density_xs,flow_prob_condition_acc,lof_scores_xs,lof_scores_cfs,isolation_forest_scores_xs,isolation_forest_scores_cfs,time
1.0,0.9369024634361267,,0.0,1.023666640885422,0.26561270099563794,21.688435276017046,0.26561270099563794,,0.9994676131322094,31.23361587524414,27.18109893798828,0.9994897842407227,1.0819896,1.0953277,0.07252601780742035,0.08669463126060675,76.42055058479309
1.0,0.9459847211837769,,0.0,0.963183474836504,0.26165968513837706,24.22439699997972,0.26165968513837706,,0.9989234791396621,32.250022888183594,28.07843780517578,0.9984840750694275,1.0833229,1.0944285,0.0648467780306383,0.08527681815675807,128.65758156776428
1.0,0.9397705793380737,,0.0,0.9623864561738315,0.2581217090433844,21.051912209931114,0.2581217090433844,,0.9992923172188066,31.976009368896484,28.419939041137695,0.9989827275276184,1.0832763,1.0934249,0.06891881106641709,0.0829974909236313,117.88071465492249
1.0,0.9502868056297302,,0.0,1.0972380987421226,0.3032455784542592,24.304344210110497,0.3032455784542592,,0.9996719447117488,32.13224792480469,27.98879051208496,0.9984909296035767,1.0821961,1.0998335,0.06915590919375415,0.09359606322686492,166.38226628303528
1.0,0.9383070468902588,,0.0,1.0537433030366834,0.28474570225308576,26.36621022027311,0.28474570225308576,,0.998227186101139,31.648591995239258,27.5161075592041,0.9994903206825256,1.0870426,1.1000288,0.07001996172343108,0.08908076574112478,140.90114498138428
