model_returned_smth,valid_cf_disc,dissimilarity_proximity_categorical_hamming,dissimilarity_proximity_categorical_jaccard,dissimilarity_proximity_continuous_manhatan,dissimilarity_proximity_continuous_euclidean,dissimilarity_proximity_continuous_mad,distance_l2_jaccard,distance_mad_hamming,sparsity,flow_log_density_cfs,flow_log_density_xs,flow_prob_condition_acc,lof_scores_xs,lof_scores_cfs,isolation_forest_scores_xs,isolation_forest_scores_cfs,time
1.0,0.8934034705162048,,0.0,1.1737021726392116,0.30122403832117617,24.024257719531462,0.30122403832117617,,0.9999767371530928,31.27737808227539,27.088855743408203,1.0,1.0810874,1312054.0,0.07413624388426572,0.09278500207934284,18.161603450775146
1.0,0.9541109204292297,,0.0,1.2455598681492688,0.32645808526082437,27.39066044929761,0.32645808526082437,,1.0,32.642303466796875,29.02010726928711,0.9959920048713684,1.087872,9323.36,0.06285692054819107,0.08274027699310052,27.579345703125
1.0,0.9020076394081116,,0.0,1.140470441765856,0.2920099710412621,24.45001807651054,0.2920099710412621,,1.0,32.18125534057617,28.51324462890625,0.998410165309906,1.0852271,1.0974959,0.07214756208900563,0.08706591257535455,19.482441186904907
1.0,0.9063097238540649,,0.0,1.3356889882122802,0.3610516777035018,27.105912805840255,0.3610516777035018,,1.0,32.70918273925781,28.114736557006836,0.9994725584983826,1.0839854,1.1062969,0.06550366645751526,0.08950036246123559,33.5519654750824
1.0,0.9072214365005493,,0.0,1.0391806193432604,0.27159728299277314,26.523152729413624,0.27159728299277314,,0.9999312415484404,31.581363677978516,27.55765724182129,0.9994728565216064,1.0837638,1.0973268,0.07491172703471684,0.09824744279431409,27.832396030426025
