model_returned_smth,valid_cf_disc,dissimilarity_proximity_categorical_hamming,dissimilarity_proximity_categorical_jaccard,dissimilarity_proximity_continuous_manhatan,dissimilarity_proximity_continuous_euclidean,dissimilarity_proximity_continuous_mad,distance_l2_jaccard,distance_mad_hamming,sparsity,flow_log_density_cfs,flow_log_density_xs,flow_prob_condition_acc,lof_scores_xs,lof_scores_cfs,isolation_forest_scores_xs,isolation_forest_scores_cfs,time
1.0,1.0,,0.0,0.885657977439943,0.22292603796097116,19.885828025568518,0.22292603796097116,,0.8620625155873306,31.86096954345703,28.393930435180664,1.0,1.088878,1122501.5,0.06391690989249324,0.07901950430634021,12.457438468933105
1.0,0.9990440011024475,,0.0,0.8725125848463393,0.22190575709725277,20.913031968828403,0.22190575709725277,,0.8779408097098678,33.06516647338867,28.9659481048584,1.0,1.0918827,1.1633828,0.05855592298152033,0.07587439505288786,17.148207187652588
1.0,0.9995219707489014,,0.0,0.8194299842567786,0.20625588832434658,19.452335262220338,0.20625588832434658,,0.853853188128689,33.02806091308594,29.20304298400879,1.0,1.093772,1.0965536,0.05832402815859625,0.07350348667341068,15.193603038787842
1.0,0.9976099133491516,,0.0,0.8554611151642376,0.22015898829364017,17.602093208077022,0.22015898829364017,,0.8839679108820351,32.641849517822266,28.15462875366211,0.9990440011024475,1.0864059,22825.348,0.06727252934572579,0.08559039596443868,21.420180559158325
1.0,1.0,,0.0,0.9350942514808904,0.23433859949877425,18.64831973948748,0.23433859949877425,,0.8686503233318779,32.25136947631836,28.643457412719727,1.0,1.0962806,1.0990213,0.05718591814579241,0.07273526993173599,14.288261651992798
