model_returned_smth,valid_cf_disc,dissimilarity_proximity_categorical_hamming,dissimilarity_proximity_categorical_jaccard,dissimilarity_proximity_continuous_manhatan,dissimilarity_proximity_continuous_euclidean,dissimilarity_proximity_continuous_mad,distance_l2_jaccard,distance_mad_hamming,sparsity,flow_log_density_cfs,flow_log_density_xs,flow_prob_condition_acc,lof_scores_xs,lof_scores_cfs,isolation_forest_scores_xs,isolation_forest_scores_cfs,time
1.0,0.643169641494751,,0.0,2.246091370763752,0.612351419626457,38.53530725069289,0.612351419626457,,1.0,19.308433532714844,18.190397262573242,0.5442177057266235,1.0953177,149533970.0,0.05816914392885232,0.019486838762833105,1928.9615230560303
1.0,0.34211787581443787,,0.0,3.261567866025168,0.9075884287186478,64.95471332170456,0.9075884287186478,,1.0,24.05325698852539,25.862625122070312,0.46358543634414673,1.0989697,398167970.0,0.058760796770823805,-0.04136643692479196,2655.078799009323
1.0,0.5608108043670654,,0.0,1.8282884598828664,0.5065342021172486,51.76726450095385,0.5065342021172486,,1.0,29.20380401611328,32.04313278198242,0.6996557712554932,1.083526,1.387003,0.06450034840953332,0.03419396333470778,2936.98521900177
1.0,0.8513442277908325,,0.0,1.9193858764974483,0.5121292675122203,48.78815704692845,0.5121292675122203,,1.0,14.941221237182617,10.484613418579102,0.7325077652931213,1.0984108,1.674216,0.05379927974249854,0.04219359531952484,2038.9233105182648
1.0,0.9251074194908142,,0.0,1.7626803799942705,0.4777141254806037,50.53152431956459,0.4777141254806037,,1.0,15.924712181091309,15.562414169311523,0.6084936857223511,1.1033827,1.5776595,0.06217520267169879,0.0334681130142007,1431.8503654003143
