model_returned_smth,valid_cf_disc,dissimilarity_proximity_categorical_hamming,dissimilarity_proximity_categorical_jaccard,dissimilarity_proximity_continuous_manhatan,dissimilarity_proximity_continuous_euclidean,dissimilarity_proximity_continuous_mad,distance_l2_jaccard,distance_mad_hamming,sparsity,flow_log_density_cfs,flow_log_density_xs,flow_prob_condition_acc,lof_scores_xs,lof_scores_cfs,isolation_forest_scores_xs,isolation_forest_scores_cfs,time
1.0,0.9980879426002502,,0.0,0.9754975769092172,0.2621257832441208,21.460137457757593,0.2621257832441208,,0.8594438440435614,31.716651916503906,28.393930435180664,0.9976099133491516,1.0855196,2121.996,0.05453240507355435,0.0673606241204854,31.69179344177246
1.0,0.9985659718513489,,0.0,0.9731673965658154,0.25907364644145553,22.78508684912809,0.25907364644145553,,0.8640784770138831,32.8050537109375,28.9659481048584,0.9976099133491516,1.0885593,1985391.4,0.059163287768041604,0.07730815739771675,32.12574505805969
1.0,0.9980879426002502,,0.0,0.8894522204864953,0.23661230545307757,21.29142601387913,0.23661230545307757,,0.8847161027516834,32.63803482055664,29.20304298400879,0.9990440011024475,1.0885062,1.1249325,0.06024295668357836,0.07581205467230069,36.521472454071045
1.0,0.9990440011024475,,0.0,1.1913938846854697,0.3264334110034999,22.229435033557063,0.3264334110034999,,0.8685052789093025,33.09830856323242,28.15462875366211,0.9966539144515991,1.0888966,24030.395,0.0649693309860656,0.08731643519582996,39.66353392601013
1.0,0.9995217323303223,,0.0,1.0036716103905416,0.2611722283823777,20.430481992960917,0.2611722283823777,,0.8399143326471628,32.132728576660156,28.643457412719727,0.9995217323303223,1.0909499,3.1359446,0.060802500582371286,0.07503641705724322,31.183022499084473
