model_returned_smth,valid_cf_disc,dissimilarity_proximity_categorical_hamming,dissimilarity_proximity_categorical_jaccard,dissimilarity_proximity_continuous_manhatan,dissimilarity_proximity_continuous_euclidean,dissimilarity_proximity_continuous_mad,distance_l2_jaccard,distance_mad_hamming,sparsity,flow_log_density_cfs,flow_log_density_xs,flow_prob_condition_acc,lof_scores_xs,lof_scores_cfs,isolation_forest_scores_xs,isolation_forest_scores_cfs,time
1.0,1.0,,0.0,2.9696294738228244,0.8575404844105986,50.83144761735391,0.8575404844105986,,1.0,31.995084762573242,28.393930435180664,0.9937858581542969,1.0955427,195759410.0,0.05840305597250849,0.045074880671513086,15.85720705986023
1.0,1.0,,0.0,2.8244417618693443,0.7995554559369783,55.444396379539384,0.7995554559369783,,1.0,32.69317626953125,28.9659481048584,0.9918738007545471,1.0991632,121982744.0,0.05874283176059673,0.0515566683253833,16.26658010482788
1.0,1.0,,0.0,2.6322767129453317,0.7418696841124055,52.05650541319136,0.7418696841124055,,1.0,32.1551513671875,29.20304298400879,0.9913957715034485,1.0838189,263351710.0,0.06453510617828218,0.061007602802987095,16.127621173858643
1.0,0.9995219707489014,,0.0,2.6929654626797612,0.7556938740577024,48.70903535345784,0.7556938740577024,,1.0,32.269134521484375,28.49957275390625,0.9904351830482483,1.1004517,125686616.0,0.05603865157241954,0.052378126741584055,16.391947984695435
1.0,1.0,,0.0,2.7235590471319164,0.7573262199670405,48.23368065702903,0.7573262199670405,,1.0,31.456510543823242,28.643457412719727,0.9937828779220581,1.0954825,129106536.0,0.05428933372554246,0.04926957607063682,16.35237693786621
