model_returned_smth,valid_cf_disc,dissimilarity_proximity_categorical_hamming,dissimilarity_proximity_categorical_jaccard,dissimilarity_proximity_continuous_manhatan,dissimilarity_proximity_continuous_euclidean,dissimilarity_proximity_continuous_mad,distance_l2_jaccard,distance_mad_hamming,sparsity,flow_log_density_cfs,flow_log_density_xs,flow_prob_condition_acc,lof_scores_xs,lof_scores_cfs,isolation_forest_scores_xs,isolation_forest_scores_cfs,time
1.0,0.9990440011024475,,0.0,0.9448622831478516,0.2391610359789646,21.055061070824046,0.2391610359789646,,0.9997919700436863,31.96109390258789,28.39306640625,0.9995215535163879,1.0927886,1204839.1,0.06373528775107147,0.07796950929918073,8.698861837387085
1.0,0.9961758852005005,,0.0,0.9018343427414679,0.23065846618576638,22.02688843999014,0.23065846618576638,,0.9998122339981641,32.65397262573242,28.956178665161133,0.9995201826095581,1.0940179,1.0983734,0.06308010571512189,0.08165094194087365,13.803260087966919
1.0,0.9976099133491516,,0.0,0.8532968776773014,0.2171622132721497,20.962459027652194,0.2171622132721497,,0.999895835503427,32.8387336730957,29.202390670776367,0.9995208382606506,1.0958953,1.0969214,0.06871633758699242,0.08034237655618015,11.532846212387085
1.0,0.9961758852005005,,0.0,0.8909880810305526,0.229825214892521,19.80578014535475,0.229825214892521,,0.9999165484436284,32.2932243347168,28.49855613708496,0.9990403056144714,1.0886594,2062764.1,0.05736248127620571,0.06948041723064301,14.387365102767944
1.0,0.9966523051261902,,0.0,0.8978658426434822,0.2283490552939766,18.15641342676178,0.2283490552939766,,0.9999374113327214,32.33346176147461,28.63788604736328,0.9995201826095581,1.0976,1.1245321,0.06628294956311663,0.08081740389496053,13.78307294845581
