model_returned_smth,valid_cf_disc,dissimilarity_proximity_categorical_hamming,dissimilarity_proximity_categorical_jaccard,dissimilarity_proximity_continuous_manhatan,dissimilarity_proximity_continuous_euclidean,dissimilarity_proximity_continuous_mad,distance_l2_jaccard,distance_mad_hamming,sparsity,flow_log_density_cfs,flow_log_density_xs,flow_prob_condition_acc,lof_scores_xs,lof_scores_cfs,isolation_forest_scores_xs,isolation_forest_scores_cfs,time
1.0,0.9138075113296509,,0.0,2.467276292371831,0.6955202596352239,37.230161669000495,0.6955202596352239,,1.0,25.37401008605957,20.06302833557129,0.6410256624221802,1.1013258,18717792.0,0.03859031551542524,0.06347952825250483,734.266028881073
1.0,0.8977072238922119,,0.0,1.8557110905249545,0.4826082361097823,30.970527143398357,0.4826082361097823,,1.0,25.61970329284668,19.668535232543945,0.7426326274871826,1.097586,24452912.0,0.04161776809051258,0.06343431812636423,793.4877648353577
1.0,0.9327659606933594,,0.0,1.9809348855805362,0.5336519413737968,31.785449987832923,0.5336519413737968,,1.0,28.767765045166016,24.51951026916504,0.7335766553878784,1.0853218,1.2436898,0.04714019391438539,0.07442036057030899,849.8702492713928
1.0,0.9436379075050354,,0.0,2.040597660986947,0.5477966001389658,32.991429329055116,0.5477966001389658,,1.0,25.597183227539062,20.069107055664062,0.7013574838638306,1.1039693,1.2624632,0.03796580949338506,0.06703544639326144,994.563627243042
1.0,0.9327165484428406,,0.0,2.087376888486161,0.5413137212685631,35.222864606528915,0.5413137212685631,,1.0,24.387557983398438,17.08004379272461,0.7655545473098755,1.0994263,114704560.0,0.03382582100406674,0.06583753323364035,865.9807252883911
