model_returned_smth,valid_cf_disc,dissimilarity_proximity_categorical_hamming,dissimilarity_proximity_categorical_jaccard,dissimilarity_proximity_continuous_manhatan,dissimilarity_proximity_continuous_euclidean,dissimilarity_proximity_continuous_mad,distance_l2_jaccard,distance_mad_hamming,sparsity,flow_log_density_cfs,flow_log_density_xs,flow_prob_condition_acc,lof_scores_xs,lof_scores_cfs,isolation_forest_scores_xs,isolation_forest_scores_cfs,time
1.0,0.8957934975624084,,0.0,1.175938194738585,0.30184381623790535,24.176131403587274,0.30184381623790535,,1.0,31.2723445892334,27.086706161499023,0.9994663596153259,1.0955427,204283970.0,0.05840305597250849,0.07309823426599123,18.161603450775143
1.0,0.9631931185722351,,0.0,1.2374870064858687,0.32442338281037514,28.525007210609015,0.32442338281037514,,0.9999784226993204,32.63703155517578,28.98508644104004,0.996029794216156,1.0991632,122890424.0,0.05874283176059673,0.073433765279454,27.579345703125
1.0,0.9034416675567627,,0.0,1.1381837877404963,0.2914647318839607,24.385375248276322,0.2914647318839607,,1.0,32.15419387817383,28.467544555664062,0.9984126687049866,1.0838189,142298060.0,0.06453510617828218,0.07809406587500035,19.482441186904907
1.0,0.9125239253044128,,0.0,1.3317066709017442,0.3601554139760604,27.119105640307946,0.3601554139760604,,1.0,32.69975280761719,28.05946159362793,0.9994761943817139,1.1004517,99020216.0,0.05603865157241954,0.07660146952968193,33.5519654750824
1.0,0.9115256071090698,,0.0,1.0385907425633323,0.2714097293321611,26.45741359725984,0.2714097293321611,,0.9999087549614489,31.57353401184082,27.528810501098633,0.9989506602287292,1.0954825,139854320.0,0.05428933372554246,0.07090707826274344,27.832396030426025
