model_returned_smth,valid_cf_disc,dissimilarity_proximity_categorical_hamming,dissimilarity_proximity_categorical_jaccard,dissimilarity_proximity_continuous_manhatan,dissimilarity_proximity_continuous_euclidean,dissimilarity_proximity_continuous_mad,distance_l2_jaccard,distance_mad_hamming,sparsity,flow_log_density_cfs,flow_log_density_xs,flow_prob_condition_acc,lof_scores_xs,lof_scores_cfs,isolation_forest_scores_xs,isolation_forest_scores_cfs,time
1.0,0.9500293731689453,,0.0,2.3580405027922566,0.6267825662292893,45.6176127310286,0.6267825662292893,,1.0,21.907564163208008,15.957870483398438,0.7964109182357788,1.091901,1.4008509,0.054929572711015756,0.05326798386538236,301.0734248161316
1.0,0.9938356280326843,,0.0,2.246000174939973,0.7531016647501753,45.37796151563358,0.7531016647501753,,1.0,12.93772029876709,6.184665679931641,0.8277050256729126,1.0928965,2.2801304,0.05239422363413291,0.035685679570073334,307.79595589637756
1.0,0.9762363433837891,,0.0,2.0154267387996936,0.5219868980963122,38.88432041580029,0.5219868980963122,,1.0,21.090137481689453,14.855202674865723,0.7684210538864136,1.0821667,1.3363787,0.05784913082121015,0.058965925746270374,238.41204476356506
1.0,0.916893720626831,,0.0,2.094509249893076,0.577612356099261,34.20799431874461,0.577612356099261,,1.0,26.148677825927734,21.32371711730957,0.7243685126304626,1.0993397,1.3083383,0.04758445395595165,0.06150157444474103,282.0395143032074
1.0,0.9369834661483765,,0.0,2.582097121735274,0.678230925678862,44.15733578733789,0.678230925678862,,1.0,23.800636291503906,15.611092567443848,0.7839030027389526,1.1004066,1.289099,0.031157413863002564,0.06429993360736982,216.1999671459198
