model_returned_smth,valid_cf_disc,dissimilarity_proximity_categorical_hamming,dissimilarity_proximity_categorical_jaccard,dissimilarity_proximity_continuous_manhatan,dissimilarity_proximity_continuous_euclidean,dissimilarity_proximity_continuous_mad,distance_l2_jaccard,distance_mad_hamming,sparsity,flow_log_density_cfs,flow_log_density_xs,flow_prob_condition_acc,lof_scores_xs,lof_scores_cfs,isolation_forest_scores_xs,isolation_forest_scores_cfs,time
1.0,0.8135443925857544,,0.0,2.2716422903627107,0.6146737406206567,38.26061111900612,0.6146737406206567,,1.0,23.09868812561035,17.516338348388672,0.5254054069519043,1.1022687,172436860.0,0.03679954223117465,0.06737468731757168,177.35154509544373
1.0,0.7308091521263123,,0.0,1.656869689750864,0.47311269286525676,31.159724610019197,0.47311269286525676,,1.0,30.399580001831055,28.249156951904297,0.7047551274299622,1.0959138,195824460.0,0.05825037885818391,0.053925636629014354,276.61666083335876
1.0,0.8725489974021912,,0.0,1.7808448525746732,0.5066209991335534,35.91497109222171,0.5066209991335534,,1.0,29.487380981445312,27.166772842407227,0.7012557983398438,1.0817746,1.2197982,0.061442607354218144,0.060067939141562776,143.58218264579773
1.0,0.8826392889022827,,0.0,1.9906887746091895,0.537697783819661,37.10022965016836,0.537697783819661,,1.0,28.5682315826416,25.7680606842041,0.7113970518112183,1.0975366,84056610.0,0.05428741597812385,0.05263905620219801,314.38835072517395
1.0,0.7977346181869507,,0.0,1.5217197394951552,0.43901238291595046,29.245549714128824,0.43901238291595046,,1.0,28.592714309692383,26.692901611328125,0.6531440019607544,1.0934193,1029910000.0,0.05214748308894375,0.04787998233227687,333.4353971481323
