model_returned_smth,valid_cf_disc,dissimilarity_proximity_categorical_hamming,dissimilarity_proximity_categorical_jaccard,dissimilarity_proximity_continuous_manhatan,dissimilarity_proximity_continuous_euclidean,dissimilarity_proximity_continuous_mad,distance_l2_jaccard,distance_mad_hamming,sparsity,flow_log_density_cfs,flow_log_density_xs,flow_prob_condition_acc,lof_scores_xs,lof_scores_cfs,isolation_forest_scores_xs,isolation_forest_scores_cfs,time
1.0,0.8808063268661499,,0.0,1.6294334581354633,0.4733962264207388,28.228201137270393,0.4733962264207388,,1.0,27.092533111572266,23.94281005859375,0.5641791224479675,1.1001782,1.2818879,0.03644596748752745,0.05901989632496681,124.85712671279907
1.0,0.7067736387252808,,0.0,2.164987803976613,0.6187194063625934,35.90059915480917,0.6187194063625934,,1.0,24.282028198242188,16.484130859375,0.8373265862464905,1.1004926,1.3478732,0.03977582391420354,0.06277390593042179,183.79485774040222
1.0,0.8989637494087219,,0.0,1.8511778415893325,0.5324614440813684,31.817288199680235,0.5324614440813684,,1.0,25.456527709960938,19.407155990600586,0.7195004820823669,1.0863577,145598220.0,0.04583247605343226,0.07207212366735716,189.38373589515686
1.0,0.9808695912361145,,0.0,2.298282771185794,0.6108127198547908,57.012549142144344,0.6108127198547908,,1.0,4.202728271484375,-4.870216369628906,0.9769503474235535,1.1042839,1.6621195,0.03643731704071752,-0.012985578397427736,182.53430271148682
1.0,0.9122957587242126,,0.0,1.824295831028261,0.5277198607578271,30.479675379917158,0.5277198607578271,,1.0,25.366451263427734,20.398168563842773,0.7097077965736389,1.0973006,147345650.0,0.03350032421450979,0.06211475364806108,118.92750716209412
