model_returned_smth,valid_cf_disc,dissimilarity_proximity_categorical_hamming,dissimilarity_proximity_categorical_jaccard,dissimilarity_proximity_continuous_manhatan,dissimilarity_proximity_continuous_euclidean,dissimilarity_proximity_continuous_mad,distance_l2_jaccard,distance_mad_hamming,sparsity,flow_log_density_cfs,flow_log_density_xs,flow_prob_condition_acc,lof_scores_xs,lof_scores_cfs,isolation_forest_scores_xs,isolation_forest_scores_cfs,time
1.0,0.9435551762580872,,0.0,1.423320160014087,0.4335798612366759,23.31901709902083,0.4335798612366759,,1.0,27.525203704833984,26.443336486816406,0.6580356955528259,1.0991049,968621950.0,0.037702289791644215,0.05617286084329521,216.50032091140747
1.0,0.9495726227760315,,0.0,1.8402954617289502,0.5286815628807845,29.702929282537255,0.5286815628807845,,1.0,24.792160034179688,19.9609375,0.64536452293396,1.1001917,262246670.0,0.040751928150415055,0.06331416860112421,183.06771063804626
1.0,0.8468776941299438,,0.0,1.2867368775733858,0.35261986952820557,22.631342327605033,0.35261986952820557,,1.0,28.244808197021484,25.326976776123047,0.6474747657775879,1.0859745,502141220.0,0.04565124570647855,0.056273751001151055,199.05095100402832
1.0,0.9319552183151245,,0.0,1.987467100833781,0.5340987897854865,34.142977374283895,0.5340987897854865,,1.0,25.463403701782227,20.511411666870117,0.6515711545944214,1.1049755,53263292.0,0.03609083861282934,0.060645486483764784,205.86844515800476
1.0,0.9638047218322754,,0.0,2.27177283669279,0.6122734346801123,41.481691330744766,0.6122734346801123,,1.0,20.96285629272461,13.644365310668945,0.783406138420105,1.0969332,1.3882176,0.034087969785659485,0.05332570449551548,195.3333556652069
