model_returned_smth,valid_cf_disc,dissimilarity_proximity_categorical_hamming,dissimilarity_proximity_categorical_jaccard,dissimilarity_proximity_continuous_manhatan,dissimilarity_proximity_continuous_euclidean,dissimilarity_proximity_continuous_mad,distance_l2_jaccard,distance_mad_hamming,sparsity,flow_log_density_cfs,flow_log_density_xs,flow_prob_condition_acc,lof_scores_xs,lof_scores_cfs,isolation_forest_scores_xs,isolation_forest_scores_cfs,time
1.0,0.84375,,0.0,2.033694349788297,0.5380054350701794,33.164625494414395,0.5380054350701794,,1.0,22.82530403137207,17.137378692626953,0.6296296119689941,1.100136,184928910.0,0.03694497724958259,0.06504157889035961,124.451495885849
1.0,0.9152542352676392,,0.0,2.4366487228971057,0.6883239543269399,42.10514728661351,0.6883239543269399,,1.0,16.46164894104004,7.738300323486328,0.8869395852088928,1.0995175,1.9140851,0.03989984169620979,0.03533121453182843,156.89483165740967
1.0,0.943231463432312,,0.0,1.8009458211104006,0.5163414343065493,30.57982042531306,0.5163414343065493,,1.0,27.680910110473633,24.083208084106445,0.6537036895751953,1.0862508,27583966.0,0.04547637292718991,0.0684139042764687,174.9188859462738
1.0,0.8993055820465088,,0.0,1.8126739923988668,0.5291539150971724,29.872938064866183,0.5291539150971724,,1.0,25.76093292236328,20.92591667175293,0.6167953610420227,1.1040739,68429730.0,0.03670352290346571,0.06869184852026607,148.5125458240509
1.0,0.9313304424285889,,0.0,2.0607640355850103,0.5637478082484271,35.52019529958192,0.5637478082484271,,1.0,24.743457794189453,16.254981994628906,0.7373272180557251,1.0987337,1.2517574,0.03300581247909776,0.06075038165243715,107.60373616218567
