,train_ll,test_ll
0,1.451007604598999,1.573470115661621
