coverage,validity,actionability,sparsity,proximity_euclidean_hamming,proximity_euclidean_jaccard,proximity_l1_jaccard,proximity_mad_jaccard,proximity_l2_jaccard,proximity_mad_hamming,prob_plausibility,log_density_cf,log_density_test,lof_scores_cf,lof_scores_test,isolation_forest_scores_cf,isolation_forest_scores_test,number_of_instances,time,n_groups
1.0,0.08247422680412371,0.16494845360824742,0.422680412371134,0.4867608252104102,0.4867608252104102,0.48838617000728846,2.9854044318199158,0.4867608252104102,2.9854044318199158,0.07216494845360824,-2410.9387,1.3275206,1.2443852,1.0736257,-0.03413906956821885,-0.010630037510291807,97.0,0.0027399063110351562,8
