model_returned_smth,valid_cf_disc,dissimilarity_proximity_categorical_hamming,dissimilarity_proximity_categorical_jaccard,dissimilarity_proximity_continuous_manhatan,dissimilarity_proximity_continuous_euclidean,dissimilarity_proximity_continuous_mad,distance_l2_jaccard,distance_mad_hamming,sparsity,flow_log_density_cfs,flow_log_density_xs,flow_prob_condition_acc,lof_scores_xs,lof_scores_cfs,isolation_forest_scores_xs,isolation_forest_scores_cfs,time
1.0,1.0,,0.0,3.509852793491007,1.011216529815289,61.30795260656057,1.011216529815289,,0.8196441931997672,22.470008850097656,28.393930435180664,0.5630975365638733,1.0955427,1.2289661,0.05840305597250849,0.02093171122922972,5.315374135971069
1.0,1.0,,0.0,2.6765714683128126,0.7690080888847177,54.75593140136913,0.7690080888847177,,0.8295577354726079,29.726608276367188,28.9659481048584,0.519120454788208,1.0991632,1.074462,0.05874283176059673,0.08807903289172658,5.376526117324829
1.0,1.0,,0.0,2.6994486387870693,0.7745821102150187,54.488411887366986,0.7745821102150187,,0.8307215894920609,29.421783447265625,29.20304298400879,0.5487571954727173,1.0838189,1.061798,0.06453510617828218,0.09139445750849252,5.38292407989502
1.0,1.0,,0.0,2.658054314603876,0.7673122095016457,44.96207166566655,0.7673122095016457,,0.8270221963587996,29.89820671081543,28.15462875366211,0.5592734217643738,1.1004517,1.0801675,0.05603865157241954,0.08132134309946824,6.138203144073486
1.0,1.0,,0.0,2.639653904609427,0.765845411322259,51.020699195261685,0.765845411322259,,0.8378766140602583,28.951574325561523,28.643457412719727,0.5538020133972168,1.0954825,1.0434742,0.05428933372554246,0.0893700879796849,6.126142263412476
