model_returned_smth,valid_cf_disc,dissimilarity_proximity_categorical_hamming,dissimilarity_proximity_categorical_jaccard,dissimilarity_proximity_continuous_manhatan,dissimilarity_proximity_continuous_euclidean,dissimilarity_proximity_continuous_mad,distance_l2_jaccard,distance_mad_hamming,sparsity,flow_log_density_cfs,flow_log_density_xs,flow_prob_condition_acc,lof_scores_xs,lof_scores_cfs,isolation_forest_scores_xs,isolation_forest_scores_cfs,time
1.0,1.0,,0.0,3.5603380765089563,1.0242886974782925,62.03192681039643,1.0242886974782925,,0.8229071410757336,22.158143997192383,28.393930435180664,0.5458890795707703,1.0955427,1.2339106,0.05840305597250849,0.01826911130070094,16.731151342391968
1.0,1.0,,0.0,2.690116050132407,0.771971517386087,55.08718302958794,0.771971517386087,,0.8307423725995511,29.78719139099121,28.9659481048584,0.5325047969818115,1.0991632,1.0742493,0.05874283176059673,0.08838631433327515,17.0090389251709
1.0,1.0,,0.0,2.710987211316138,0.7749823416441395,54.60758145009325,0.7749823416441395,,0.835480921107324,29.32698631286621,29.20304298400879,0.5133843421936035,1.0838189,1.0619471,0.06453510617828218,0.0909684077818996,17.755393028259277
1.0,1.0,,0.0,2.6732306331352143,0.7703101057747275,45.254611842021305,0.7703101057747275,,0.8309294205669632,29.937902450561523,28.15462875366211,0.5688336491584778,1.1004517,1.080268,0.05603865157241954,0.08160104209175835,19.03418469429016
1.0,1.0,,0.0,2.6258318894987593,0.7587047806699229,49.02657659460274,0.7587047806699229,,0.8268355062067245,33.187252044677734,28.643457412719727,0.5724533796310425,1.0954825,1.0113657,0.05428933372554246,0.09870456364332968,17.116429805755615
