model_returned_smth,valid_cf_disc,dissimilarity_proximity_categorical_hamming,dissimilarity_proximity_categorical_jaccard,dissimilarity_proximity_continuous_manhatan,dissimilarity_proximity_continuous_euclidean,dissimilarity_proximity_continuous_mad,distance_l2_jaccard,distance_mad_hamming,sparsity,flow_log_density_cfs,flow_log_density_xs,flow_prob_condition_acc,lof_scores_xs,lof_scores_cfs,isolation_forest_scores_xs,isolation_forest_scores_cfs,time
1.0,0.9416825771331787,,0.0,3.5528712253340964,1.0203154092681164,61.89149556590547,1.0203154092681164,,0.823239902891194,22.452390670776367,28.464359283447266,0.5527918934822083,13504922.0,5148098.0,0.059971314321512245,0.014618944204059172,5.937536001205444
1.0,0.9493308067321777,,0.0,2.6965164199196203,0.7741210370650472,53.11796712172416,0.7741210370650472,,0.830421647182451,29.756256103515625,28.95551872253418,0.5317220687866211,2809275.5,3289527.5,0.061326678266913744,0.09043712904155646,5.552953720092773
1.0,0.9435946345329285,,0.0,2.615593920311213,0.7512433358408498,53.02284266913463,0.7512433358408498,,0.8346548610193384,29.26945686340332,28.93006706237793,0.5050658583641052,1686935.2,3458898.2,0.06242614421986143,0.0849478050113182,6.711758852005005
1.0,0.9541109204292297,,0.0,2.6841581423169902,0.7716490922516229,49.828503235032755,0.7716490922516229,,0.8321643286573146,29.740192413330078,28.19082260131836,0.5260521173477173,2340277.8,3310526.0,0.06361610291111669,0.08996186516666804,7.0904388427734375
1.0,0.9512194991111755,,0.0,2.6572149022047578,0.7658780410785665,49.5556614932014,0.7658780410785665,,0.8295844536253744,33.01342010498047,28.761425018310547,0.5600804686546326,5905.339,13076.317,0.05863556141662475,0.09351970516015579,7.067715883255005
