model_returned_smth,valid_cf_disc,dissimilarity_proximity_categorical_hamming,dissimilarity_proximity_categorical_jaccard,dissimilarity_proximity_continuous_manhatan,dissimilarity_proximity_continuous_euclidean,dissimilarity_proximity_continuous_mad,distance_l2_jaccard,distance_mad_hamming,sparsity,flow_log_density_cfs,flow_log_density_xs,flow_prob_condition_acc,lof_scores_xs,lof_scores_cfs,isolation_forest_scores_xs,isolation_forest_scores_cfs,time
1.0,0.7141491174697876,,0.0,3.509852793491007,1.011216529815289,61.30795260656057,1.011216529815289,,0.8196441931997672,20.8970890045166,28.393930435180664,0.16347992420196533,12717346.0,5061058.0,0.05665645393752242,0.02753323061341503,12.21189022064209
1.0,0.7198852896690369,,0.0,2.6765714683128126,0.7690080888847177,54.75593140136913,0.7690080888847177,,0.8295577354726079,29.05514144897461,28.9659481048584,0.519120454788208,2666931.8,3200949.5,0.06390887829273739,0.09047763830125066,12.252163648605347
1.0,0.7227533459663391,,0.0,2.6994486387870693,0.7745821102150187,54.488411887366986,0.7745821102150187,,0.8307215894920609,28.687129974365234,29.20304298400879,0.5487571954727173,1591783.1,3404249.0,0.06410746587536309,0.08579113339443944,12.190059661865234
1.0,0.7294455170631409,,0.0,2.658054314603876,0.7673122095016457,44.96207166566655,0.7673122095016457,,0.8270221963587996,29.055639266967773,28.15462875366211,0.5592734217643738,1004717.5,1561116.9,0.06250150325031789,0.0955433383529983,12.127774000167847
1.0,0.7001434564590454,,0.0,2.639653904609427,0.765845411322259,51.020699195261685,0.765845411322259,,0.8378766140602583,28.835268020629883,28.643457412719727,0.5538020133972168,2308633.8,5301583.0,0.059527415328331154,0.09843496649212208,12.351623773574829
