model_returned_smth,valid_cf_disc,dissimilarity_proximity_categorical_hamming,dissimilarity_proximity_categorical_jaccard,dissimilarity_proximity_continuous_manhatan,dissimilarity_proximity_continuous_euclidean,dissimilarity_proximity_continuous_mad,distance_l2_jaccard,distance_mad_hamming,sparsity,flow_log_density_cfs,flow_log_density_xs,flow_prob_condition_acc,lof_scores_xs,lof_scores_cfs,isolation_forest_scores_xs,isolation_forest_scores_cfs,time
1.0,1.0,,0.0,3.509852793491007,1.011216529815289,61.30795260656057,1.011216529815289,,0.8196441931997672,22.47000503540039,28.393930435180664,0.5630975365638733,12717346.0,5061058.0,0.05885750907166727,0.031467134316384364,5.315374135971069
1.0,1.0,,0.0,2.6765714683128126,0.7690080888847177,54.75593140136913,0.7690080888847177,,0.8295577354726079,29.72661018371582,28.9659481048584,0.519120454788208,2666931.8,3200949.5,0.06504292254200611,0.09261313309703648,5.376526117324829
1.0,1.0,,0.0,2.6994486387870693,0.7745821102150187,54.488411887366986,0.7745821102150187,,0.8307215894920609,29.421783447265625,29.20304298400879,0.5487571954727173,1591783.1,3404249.0,0.06476362942643576,0.09532491295169158,5.3829240798950195
1.0,1.0,,0.0,2.658054314603876,0.7673122095016457,44.96207166566655,0.7673122095016457,,0.8270221963587996,29.89820671081543,28.15462875366211,0.5592734217643738,2232640.5,3230653.0,0.06311266773491496,0.08554956652246683,6.138203144073486
1.0,1.0,,0.0,2.639653904609427,0.765845411322259,51.020699195261685,0.765845411322259,,0.8378766140602583,28.95157241821289,28.643457412719727,0.5538020133972168,1057174.0,3598477.2,0.06210143248361424,0.09944909626641892,6.126142263412476
