model_returned_smth,valid_cf_disc,dissimilarity_proximity_categorical_hamming,dissimilarity_proximity_categorical_jaccard,dissimilarity_proximity_continuous_manhatan,dissimilarity_proximity_continuous_euclidean,dissimilarity_proximity_continuous_mad,distance_l2_jaccard,distance_mad_hamming,sparsity,flow_log_density_cfs,flow_log_density_xs,flow_prob_condition_acc,lof_scores_xs,lof_scores_cfs,isolation_forest_scores_xs,isolation_forest_scores_cfs,time
1.0,0.711759090423584,,0.0,3.5224392147659414,1.014850978842683,61.519614818138216,1.014850978842683,,0.822138166098595,20.893674850463867,28.393930435180664,0.1644359529018402,12717346.0,5061058.0,0.0541763854774691,0.025252322521230046,15.076719045639038
1.0,0.7294455170631409,,0.0,2.6779430521620715,0.7698293077494767,54.88370695292261,0.7698293077494767,,0.8296408679025687,29.100006103515625,28.9659481048584,0.5325047969818115,2666931.8,3200949.5,0.07145749544680208,0.09871509591652118,12.944987773895264
1.0,0.7146271467208862,,0.0,2.705464672537749,0.7721215855338918,54.49323769818523,0.7721215855338918,,0.8374760994263862,28.560691833496094,29.20304298400879,0.5014340281486511,1591783.1,3404249.0,0.06035540194383222,0.07131805819891264,13.259199619293213
1.0,0.7270554304122925,,0.0,2.666165590620754,0.7669901735575803,44.98503599808792,0.7669901735575803,,0.8315113475766897,28.932235717773438,28.15462875366211,0.5234225392341614,1004717.5,1561116.9,0.0606655101541822,0.09054515491951504,12.988154888153076
1.0,0.7044476270675659,,0.0,2.632248647981956,0.7602106611728389,49.08366477200607,0.7602106611728389,,0.8281870542490591,31.886486053466797,28.643457412719727,0.5514107942581177,1256975.2,1715909.1,0.0598976093748631,0.09852045513421359,12.783104419708252
