model_returned_smth,valid_cf_disc,dissimilarity_proximity_categorical_hamming,dissimilarity_proximity_categorical_jaccard,dissimilarity_proximity_continuous_manhatan,dissimilarity_proximity_continuous_euclidean,dissimilarity_proximity_continuous_mad,distance_l2_jaccard,distance_mad_hamming,sparsity,flow_log_density_cfs,flow_log_density_xs,flow_prob_condition_acc,lof_scores_xs,lof_scores_cfs,isolation_forest_scores_xs,isolation_forest_scores_cfs,time
1.0,1.0,,0.0,3.5603380765089563,1.0242886974782925,62.03192681039643,1.0242886974782925,,0.8229071410757336,22.158143997192383,28.393930435180664,0.5458890795707703,12717346.0,5061058.0,0.05922906614914949,0.020083026868788545,16.731151342391968
1.0,1.0,,0.0,2.690116050132407,0.771971517386087,55.08718302958794,0.771971517386087,,0.8307423725995511,29.78719139099121,28.9659481048584,0.5325047969818115,2666931.8,3200949.5,0.05598799103865683,0.07880049839400005,17.0090389251709
1.0,1.0,,0.0,2.710987211316138,0.7749823416441395,54.60758145009325,0.7749823416441395,,0.835480921107324,29.32698631286621,29.20304298400879,0.5133843421936035,1591783.1,3404249.0,0.057441231621011994,0.08064293856394658,17.755393028259277
1.0,1.0,,0.0,2.6732306331352143,0.7703101057747275,45.254611842021305,0.7703101057747275,,0.8309294205669632,29.937902450561523,28.15462875366211,0.5688336491584778,1004717.5,1561116.9,0.06211948200068093,0.08430986295644431,19.03418469429016
1.0,1.0,,0.0,2.6258318894987593,0.7587047806699229,49.02657659460274,0.7587047806699229,,0.8268355062067245,33.187252044677734,28.643457412719727,0.5724533796310425,1256975.2,1715909.1,0.0663986003281749,0.10988263754879349,17.116429805755615
