model_returned_smth,valid_cf_disc,dissimilarity_proximity_categorical_hamming,dissimilarity_proximity_categorical_jaccard,dissimilarity_proximity_continuous_manhatan,dissimilarity_proximity_continuous_euclidean,dissimilarity_proximity_continuous_mad,distance_l2_jaccard,distance_mad_hamming,sparsity,flow_log_density_cfs,flow_log_density_xs,flow_prob_condition_acc,lof_scores_xs,lof_scores_cfs,isolation_forest_scores_xs,isolation_forest_scores_cfs,time
1.0,1.0,,0.0,3.5470961224270274,1.0208260032324117,61.79632011185823,1.0208260032324117,,0.8214523235514174,22.123485565185547,28.393930435180664,0.5439770817756653,12717346.0,5061058.0,0.06483258946595039,0.023424323408067608,5.391906023025513
1.0,1.0,,0.0,2.6774855114118488,0.7692204495452653,54.79361848503207,0.7692204495452653,,0.8294953861501372,29.741758346557617,28.9659481048584,0.5224665403366089,2666931.8,3200949.5,0.06143231233574301,0.07417853315965747,6.235450983047485
1.0,1.0,,0.0,2.6969720742377645,0.7739038563382581,54.38280140653468,0.7739038563382581,,0.8307839388145315,29.398725509643555,29.20304298400879,0.5401529669761658,1591783.1,3404249.0,0.06747612786767032,0.10190849734073829,6.06619119644165
1.0,1.0,,0.0,2.658976434570562,0.7670819536145914,44.95512317095599,0.7670819536145914,,0.8278950868733893,29.856521606445312,28.15462875366211,0.5492351651191711,2232640.5,3230653.0,0.05711467491367411,0.08273711856096465,5.483388900756836
1.0,1.0,,0.0,2.640150662578007,0.765426525449581,51.00333726104483,0.765426525449581,,0.838396440230387,28.924238204956055,28.643457412719727,0.5461501479148865,1057174.0,3598477.2,0.06178791539389735,0.09507299706517532,5.376870155334473
