model_returned_smth,valid_cf_disc,dissimilarity_proximity_categorical_hamming,dissimilarity_proximity_categorical_jaccard,dissimilarity_proximity_continuous_manhatan,dissimilarity_proximity_continuous_euclidean,dissimilarity_proximity_continuous_mad,distance_l2_jaccard,distance_mad_hamming,sparsity,flow_log_density_cfs,flow_log_density_xs,flow_prob_condition_acc,lof_scores_xs,lof_scores_cfs,isolation_forest_scores_xs,isolation_forest_scores_cfs,time
1.0,0.92829829454422,,0.0,3.5740228748125484,1.0254093386465633,62.160666205363704,1.0254093386465633,,0.8240272242869296,22.34588623046875,28.465848922729492,0.5417096018791199,1.0955427,1.230065,0.05840305597250849,0.020340022356223324,5.937536001205444
1.0,0.9321223497390747,,0.0,2.7122446251726258,0.776132441196774,52.90835836957161,0.776132441196774,,0.8323299888517279,29.692626953125,29.041749954223633,0.5169230699539185,1.0991632,1.0743253,0.05874283176059673,0.0882765709612935,5.552953720092773
1.0,0.9306883215904236,,0.0,2.6834566504380613,0.767538831842086,53.79296229099432,0.767538831842086,,0.8370067662624774,29.28782844543457,29.08732032775879,0.5069337487220764,1.0838189,1.061957,0.06453510617828218,0.09093962063821089,6.711758852005005
1.0,0.9412046074867249,,0.0,2.7005682722437743,0.7764849479759619,50.20801017740759,0.7764849479759619,,0.8321593393247511,29.808107376098633,28.226694107055664,0.5439309477806091,1.1004517,1.0797763,0.05603865157241954,0.08023051702953687,7.0904388427734375
1.0,0.9430894255638123,,0.0,2.664873436082527,0.7681687461781962,49.78031994580148,0.7681687461781962,,0.8297689390598818,33.12651443481445,28.725452423095703,0.569979727268219,1.0954825,1.0125601,0.05428933372554246,0.09785722860440156,7.067715883255005
