model_returned_smth,valid_cf_disc,dissimilarity_proximity_categorical_hamming,dissimilarity_proximity_categorical_jaccard,dissimilarity_proximity_continuous_manhatan,dissimilarity_proximity_continuous_euclidean,dissimilarity_proximity_continuous_mad,distance_l2_jaccard,distance_mad_hamming,sparsity,flow_log_density_cfs,flow_log_density_xs,flow_prob_condition_acc,lof_scores_xs,lof_scores_cfs,isolation_forest_scores_xs,isolation_forest_scores_cfs,time
1.0,0.4166666567325592,,0.0,1.4736234907060861,0.5482314980749741,12.11094560623169,0.5482314980749741,,0.9179487179487179,1.900722622871399,7.949631690979004,0.13333334028720856,1.0312907,1.1001277,0.04372979481133526,0.03893043094057317,560.3509378433228
0.9722222222222222,0.37142857909202576,,0.0,1.411736948773838,0.5299976686906473,11.240423807731041,0.5299976686906473,,0.8698224852071006,-6.999419689178467,4.422316074371338,0.1538461595773697,1.0956119,1.1255312,0.03393252431714913,0.03661003546012797,498.9106340408325
0.9444444444444444,0.47058823704719543,,0.0,1.444780794205144,0.5228876471777427,14.042381159961224,0.5228876471777427,,0.8221153846153846,-1.7218976020812988,8.008358001708984,0.0,1.0757356,1.1628447,0.038984333709966935,0.026819891913678277,462.8658738136292
1.0,0.48571428656578064,,0.0,1.117274971678853,0.40088450297813566,9.516503165749942,0.40088450297813566,,0.8506787330316742,0.10927379876375198,8.429703712463379,0.0,1.0306348,1.0801249,0.051015147333551995,0.04869684023893627,473.3191294670105
0.9714285714285714,0.38235294818878174,,0.0,1.103612013698484,0.41153724847813433,10.014972503368671,0.41153724847813433,,0.8402366863905325,-0.07749293744564056,5.57127046585083,0.0,1.068763,1.1095189,0.047624813001762974,0.04958115702859224,438.0443141460418
