model_returned_smth,valid_cf_disc,dissimilarity_proximity_categorical_hamming,dissimilarity_proximity_categorical_jaccard,dissimilarity_proximity_continuous_manhatan,dissimilarity_proximity_continuous_euclidean,dissimilarity_proximity_continuous_mad,distance_l2_jaccard,distance_mad_hamming,sparsity,flow_log_density_cfs,flow_log_density_xs,flow_prob_condition_acc,lof_scores_xs,lof_scores_cfs,isolation_forest_scores_xs,isolation_forest_scores_cfs,time
1.0,1.0,,0.0,0.9580065898804201,0.3600295458617693,7.782252954112159,0.3600295458617693,,0.6794871794871795,1.788032054901123,6.908406734466553,0.0,1.0312907,1.045753,0.04372979481133526,0.05568962379001294,195.69866347312927
1.0,1.0,,0.0,0.7770431370784839,0.3233634965743303,5.4374013303054705,0.3233634965743303,,0.6217948717948718,-2.39794659614563,5.836296081542969,0.02777777798473835,1.0956119,1.128653,0.03393252431714913,0.038604647736777964,190.14931964874268
1.0,1.0,,0.0,0.7568782566555051,0.31570568914531305,5.096376487778293,0.31570568914531305,,0.5683760683760684,0.2497652918100357,7.302573204040527,0.0,1.0757356,1.0982937,0.038984333709966935,0.049173120752922364,193.5800106525421
1.0,1.0,,0.0,0.7942688093121563,0.29990169909022973,6.273528720012733,0.29990169909022973,,0.701098901098901,-0.7109509706497192,8.242945671081543,0.0,1.0306348,1.0604495,0.051015147333551995,0.05760747805875777,190.9073212146759
1.0,1.0,,0.0,0.8258410498899008,0.2965324115576004,7.4526735782623295,0.2965324115576004,,0.7120879120879121,0.33482077717781067,6.773268699645996,0.0,1.068763,1.0833907,0.047624813001762974,0.05538524832354162,185.12801790237427
