model_returned_smth,valid_cf_disc,dissimilarity_proximity_categorical_hamming,dissimilarity_proximity_categorical_jaccard,dissimilarity_proximity_continuous_manhatan,dissimilarity_proximity_continuous_euclidean,dissimilarity_proximity_continuous_mad,distance_l2_jaccard,distance_mad_hamming,sparsity,flow_log_density_cfs,flow_log_density_xs,flow_prob_condition_acc,lof_scores_xs,lof_scores_cfs,isolation_forest_scores_xs,isolation_forest_scores_cfs,time
1.0,0.3611111044883728,,0.0,1.710860152513935,0.632605989778866,19.889013803922214,0.632605989778866,,0.9467455621301775,1.656007170677185,8.012467384338379,0.07692307978868484,1.0008665,1.0877924,0.041556258217069424,0.040382389404905614,560.3509378433228
0.9722222222222222,0.48571428656578064,,0.0,1.306280439664774,0.48751410348664476,9.954250700333539,0.48751410348664476,,0.9095022624434389,-3.0063283443450928,6.306346893310547,0.11764705926179886,1.091618,1.1342261,0.040386378810759765,0.03652615177180819,498.9106340408325
0.9444444444444444,0.529411792755127,,0.0,1.5097316313638456,0.5514568863952448,11.867675761381784,0.5514568863952448,,0.8760683760683761,-1.7096033096313477,7.177515506744385,0.0,1.053437,1.1416507,0.03914199370111886,0.0300088180645649,462.86587381362915
1.0,0.4000000059604645,,0.0,1.2174628652366144,0.4325655246084965,10.736785854612078,0.4325655246084965,,0.8901098901098901,-2.7551350593566895,7.86198091506958,0.0,1.0391723,1.0812186,0.05635985648639054,0.05282234830796484,473.3191294670105
0.9714285714285714,0.47058823704719543,,0.0,1.2042637637350708,0.45172190676349666,10.536372125148773,0.45172190676349666,,0.8509615384615384,-0.06638503074645996,6.2522382736206055,0.0,1.0748961,1.1322023,0.056035629177834945,0.046549533677385346,438.04431414604187
