model_returned_smth,valid_cf_disc,dissimilarity_proximity_categorical_hamming,dissimilarity_proximity_categorical_jaccard,dissimilarity_proximity_continuous_manhatan,dissimilarity_proximity_continuous_euclidean,dissimilarity_proximity_continuous_mad,distance_l2_jaccard,distance_mad_hamming,sparsity,flow_log_density_cfs,flow_log_density_xs,flow_prob_condition_acc,lof_scores_xs,lof_scores_cfs,isolation_forest_scores_xs,isolation_forest_scores_cfs,time
1.0,1.0,,0.0,0.9580065898804201,0.3600295458617693,7.782252954112159,0.3600295458617693,,0.6794871794871795,1.788032054901123,6.908406734466553,0.0,1.0413375,1.0662408,0.0451973689596576,0.055190150956975596,195.69866347312927
1.0,1.0,,0.0,0.7770431370784839,0.3233634965743303,5.4374013303054705,0.3233634965743303,,0.6217948717948718,-2.39794659614563,5.836296081542969,0.02777777798473835,1.0253007,1.0717899,0.0395675768648588,0.04385517938654037,190.14931964874268
1.0,1.0,,0.0,0.7568782566555051,0.31570568914531305,5.096376487778293,0.31570568914531305,,0.5683760683760684,0.2497652918100357,7.302573204040527,0.0,1.0310442,1.0663698,0.03999602555761781,0.04854040749736233,193.58001065254211
1.0,1.0,,0.0,0.7942688093121563,0.29990169909022973,6.273528720012733,0.29990169909022973,,0.701098901098901,-0.7109509706497192,8.242945671081543,0.0,1.031797,1.0640815,0.051358866847754515,0.05874343531265519,190.9073212146759
1.0,1.0,,0.0,0.8258410498899008,0.2965324115576004,7.4526735782623295,0.2965324115576004,,0.7120879120879121,0.33482077717781067,6.773268699645996,0.0,1.043595,1.0666422,0.05383944688393024,0.06428507438023101,185.12801790237427
