,precision,recall,f1-score,support
0,0.7383720930232558,0.7419668938656281,0.740165128703254,1027.0
1,0.7186836518046709,0.7148891235480465,0.7167813658020117,947.0
accuracy,0.7289766970618035,0.7289766970618035,0.7289766970618035,0.7289766970618035
macro avg,0.7285278724139633,0.7284280087068373,0.7284732472526328,1974.0
weighted avg,0.728926827656488,0.7289766970618035,0.7289470823671464,1974.0
