model_returned_smth,valid_cf_disc,dissimilarity_proximity_categorical_hamming,dissimilarity_proximity_categorical_jaccard,dissimilarity_proximity_continuous_manhatan,dissimilarity_proximity_continuous_euclidean,dissimilarity_proximity_continuous_mad,distance_l2_jaccard,distance_mad_hamming,sparsity,flow_log_density_cfs,flow_log_density_xs,flow_prob_condition_acc,lof_scores_xs,lof_scores_cfs,isolation_forest_scores_xs,isolation_forest_scores_cfs,time
1.0,1.0,,0.0,2.549216076731682,0.627006174082336,9.371327526220666,0.627006174082336,,0.45134548611111114,2.652270555496216,36.3851318359375,0.13333334028720856,1.0434062,1.0880849,0.020464478122203998,0.008404149266941188,1955.2738361358645
1.0,1.0,,0.0,2.418942943825904,0.6140581614147755,7.78849534398193,0.6140581614147755,,0.4245659722222222,1.8557674884796143,32.4938850402832,0.10277777910232544,1.0568944,1.098549,0.010775197034257326,0.0016697815470574238,1969.171809911728
1.0,1.0,,0.0,2.6142679433906477,0.6534855493568599,10.32553590855232,0.6534855493568599,,0.4400678969359331,-7.791064739227295,32.42351150512695,0.06406684964895248,1.0522075,1.0976573,0.013428328030361517,0.0008478427347585288,1935.0486986637115
1.0,1.0,,0.0,2.6646757748310033,0.6566710630235452,9.101725444474223,0.6566710630235452,,0.4505135793871866,-2.5418283939361572,40.37196350097656,0.11142061650753021,1.0394866,1.083451,0.02295437620682947,0.010479928192589994,1956.543456792832
0.9972144846796658,1.0,,0.0,2.418232861547289,0.6123320366737983,7.872121776224465,0.6123320366737983,,0.43645251396648044,3.8869519233703613,37.38568115234375,0.11731843650341034,1.0483919,1.0889001,0.019671973525184162,0.008455284180890631,1912.2937347888949
