model_returned_smth,valid_cf_disc,dissimilarity_proximity_categorical_hamming,dissimilarity_proximity_categorical_jaccard,dissimilarity_proximity_continuous_manhatan,dissimilarity_proximity_continuous_euclidean,dissimilarity_proximity_continuous_mad,distance_l2_jaccard,distance_mad_hamming,sparsity,flow_log_density_cfs,flow_log_density_xs,flow_prob_condition_acc,lof_scores_xs,lof_scores_cfs,isolation_forest_scores_xs,isolation_forest_scores_cfs,time
1.0,1.0,,0.0,2.549216076731682,0.627006174082336,9.371327526220666,0.627006174082336,,0.45134548611111114,2.652270555496216,36.3851318359375,0.13333334028720856,1.0350015,1.0496976,0.025544804879918795,0.012621167336438116,1955.2738361358643
1.0,1.0,,0.0,2.418942943825904,0.6140581614147755,7.78849534398193,0.6140581614147755,,0.4245659722222222,1.8557674884796143,32.4938850402832,0.10277777910232544,1.0353258,1.0498115,0.02330960932611565,0.012376519676940248,1969.171809911728
1.0,1.0,,0.0,2.6142679433906477,0.6534855493568599,10.32553590855232,0.6534855493568599,,0.4400678969359331,-7.791064739227295,32.42351150512695,0.06406684964895248,1.0335234,1.0498945,0.010964902086580424,0.0034671864581533748,1935.0486986637115
1.0,1.0,,0.0,2.6646757748310033,0.6566710630235452,9.101725444474223,0.6566710630235452,,0.4505135793871866,-2.5418283939361572,40.37196350097656,0.11142061650753021,1.034999,1.0496829,0.016755767805871184,0.006430924807459352,1956.5434567928314
0.9972144846796658,1.0,,0.0,2.418232861547289,0.6123320366737983,7.872121776224465,0.6123320366737983,,0.43645251396648044,3.8869519233703613,37.38568115234375,0.11731843650341034,1.0362481,1.0499744,0.022296421345205757,0.010776638082997001,1912.2937347888947
