model_returned_smth,valid_cf_disc,dissimilarity_proximity_categorical_hamming,dissimilarity_proximity_categorical_jaccard,dissimilarity_proximity_continuous_manhatan,dissimilarity_proximity_continuous_euclidean,dissimilarity_proximity_continuous_mad,distance_l2_jaccard,distance_mad_hamming,sparsity,flow_log_density_cfs,flow_log_density_xs,flow_prob_condition_acc,lof_scores_xs,lof_scores_cfs,isolation_forest_scores_xs,isolation_forest_scores_cfs,time
0.9472222222222222,0.4222874045372009,,0.0,6.7448074666737945,1.4624228845772125,21.64718000526487,1.4624228845772125,,0.5314670138888888,-141.03924560546875,38.76125717163086,0.02083333395421505,1.0288588,1.2823033,0.019698335117858692,-0.03387224799304251,2535.711656332016
0.9611111111111111,0.41329479217529297,,0.0,6.391587035509048,1.4325685485071278,23.680532240052447,1.4325685485071278,,0.5138767482517482,-187.15248107910156,42.95014572143555,0.0139860138297081,1.0369858,1.2862575,0.016733509454686872,-0.029432595545161304,2575.7730236053467
0.9442896935933147,0.39528024196624756,,0.0,6.610107824261954,1.4476559464563654,25.99640888949529,1.4476559464563654,,0.5267024253731343,-133.83575439453125,37.81719207763672,0.014925372786819935,1.0366461,1.2707393,0.01643556914752297,-0.030947935957062297,2459.8037157058716
0.9610027855153204,0.4840579628944397,,0.0,6.570517164181004,1.4339579734557388,21.370130087875047,1.4339579734557388,,0.5182447604790419,-135.3549041748047,39.99336242675781,0.011976048350334167,1.028464,1.2622107,0.021291853780338623,-0.025511521057265778,2473.891044139862
0.9554317548746518,0.4577259421348572,,0.0,6.1194719619052425,1.3865412643675856,19.769195972259116,1.3865412643675856,,0.5107484076433121,-151.4200897216797,42.863094329833984,0.006369426846504211,1.0386205,1.2513931,0.023607228737351594,-0.019563401502011545,2571.2244157791138
