model_returned_smth,valid_cf_disc,dissimilarity_proximity_categorical_hamming,dissimilarity_proximity_categorical_jaccard,dissimilarity_proximity_continuous_manhatan,dissimilarity_proximity_continuous_euclidean,dissimilarity_proximity_continuous_mad,distance_l2_jaccard,distance_mad_hamming,sparsity,flow_log_density_cfs,flow_log_density_xs,flow_prob_condition_acc,lof_scores_xs,lof_scores_cfs,isolation_forest_scores_xs,isolation_forest_scores_cfs,time
0.9472222222222222,0.46041056513786316,,0.0,6.517136073822547,1.4141859944757889,22.796033608978295,1.4141859944757889,,0.5199044585987261,-130.2894287109375,37.63520812988281,0.025477707386016846,1.0434062,1.245138,0.020464478122203998,-0.02508713217788642,2535.711656332016
0.9611111111111111,0.46531790494918823,,0.0,6.1183849106317165,1.3823300947535078,21.571342579782065,1.3823300947535078,,0.501358695652174,-147.75225830078125,42.09418869018555,0.02484472095966339,1.0568944,1.2446619,0.010775197034257326,-0.024537084808088302,2575.7730236053467
0.9442896935933147,0.501474916934967,,0.0,6.5157446994501,1.4443883750915256,21.823623427759376,1.4443883750915256,,0.5318933823529411,-149.9175567626953,35.963382720947266,0.0117647061124444,1.0522075,1.2428768,0.013428328030361517,-0.03066591615149916,2459.803715705872
0.9610027855153204,0.426086962223053,,0.0,6.397353427180526,1.4043222029110423,23.005449932146345,1.4043222029110423,,0.5241284013605442,-116.1698989868164,41.918235778808594,0.013605441898107529,1.0394866,1.2431061,0.02295437620682947,-0.024660465408706943,2473.891044139862
0.9554317548746518,0.46064141392707825,,0.0,6.411503591963762,1.4418529877269661,20.496448873159434,1.4418529877269661,,0.5262064873417721,-148.94358825683594,42.10005569458008,0.006329114083200693,1.0483919,1.2395347,0.019671973525184162,-0.02480268498909222,2571.2244157791138
