,precision,recall,f1-score,support
0,1.0,0.9902912621359223,0.9951219512195122,103.0
1,0.9902912621359223,1.0,0.9951219512195122,102.0
accuracy,0.9951219512195122,0.9951219512195122,0.9951219512195122,0.9951219512195122
macro avg,0.9951456310679612,0.9951456310679612,0.9951219512195122,205.0
weighted avg,0.99516931091641,0.9951219512195122,0.9951219512195122,205.0
