,precision,recall,f1-score,support
0,0.7600806451612904,0.7341772151898734,0.7469044081228331,1027.0
1,0.7219959266802444,0.7486800422386484,0.7350959046137895,947.0
accuracy,0.7411347517730497,0.7411347517730497,0.7411347517730497,0.7411347517730497
macro avg,0.7410382859207674,0.7414286287142609,0.7410001563683113,1974.0
weighted avg,0.7418100127390257,0.7411347517730497,0.7412394370878461,1974.0
