,precision,recall,f1-score,support
0,1.0,0.0009737098344693282,0.0019455252918287938,1027.0
1,0.4799797263051191,1.0,0.6486301369863013,947.0
accuracy,0.48024316109422494,0.48024316109422494,0.48024316109422494,0.48024316109422494
macro avg,0.7399898631525595,0.5004868549172347,0.32528783113906506,1974.0
weighted avg,0.7505272547167922,0.48024316109422494,0.31218378632256105,1974.0
