,precision,recall,f1-score,support
0,0.7521697203471552,0.7587548638132295,0.7554479418886199,1028.0
1,0.7356076759061834,0.7286166842661035,0.7320954907161804,947.0
accuracy,0.7443037974683544,0.7443037974683544,0.7443037974683544,0.7443037974683544
macro avg,0.7438886981266692,0.7436857740396665,0.7437717163024001,1975.0
weighted avg,0.7442283248607753,0.7443037974683544,0.7442505893517591,1975.0
