coverage,validity,actionability,sparsity,proximity_euclidean_hamming,proximity_euclidean_jaccard,proximity_l1_jaccard,proximity_mad_jaccard,proximity_l2_jaccard,proximity_mad_hamming,prob_plausibility,log_density_cf,log_density_test,lof_scores_cf,lof_scores_test,isolation_forest_scores_cf,isolation_forest_scores_test,number_of_instances,cf_search_time
1.0,0.9801980198019802,0.019801980198019802,0.6089108910891089,0.5213866797231573,0.5213866797231573,0.5813692597427753,3.2541180912292367,0.5213866797231573,3.2541180912292367,0.06930693069306931,-31.204348,1.5736873,2.239339,1.0443646,-0.08069967925707071,0.008253307293619762,101.0,74.04990792274475
