,precision,recall,f1-score,support
0,0.98989898989899,0.98989898989899,0.98989898989899,99.0
1,0.9900990099009901,0.9900990099009901,0.9900990099009901,101.0
accuracy,0.99,0.99,0.99,0.99
macro avg,0.9899989998999901,0.9899989998999901,0.9899989998999901,200.0
weighted avg,0.99,0.99,0.99,200.0
