,precision,recall,f1-score,support
0,0.7371323529411765,0.7809152872444012,0.7583924349881797,1027.0
1,0.7460496613995485,0.6979936642027456,0.7212220403709766,947.0
accuracy,0.7411347517730497,0.7411347517730497,0.7411347517730497,0.7411347517730497
macro avg,0.7415910071703625,0.7394544757235734,0.7398072376795781,1974.0
weighted avg,0.7414103119635059,0.7411347517730497,0.7405604371652357,1974.0
