coverage,validity,actionability,sparsity,proximity_euclidean_hamming,proximity_euclidean_jaccard,proximity_l1_jaccard,proximity_mad_jaccard,proximity_l2_jaccard,proximity_mad_hamming,prob_plausibility,log_density_cf,log_density_test,lof_scores_cf,lof_scores_test,isolation_forest_scores_cf,isolation_forest_scores_test,number_of_instances,cf_search_time
1.0,0.912621359223301,0.0,0.7184466019417476,0.5726221848906836,0.5726221848906836,0.6563334919084242,3.342098340484427,0.5726221848906836,3.342098340484427,0.17475728155339806,-13.1977215,1.5236342,1.79562436110733,1.0478953917455596,-0.051277803665753935,0.010196534487614274,103.0,1.7753450870513916
