,precision,recall,f1-score,support
0,0.7308066083576288,0.7322297955209348,0.7315175097276264,1027.0
1,0.708994708994709,0.7074973600844773,0.7082452431289641,947.0
accuracy,0.7203647416413373,0.7203647416413373,0.7203647416413373,0.7203647416413373
macro avg,0.7199006586761689,0.719863577802706,0.7198813764282952,1974.0
weighted avg,0.7203426424525198,0.7203647416413373,0.7203529522458973,1974.0
