,precision,recall,f1-score,support
0,0.738581146744412,0.7407407407407407,0.7396593673965937,1026.0
1,0.7179215270413574,0.7156448202959831,0.7167813658020117,946.0
accuracy,0.7287018255578094,0.7287018255578094,0.7287018255578094,0.7287018255578094
macro avg,0.7282513368928847,0.7281927805183619,0.7282203665993027,1972.0
weighted avg,0.7286703961160703,0.7287018255578094,0.728684423426779,1972.0
