,precision,recall,f1-score,support
0,0.753,0.7339181286549707,0.7433366238894373,1026.0
1,0.7191358024691358,0.7389006342494715,0.7288842544316997,946.0
accuracy,0.7363083164300203,0.7363083164300203,0.7363083164300203,0.7363083164300203
macro avg,0.7360679012345679,0.7364093814522211,0.7361104391605685,1972.0
weighted avg,0.7367548017930032,0.7363083164300203,0.7364035906708674,1972.0
