model_returned_smth,valid_cf_disc,dissimilarity_proximity_categorical_hamming,dissimilarity_proximity_categorical_jaccard,dissimilarity_proximity_continuous_manhatan,dissimilarity_proximity_continuous_euclidean,dissimilarity_proximity_continuous_mad,distance_l2_jaccard,distance_mad_hamming,sparsity,flow_log_density_cfs,flow_log_density_xs,flow_prob_condition_acc,lof_scores_xs,lof_scores_cfs,isolation_forest_scores_xs,isolation_forest_scores_cfs,time
0.9609756097560975,0.4974619150161743,,0.0,0.5440329143834509,0.534864209625933,2.731847448008401,0.534864209625933,,0.5204081632653061,-21.633440017700195,1.4915425777435303,0.0,1.045943,2.535067,-0.0005268676476471984,-0.09180969056009981,729.3741059303284
1.0,0.26829269528388977,,0.0,0.4649480749937621,0.4574893917118115,2.259995701638135,0.4574893917118115,,0.5545454545454546,-9.148038864135742,1.4457309246063232,0.0,1.084471,2.3357146,-0.0010762087434659318,-0.06731260836422306,801.6836869716644
1.0,0.5804877877235413,,0.0,0.45530797516097543,0.44760513140183783,1.9532490610575475,0.44760513140183783,,0.5294117647058824,-14.481627464294434,1.4445915222167969,0.07563025504350662,1.0458289,2.2150016,0.0044313801402887905,-0.07080736446228351,791.4220767021179
1.0,0.6000000238418579,,0.0,0.449097315682386,0.44211722883425464,2.2172341906442874,0.44211722883425464,,0.491869918699187,-9.808323860168457,1.3783916234970093,0.06504064798355103,1.0599597,2.1591825,0.0027541499283298514,-0.07092626281432408,818.8362138271332
1.0,0.30882352590560913,,0.0,0.5232026941837773,0.5222842031082733,2.2379016601850115,0.5222842031082733,,0.49206349206349204,-4.5167341232299805,1.4938912391662598,0.0,1.0473603,2.18059,0.0050090523921422605,-0.0722324348859741,780.3960075378418
