model_returned_smth,valid_cf_disc,dissimilarity_proximity_categorical_hamming,dissimilarity_proximity_categorical_jaccard,dissimilarity_proximity_continuous_manhatan,dissimilarity_proximity_continuous_euclidean,dissimilarity_proximity_continuous_mad,distance_l2_jaccard,distance_mad_hamming,sparsity,flow_log_density_cfs,flow_log_density_xs,flow_prob_condition_acc,lof_scores_xs,lof_scores_cfs,isolation_forest_scores_xs,isolation_forest_scores_cfs,time
0.9951219512195122,1.0,,0.0,0.6070832205621306,0.540357557107079,2.691947815026723,0.540357557107079,,0.6200980392156863,-19.252546310424805,1.4230624437332153,0.1617647111415863,1.0581211,1.0784968,-0.0012317567902045512,-0.0752966731014191,210.0704619884491
1.0,1.0,,0.0,0.5538139128194349,0.5001018660005443,2.7773297228464267,0.5001018660005443,,0.6097560975609756,-4.831391334533691,1.3076913356781006,0.18536585569381714,1.0403777,1.0833689,-0.0008322909361013837,-0.06343293018741279,211.7514100074768
1.0,1.0,,0.0,0.5443968860006596,0.497395115670014,2.719006484020047,0.497395115670014,,0.5853658536585366,-5.754018783569336,1.4187835454940796,0.1170731708407402,1.0497111,1.0802796,0.0019740373635764867,-0.06852724462729053,213.45604515075684
1.0,1.0,,0.0,0.545625419369558,0.49299608221382346,2.929146744565266,0.49299608221382346,,0.5926829268292683,-15.031709671020508,1.3041713237762451,0.13658536970615387,1.0555383,1.0931602,0.003778069980747236,-0.07788641275516404,210.03824520111084
1.0,1.0,,0.0,0.5155437432010385,0.47726679978940356,2.5632827496703934,0.47726679978940356,,0.5808823529411765,-5.56123161315918,1.4616645574569702,0.11764705926179886,1.0414692,1.0715581,0.0040949612066625216,-0.06612794380760792,212.4912130832672
