model_returned_smth,valid_cf_disc,dissimilarity_proximity_categorical_hamming,dissimilarity_proximity_categorical_jaccard,dissimilarity_proximity_continuous_manhatan,dissimilarity_proximity_continuous_euclidean,dissimilarity_proximity_continuous_mad,distance_l2_jaccard,distance_mad_hamming,sparsity,flow_log_density_cfs,flow_log_density_xs,flow_prob_condition_acc,lof_scores_xs,lof_scores_cfs,isolation_forest_scores_xs,isolation_forest_scores_cfs,time
0.9951219512195122,1.0,,0.0,0.6070832205621306,0.540357557107079,2.691947815026723,0.540357557107079,,0.6200980392156863,-19.252544403076172,1.4230624437332153,0.1617647111415863,1.045943,2.0608377,-0.0005268676476471984,-0.07737212225656963,210.0704619884491
1.0,1.0,,0.0,0.5538139128194349,0.5001018660005443,2.7773297228464267,0.5001018660005443,,0.6097560975609756,-4.831391334533691,1.3076914548873901,0.18536585569381714,1.084471,1.9242812,-0.0010762087434659318,-0.05849657952469857,211.7514100074768
1.0,1.0,,0.0,0.5443968860006596,0.497395115670014,2.719006484020047,0.497395115670014,,0.5853658536585366,-5.754018783569336,1.4187835454940796,0.1170731708407402,1.0458289,2.0311558,0.0044313801402887905,-0.0720514382270909,213.45604515075684
1.0,1.0,,0.0,0.545625419369558,0.49299608221382346,2.929146744565266,0.49299608221382346,,0.5926829268292683,-15.031713485717773,1.3041713237762451,0.13658536970615387,1.0599597,2.2142391,0.0027541499283298514,-0.07618398264430647,210.03824520111084
1.0,1.0,,0.0,0.5155437432010385,0.47726679978940356,2.5632827496703934,0.47726679978940356,,0.5808823529411765,-5.56123161315918,1.4616645574569702,0.11764705926179886,1.0473603,1.9310515,0.0050090523921422605,-0.06930200743116026,212.4912130832672
