model_returned_smth,valid_cf_disc,dissimilarity_proximity_categorical_hamming,dissimilarity_proximity_categorical_jaccard,dissimilarity_proximity_continuous_manhatan,dissimilarity_proximity_continuous_euclidean,dissimilarity_proximity_continuous_mad,distance_l2_jaccard,distance_mad_hamming,sparsity,flow_log_density_cfs,flow_log_density_xs,flow_prob_condition_acc,lof_scores_xs,lof_scores_cfs,isolation_forest_scores_xs,isolation_forest_scores_cfs,time
0.9951219512195122,0.7941176295280457,,0.0,0.7028566672909361,0.6078830012761965,2.863110593623585,0.6078830012761965,,0.6728395061728395,-6.915806293487549,1.485135793685913,0.17901234328746796,1.0448983,1.066626,0.0076680079428612545,-0.05432387012317934,0
1.0,0.9902439117431641,,0.0,0.5711527057817857,0.5229878269379502,2.8239268010179397,0.5229878269379502,,0.583743842364532,-5.035027980804443,1.3018970489501953,0.15763546526432037,1.0438279,1.078235,-7.535675670274167e-05,-0.076744011960855,0
1.0,0.6390243768692017,,0.0,0.7275771701971482,0.6449910325619208,5.05163475552588,0.6449910325619208,,0.6374045801526718,-10.392250061035156,1.3040199279785156,0.07633587718009949,1.0460806,1.0790064,-0.00759199521759818,-0.10091878398317164,0
0.9951219512195122,0.9950980544090271,,0.0,0.6237964542133028,0.5618595751736988,3.577005066601514,0.5618595751736988,,0.6133004926108374,-13.733705520629883,1.3079454898834229,0.019704433158040047,1.0503448,1.0740743,0.007081001251485614,-0.1038127405366089,0
1.0,1.0,,0.0,0.54002377695824,0.49544470770660226,2.7559182902469352,0.49544470770660226,,0.571078431372549,-6.442531585693359,1.4616645574569702,0.0784313753247261,1.0461066,1.0737497,0.00634017604391384,-0.08806421302585878,0
