model_returned_smth,valid_cf_disc,dissimilarity_proximity_categorical_hamming,dissimilarity_proximity_categorical_jaccard,dissimilarity_proximity_continuous_manhatan,dissimilarity_proximity_continuous_euclidean,dissimilarity_proximity_continuous_mad,distance_l2_jaccard,distance_mad_hamming,sparsity,flow_log_density_cfs,flow_log_density_xs,flow_prob_condition_acc,lof_scores_xs,lof_scores_cfs,isolation_forest_scores_xs,isolation_forest_scores_cfs,time
0.9951219512195122,0.7941176295280457,,0.0,0.7028566672909361,0.6078830012761965,2.863110593623585,0.6078830012761965,,0.6728395061728395,-6.915807723999023,1.4851359128952026,0.17901234328746796,1.045943,1.9890519,-0.0005268676476471984,-0.06977303497552938,667.4273264205186
1.0,0.9902439117431641,,0.0,0.5711527057817857,0.5229878269379502,2.8239268010179397,0.5229878269379502,,0.583743842364532,-5.035027980804443,1.3018970489501953,0.15763546526432037,1.084471,2.1856606,-0.0010762087434659318,-0.06993717952258253,663.9738503929304
1.0,0.6390243768692017,,0.0,0.7275771701971482,0.6449910325619208,5.05163475552588,0.6449910325619208,,0.6374045801526718,-10.392251968383789,1.3040200471878052,0.07633587718009949,1.0458289,2.7725747,0.0044313801402887905,-0.10919803046664353,665.3020374853188
0.9951219512195122,0.9950980544090271,,0.0,0.6237964542133028,0.5618595751736988,3.577005066601514,0.5618595751736988,,0.6133004926108374,-13.733701705932617,1.3079454898834229,0.019704433158040047,1.0599597,2.5734744,0.0027541499283298514,-0.09895510960682953,666.6250027384566
1.0,1.0,,0.0,0.54002377695824,0.49544470770660226,2.7559182902469352,0.49544470770660226,,0.571078431372549,-6.442531108856201,1.4616645574569702,0.0784313753247261,1.0473603,2.3448765,0.0050090523921422605,-0.08846660553463938,665.6384332770528
