model_returned_smth,valid_cf_disc,dissimilarity_proximity_categorical_hamming,dissimilarity_proximity_categorical_jaccard,dissimilarity_proximity_continuous_manhatan,dissimilarity_proximity_continuous_euclidean,dissimilarity_proximity_continuous_mad,distance_l2_jaccard,distance_mad_hamming,sparsity,flow_log_density_cfs,flow_log_density_xs,flow_prob_condition_acc,lof_scores_xs,lof_scores_cfs,isolation_forest_scores_xs,isolation_forest_scores_cfs,time
0.9951219512195122,0.8774510025978088,,0.0,0.6309150286799516,0.555494764491776,2.774528346371417,0.555494764491776,,0.6372549019607843,-24.95519256591797,1.4230624437332153,0.02450980432331562,1.0522772,1.0726495,-0.00399102579519911,-0.07536729083235646,346.8208718299866
1.0,0.8536585569381714,,0.0,0.5665130362914103,0.5188180587045879,2.862375252712064,0.5188180587045879,,0.5829268292682926,-14.979086875915527,1.3076914548873901,0.03414634242653847,1.0440606,1.078652,0.00444786055688673,-0.06856382177086383,346.4603273868561
1.0,0.8439024686813354,,0.0,0.6218287165912731,0.569054160346323,3.2488148256046014,0.569054160346323,,0.5878048780487805,-38.600257873535156,1.4187835454940796,0.02926829271018505,1.0506489,1.0807152,0.003670815937055534,-0.10761163798041182,348.40850853919983
0.9951219512195122,0.813725471496582,,0.0,0.6212462609104228,0.5596129940229738,3.581208563902799,0.5596129940229738,,0.6127450980392157,-27.72796058654785,1.3100931644439697,0.014705882407724857,1.050825,1.0740256,0.002170704118658655,-0.10398833419834691,343.9180510044098
1.0,0.8627451062202454,,0.0,0.54002377695824,0.49544470770660226,2.7559182902469352,0.49544470770660226,,0.571078431372549,-12.243432998657227,1.4616645574569702,0.009803921915590763,1.0461066,1.0737497,0.00955474223920749,-0.08661961349082528,343.288765668869
