model_returned_smth,valid_cf_disc,dissimilarity_proximity_categorical_hamming,dissimilarity_proximity_categorical_jaccard,dissimilarity_proximity_continuous_manhatan,dissimilarity_proximity_continuous_euclidean,dissimilarity_proximity_continuous_mad,distance_l2_jaccard,distance_mad_hamming,sparsity,flow_log_density_cfs,flow_log_density_xs,flow_prob_condition_acc,lof_scores_xs,lof_scores_cfs,isolation_forest_scores_xs,isolation_forest_scores_cfs,time
0.9853658536585366,1.0,,0.0,0.6507475200192173,0.6003742172578744,3.258210173116462,0.6003742172578744,,0.6237623762376238,-9.064082145690918,1.4396239519119263,0.05445544421672821,1.045943,2.1300588,-0.0005268676476471984,-0.08998066405130985,1019.950258731842
1.0,1.0,,0.0,0.5893951227388731,0.5631699416974393,3.524691099873403,0.5631699416974393,,0.5682926829268292,-1.8310469388961792,1.3076914548873901,0.04878048598766327,1.084471,2.0307555,-0.0010762087434659318,-0.07431955872033875,994.6211814880371
1.0,1.0,,0.0,0.6235049237906024,0.5889220682922617,3.376271085550145,0.5889220682922617,,0.5878048780487805,-4.005685329437256,1.4187835454940796,0.0731707289814949,1.0458289,1.9292268,0.0044313801402887905,-0.07460256705772542,1002.6329333782196
0.9951219512195122,1.0,,0.0,0.6196626846532465,0.5634800864423332,3.5384835029641786,0.5634800864423332,,0.6299019607843137,-4.048412322998047,1.3100931644439697,0.09313725680112839,1.0599597,2.009385,0.0027541499283298514,-0.06079905698454729,1033.8964211940765
0.9950980392156863,1.0,,0.0,0.5781211901474469,0.5487438887461871,3.0570748166497705,0.5487438887461871,,0.5665024630541872,-2.848512649536133,1.4658005237579346,0.06403940916061401,1.0473603,1.8980628,0.0050090523921422605,-0.06340308284587948,1007.3185932636261
