model_returned_smth,valid_cf_disc,dissimilarity_proximity_categorical_hamming,dissimilarity_proximity_categorical_jaccard,dissimilarity_proximity_continuous_manhatan,dissimilarity_proximity_continuous_euclidean,dissimilarity_proximity_continuous_mad,distance_l2_jaccard,distance_mad_hamming,sparsity,flow_log_density_cfs,flow_log_density_xs,flow_prob_condition_acc,lof_scores_xs,lof_scores_cfs,isolation_forest_scores_xs,isolation_forest_scores_cfs,time
0.9373804971319312,0.619071900844574,,0.0,1.267686728134911,0.4328135519697605,29.175414011997127,0.4328135519697605,,0.6263519805171549,-4.760056018829346,28.365230560302734,0.04118616133928299,1.095812,361244580.0,0.06455890349500955,0.010634068340548518,26933.61844110489
0.9474187380497132,0.6205852627754211,,0.0,1.1612881582306047,0.3949647506742528,27.020738744818793,0.3949647506742528,,0.6156238953693884,3.3271384239196777,28.546234130859375,0.050406504422426224,1.1017625,122282200.0,0.06330842384805284,0.012296536199256511,30847.61295390129
