model_returned_smth,valid_cf_disc,dissimilarity_proximity_categorical_hamming,dissimilarity_proximity_categorical_jaccard,dissimilarity_proximity_continuous_manhatan,dissimilarity_proximity_continuous_euclidean,dissimilarity_proximity_continuous_mad,distance_l2_jaccard,distance_mad_hamming,sparsity,flow_log_density_cfs,flow_log_density_xs,flow_prob_condition_acc,lof_scores_xs,lof_scores_cfs,isolation_forest_scores_xs,isolation_forest_scores_cfs,time
1.0,1.0,,0.0,0.22883930281815199,0.10193475327001748,13.42190952102113,0.10193475327001748,,0.37600798071327624,23.98031234741211,28.393930435180664,0.26816442608833313,1.0955427,40216436.0,0.05840305597250849,0.03907886084370471,9511.078683137894
1.0,1.0,,0.0,0.25077719005322474,0.1055189532631941,12.447697125935125,0.1055189532631941,,0.39097181810624326,24.51601219177246,28.9659481048584,0.28776291012763977,1.0991632,26928586.0,0.05874283176059673,0.045039914130613264,9688.854440689089
1.0,1.0,,0.0,0.23727958792100268,0.09932956881693868,12.60262508471841,0.09932956881693868,,0.3870438107905894,25.177135467529297,29.20304298400879,0.288240909576416,1.0838189,31966104.0,0.06453510617828218,0.050212742233347055,9684.484517097471
1.0,0.9995219707489014,,0.0,0.26472652167445276,0.10134796726610167,11.79738933910651,0.10134796726610167,,0.41658869274114735,24.83941650390625,28.152992248535156,0.255858451128006,1.1004517,31294594.0,0.05603865157241954,0.042037504031582434,9671.346862316132
1.0,1.0,,0.0,0.30417485090105345,0.11547558740937172,6.512827160300349,0.11547558740937172,,0.43688270642297217,25.260889053344727,28.643457412719727,0.33381158113479614,1.0954825,44832076.0,0.05428933372554246,0.04607833389602119,9717.230566740036
