model_returned_smth,valid_cf_disc,dissimilarity_proximity_categorical_hamming,dissimilarity_proximity_categorical_jaccard,dissimilarity_proximity_continuous_manhatan,dissimilarity_proximity_continuous_euclidean,dissimilarity_proximity_continuous_mad,distance_l2_jaccard,distance_mad_hamming,sparsity,flow_log_density_cfs,flow_log_density_xs,flow_prob_condition_acc,lof_scores_xs,lof_scores_cfs,isolation_forest_scores_xs,isolation_forest_scores_cfs,time
1.0,1.0,,0.0,0.22884686928563866,0.10193144795231146,13.423020010704276,0.10193144795231146,,0.3759040651758251,23.97954559326172,28.393930435180664,0.26816442608833313,1.0745143,1.0934831,0.05934291821766759,0.03830777840975789,9495.756712198257
1.0,1.0,,0.0,0.25077719005322474,0.1055189532631941,12.447697125935125,0.1055189532631941,,0.39097181810624326,24.51601219177246,28.9659481048584,0.28776291012763977,1.0752522,1.0938555,0.06254309631362821,0.05115501180623661,9624.4662463665
1.0,1.0,,0.0,0.2372817997489014,0.09932830016525954,12.602273503094876,0.09932830016525954,,0.38712694322055036,25.177085876464844,29.20304298400879,0.288240909576416,1.078243,1.0918901,0.06508095014025636,0.053157664183276554,9672.253653287888
1.0,0.9995219707489014,,0.0,0.26472652167445276,0.10134796726610167,11.79738933910651,0.10134796726610167,,0.41658869274114735,24.83941650390625,28.152992248535156,0.255858451128006,1.0714744,1.0918138,0.06613968445845622,0.05107854481076253,9726.891134738922
