model_returned_smth,valid_cf_disc,dissimilarity_proximity_categorical_hamming,dissimilarity_proximity_categorical_jaccard,dissimilarity_proximity_continuous_manhatan,dissimilarity_proximity_continuous_euclidean,dissimilarity_proximity_continuous_mad,distance_l2_jaccard,distance_mad_hamming,sparsity,flow_log_density_cfs,flow_log_density_xs,flow_prob_condition_acc,lof_scores_xs,lof_scores_cfs,isolation_forest_scores_xs,isolation_forest_scores_cfs,time
0.9373804971319312,0.619071900844574,,0.0,1.267686728134911,0.4328135519697605,29.175414011997127,0.4328135519697605,,0.6263519805171549,-4.760056018829346,28.365230560302734,0.04118616133928299,1.095812,361244580.0,0.06455890349500955,0.010634068340548518,26933.61844110489
0.9474187380497132,0.6205852627754211,,0.0,1.1612881582306047,0.3949647506742528,27.020738744818793,0.3949647506742528,,0.6156238953693884,3.3271384239196777,28.546234130859375,0.050406504422426224,1.1017625,122282200.0,0.06330842384805284,0.012296536199256511,30847.61295390129
0.9354684512428298,0.6377108097076416,,0.0,1.1390341795282812,0.4001914307403049,26.535366092518007,0.4001914307403049,,0.5964673913043478,-0.4902835786342621,29.221607208251953,0.057692307978868484,1.083268,455179330.0,0.06143182315980848,0.0125990415423359,29802.36324453354
0.9435946462715105,0.6433637142181396,,0.0,1.2726109571919013,0.435573381929805,27.150522123800357,0.435573381929805,,0.6177678877096885,-5.392305850982666,28.434860229492188,0.04173228517174721,1.0961835,476077860.0,0.05689550159278404,0.01177811715155942,33271.228835105896
0.9411764705882353,0.639735758304596,,0.0,1.419093742158125,0.48069813980765547,27.59279680209039,0.48069813980765547,,0.6241323341506372,-9.080586433410645,28.94475746154785,0.0611596517264843,1.0946137,661622340.0,0.059083987148307225,0.013884675179980656,35691.851215839386
