,precision,recall,f1-score,support
0,0.7897196261682243,0.7612612612612613,0.7752293577981652,222.0
1,0.7695652173913043,0.7972972972972973,0.7831858407079646,222.0
accuracy,0.7792792792792793,0.7792792792792793,0.7792792792792793,0.7792792792792793
macro avg,0.7796424217797644,0.7792792792792793,0.7792075992530649,444.0
weighted avg,0.7796424217797643,0.7792792792792793,0.7792075992530648,444.0
