,precision,recall,f1-score,support
0,0.8088235294117647,0.7432432432432432,0.7746478873239436,222.0
1,0.7625,0.8243243243243243,0.7922077922077922,222.0
accuracy,0.7837837837837838,0.7837837837837838,0.7837837837837838,0.7837837837837838
macro avg,0.7856617647058823,0.7837837837837838,0.7834278397658679,444.0
weighted avg,0.7856617647058823,0.7837837837837838,0.7834278397658679,444.0
