,precision,recall,f1-score,support
0,0.8557692307692307,0.898989898989899,0.8768472906403941,99.0
1,0.8958333333333334,0.8514851485148515,0.8730964467005076,101.0
accuracy,0.875,0.875,0.875,0.875
macro avg,0.875801282051282,0.8752375237523753,0.8749718686704508,200.0
weighted avg,0.8760016025641025,0.875,0.8749531144507514,200.0
