,precision,recall,f1-score,support
0,0.9333333333333333,0.9607843137254902,0.9468599033816425,102.0
1,0.96,0.9320388349514563,0.9458128078817734,103.0
accuracy,0.9463414634146341,0.9463414634146341,0.9463414634146341,0.9463414634146341
macro avg,0.9466666666666667,0.9464115743384733,0.9463363556317079,205.0
weighted avg,0.9467317073170731,0.9463414634146341,0.9463338017402448,205.0
