,precision,recall,f1-score,support
0,0.8773584905660378,0.9117647058823529,0.8942307692307693,102.0
1,0.9090909090909091,0.8737864077669902,0.8910891089108911,103.0
accuracy,0.8926829268292683,0.8926829268292683,0.8926829268292683,0.8926829268292683
macro avg,0.8932246998284734,0.8927755568246716,0.8926599390708302,205.0
weighted avg,0.8933020959712169,0.8926829268292683,0.8926522764846841,205.0
