,precision,recall,f1-score,support
0,0.7502338634237605,0.7801556420233463,0.7649022412970911,1028.0
1,0.7505518763796909,0.7180570221752904,0.7339449541284404,947.0
accuracy,0.7503797468354431,0.7503797468354431,0.7503797468354431,0.7503797468354431
macro avg,0.7503928699017257,0.7491063320993183,0.7494235977127657,1975.0
weighted avg,0.7503863486233889,0.7503797468354431,0.7500584180319202,1975.0
