,precision,recall,f1-score,support
0,1.0,0.9166666666666666,0.9565217391304348,12.0
1,0.9333333333333333,1.0,0.9655172413793104,14.0
2,1.0,1.0,1.0,10.0
accuracy,0.9722222222222222,0.9722222222222222,0.9722222222222222,0.9722222222222222
macro avg,0.9777777777777779,0.9722222222222222,0.9740129935032483,36.0
weighted avg,0.974074074074074,0.9722222222222222,0.972097284690988,36.0
