,precision,recall,f1-score,support
0,0.7444976076555024,0.7582846003898636,0.7513278609367455,1026.0
1,0.732470334412082,0.7177589852008457,0.7250400427122263,946.0
accuracy,0.7388438133874239,0.7388438133874239,0.7388438133874239,0.7388438133874239
macro avg,0.7384839710337923,0.7380217927953546,0.7381839518244859,1972.0
weighted avg,0.7387279319515087,0.7388438133874239,0.7387171732894863,1972.0
