,precision,recall,f1-score,support
0,0.7226528854435831,0.8169425511197663,0.7669104204753199,1027.0
1,0.7687576875768758,0.6599788806758183,0.7102272727272727,947.0
accuracy,0.7416413373860182,0.7416413373860182,0.7416413373860182,0.7416413373860182
macro avg,0.7457052865102294,0.7384607158977923,0.7385688466012963,1974.0
weighted avg,0.7447710453322498,0.7416413373860182,0.7397174412871736,1974.0
