,precision,recall,f1-score,support
0,0.7483443708609272,0.7709551656920078,0.7594815170427268,1026.0
1,0.7431693989071039,0.718816067653277,0.7307898979043524,946.0
accuracy,0.7459432048681541,0.7459432048681541,0.7459432048681541,0.7459432048681541
macro avg,0.7457568848840155,0.7448856166726424,0.7451357074735396,1972.0
weighted avg,0.745861853889164,0.7459432048681541,0.7457176875777662,1972.0
