,precision,recall,f1-score,support
0,0.7521286660359509,0.7748538011695907,0.7633221315410466,1026.0
1,0.7475409836065574,0.7230443974630021,0.7350886620096723,946.0
accuracy,0.75,0.75,0.75,0.75
macro avg,0.7498348248212541,0.7489490993162964,0.7492053967753594,1972.0
weighted avg,0.7499278812599842,0.75,0.7497780837841095,1972.0
