,precision,recall,f1-score,support
0,0.7408088235294118,0.7848101265822784,0.7621749408983451,1027.0
1,0.7505643340857788,0.7022175290390708,0.7255864702673214,947.0
accuracy,0.7451874366767984,0.7451874366767984,0.7451874366767984,0.7451874366767984
macro avg,0.7456865788075953,0.7435138278106745,0.7438807055828333,1974.0
weighted avg,0.7454888987557946,0.7451874366767984,0.7446221132957213,1974.0
