,precision,recall,f1-score,support
0,0.7453183520599251,0.7750730282375852,0.7599045346062052,1027.0
1,0.7450331125827815,0.7127771911298838,0.7285483000539665,947.0
accuracy,0.7451874366767984,0.7451874366767984,0.7451874366767984,0.7451874366767984
macro avg,0.7451757323213533,0.7439251096837345,0.7442264173300859,1974.0
weighted avg,0.7451815122499682,0.7451874366767984,0.7448618020221272,1974.0
