,precision,recall,f1-score,support
0,0.7497630331753554,0.7702044790652386,0.7598463016330451,1027.0
1,0.7431991294885746,0.7212249208025343,0.7320471596998929,947.0
accuracy,0.7467071935157041,0.7467071935157041,0.7467071935157041,0.7467071935157041
macro avg,0.746481081331965,0.7457146999338864,0.745946730666469,1974.0
weighted avg,0.7466140884988705,0.7467071935157041,0.7465100364807172,1974.0
