coverage,validity,actionability,sparsity,proximity_euclidean_hamming,proximity_euclidean_jaccard,proximity_l1_jaccard,proximity_mad_jaccard,proximity_l2_jaccard,proximity_mad_hamming,prob_plausibility,log_density_cf,log_density_test,lof_scores_cf,lof_scores_test,isolation_forest_scores_cf,isolation_forest_scores_test,number_of_instances,cf_search_time
1.0,0.9696969696969697,0.0,0.7222222222222222,0.6062732455905203,0.6062732455905203,0.6991572515996678,3.6152798281599288,0.6062732455905203,3.6152798281599288,0.24242424242424243,-8.676854,1.4725794,1.8187680073019068,1.051295692729313,-0.0625012666019303,0.0065201679332515475,99.0,1.7215721607208252
