,train_ll,test_ll
0,2.5467870235443115,2.6654162406921387
