model_returned_smth,valid_cf_disc,dissimilarity_proximity_categorical_hamming,dissimilarity_proximity_categorical_jaccard,dissimilarity_proximity_continuous_manhatan,dissimilarity_proximity_continuous_euclidean,dissimilarity_proximity_continuous_mad,distance_l2_jaccard,distance_mad_hamming,sparsity,flow_log_density_cfs,flow_log_density_xs,flow_prob_condition_acc,lof_scores_xs,lof_scores_cfs,isolation_forest_scores_xs,isolation_forest_scores_cfs,plausibility,cf_belongs_to_group,K_vectors,time
1.0,1.0,,0.0,0.9004223791044206,0.6472926632280904,21.45875831604004,0.6472926632280904,,1.0,2.651381731033325,2.536311388015747,0.9200000166893005,1.1103203,1.0456197,0.00882005527489911,0.0317736956899761,0.01443124346528981,1.0,1,8.641533136367798
1.0,1.0,,0.0,0.8338472977653146,0.6119050841774665,17.988789100646972,0.6119050841774665,,1.0,2.748655319213867,2.659529209136963,0.8999999761581421,1.0919671,1.0731962,0.014477844390990946,0.023560928377756626,0.013841263493022742,1.0,1,10.686511993408203
1.0,1.0,,0.0,0.8597665433958173,0.6271986316816089,18.058834886550905,0.6271986316816089,,1.0,2.6808652877807617,2.4504318237304688,0.8700000047683716,1.1265427,1.0687534,0.0005023387664166872,0.01268628424473795,0.01645397910801711,1.0,1,8.585110664367676
1.0,1.0,,0.0,0.8812211952265352,0.6486525918367424,21.08937828063965,0.6486525918367424,,1.0,2.7817494869232178,2.6083319187164307,0.9399999976158142,1.104767,1.0730711,0.009141722562993043,0.016468342160047885,0.011960713536835468,1.0,1,8.325552940368652
1.0,1.0,,0.0,0.8559042298793793,0.6246220442067061,20.995331172943114,0.6246220442067061,,1.0,2.7310492992401123,2.764894962310791,0.9300000071525574,1.0649468,1.0638286,0.018907591226357132,0.027155912394707,0.011689164873841671,1.0,1,8.26475715637207
