model_returned_smth,valid_cf_disc,dissimilarity_proximity_categorical_hamming,dissimilarity_proximity_categorical_jaccard,dissimilarity_proximity_continuous_manhatan,dissimilarity_proximity_continuous_euclidean,dissimilarity_proximity_continuous_mad,distance_l2_jaccard,distance_mad_hamming,sparsity,flow_log_density_cfs,flow_log_density_xs,flow_prob_condition_acc,lof_scores_xs,lof_scores_cfs,isolation_forest_scores_xs,isolation_forest_scores_cfs,plausibility,cf_belongs_to_group,K_vectors,time
1.0,1.0,,0.0,0.5480347388982773,0.39161382892700536,12.769494533538818,0.39161382892700536,,1.0,2.3072712421417236,2.5572762489318848,0.9399999976158142,1.081245,1.0697753,0.021507187379467187,0.02018757509195279,0.018221736562437776,0.99,9,178.23450374603271
1.0,1.0,,0.0,0.5029237535264757,0.3626429613918393,11.389250177325625,0.3626429613918393,,1.0,2.3543412685394287,2.5466699600219727,0.9191918969154358,1.1104611,1.1186932,0.014526704205774217,0.0031641942634946484,0.014992215994619298,0.9595959595959596,8,179.8613781929016
1.0,1.0,,0.0,0.64396698878269,0.45874186363111524,14.884221510453658,0.45874186363111524,,1.0,2.9302780628204346,2.58982253074646,0.9797979593276978,1.0945401,1.0288641,0.00849263980956731,0.03812154804604376,0.010326463828466336,1.0,9,59.9076292514801
1.0,1.0,,0.0,0.6185591042041778,0.4442544586197625,13.401924247741698,0.4442544586197625,,1.0,3.0137484073638916,2.6237659454345703,1.0,1.0952984,1.0329309,0.012918845939383947,0.04135496154523616,0.01223323129796043,1.0,7,57.06152105331421
1.0,1.0,,0.0,0.6152790721618768,0.43891956196311394,13.842865895743321,0.43891956196311394,,1.0,3.0438477993011475,2.674129009246826,0.9797979593276978,1.0883455,1.0289779,0.020116170263849476,0.03982860854688061,0.01139299070033639,1.0,9,57.19323492050171
