model_returned_smth,valid_cf_disc,dissimilarity_proximity_categorical_hamming,dissimilarity_proximity_categorical_jaccard,dissimilarity_proximity_continuous_manhatan,dissimilarity_proximity_continuous_euclidean,dissimilarity_proximity_continuous_mad,distance_l2_jaccard,distance_mad_hamming,sparsity,flow_log_density_cfs,flow_log_density_xs,flow_prob_condition_acc,lof_scores_xs,lof_scores_cfs,isolation_forest_scores_xs,isolation_forest_scores_cfs,plausibility,cf_belongs_to_group,K_vectors,time
1.0,1.0,,0.0,0.6278896334767342,0.4448948095557847,15.13252251625061,0.4448948095557847,,1.0,1.8996270895004272,2.5572762489318848,0.5799999833106995,1.081245,1.1497738,0.021507187379467187,0.0034323868423581662,0.020525538360565077,1.0,1,7.761971950531006
1.0,1.0,,0.0,0.634798675775528,0.44994791103366893,14.546847343444824,0.44994791103366893,,1.0,1.3017582893371582,2.5466699600219727,0.4040403962135315,1.1104611,1.393775,0.014526704205774217,-0.041665765423405846,0.028616786466908233,1.0,1,9.828804016113281
1.0,1.0,,0.0,0.7038072654695222,0.49861660855179857,16.730140686035156,0.49861660855179857,,1.0,1.4067682027816772,2.58982253074646,0.39393940567970276,1.0945401,1.3054209,0.00849263980956731,-0.03980768263217672,0.03027390747212213,1.0,1,11.003130912780762
1.0,1.0,,0.0,0.6727998912334442,0.47695158925486153,14.907040100097657,0.47695158925486153,,1.0,1.194197654724121,2.6237659454345703,0.36000001430511475,1.0952984,1.3743397,0.012918845939383947,-0.043331409137992764,0.037572422862346466,1.0,1,10.056637048721313
1.0,1.0,,0.0,0.6315554392458212,0.4473914247882026,14.559929125236742,0.4473914247882026,,1.0,1.7958353757858276,2.674129009246826,0.4545454680919647,1.0883455,1.2251588,0.020116170263849476,-0.02577028072266924,0.023310824935754336,1.0,1,10.006465911865234
