model_returned_smth,valid_cf_disc,dissimilarity_proximity_categorical_hamming,dissimilarity_proximity_categorical_jaccard,dissimilarity_proximity_continuous_manhatan,dissimilarity_proximity_continuous_euclidean,dissimilarity_proximity_continuous_mad,distance_l2_jaccard,distance_mad_hamming,sparsity,flow_log_density_cfs,flow_log_density_xs,flow_prob_condition_acc,lof_scores_xs,lof_scores_cfs,isolation_forest_scores_xs,isolation_forest_scores_cfs,plausibility,cf_belongs_to_group,K_vectors,time
1.0,1.0,,0.0,0.522939708828926,0.3700671060471559,12.544327087402344,0.3700671060471559,,1.0,1.6063941717147827,2.5572762489318848,0.4099999964237213,1.081245,1.1704515,0.021507187379467187,0.0016902586883804393,0.022780277297462216,1.0,9,57.658385276794434
1.0,1.0,,0.0,0.5198649821257351,0.3681165875451188,11.902998760493114,0.3681165875451188,,1.0,1.93821120262146,2.5466699600219727,0.5959596037864685,1.1104611,1.2673314,0.014526704205774217,-0.02260771424211576,0.017778794051525076,1.0,9,60.61921691894531
1.0,1.0,,0.0,0.526551861955662,0.37270987157334795,12.479619459672408,0.37270987157334795,,1.0,1.8941650390625,2.58982253074646,0.46464645862579346,1.0945401,1.1671313,0.00849263980956731,0.0006690909097389622,0.027965421394919785,1.0,11,65.42499589920044
1.0,1.0,,0.0,0.5219517466425896,0.3698469738132177,11.556820974349975,0.3698469738132177,,1.0,1.5719646215438843,2.6237659454345703,0.41999998688697815,1.0952984,1.1838497,0.012918845939383947,-0.01405308126696609,0.0264643600989357,1.0,7,76.90689301490784
1.0,1.0,,0.0,0.47850584381758565,0.3387178976952271,11.010180473327637,0.3387178976952271,,1.0,1.367514967918396,2.674129009246826,0.24242424964904785,1.0883455,1.2166733,0.020116170263849476,-0.02123002726984469,0.028724184002723516,1.0,9,73.00831699371338
