model_returned_smth,valid_cf_disc,dissimilarity_proximity_categorical_hamming,dissimilarity_proximity_categorical_jaccard,dissimilarity_proximity_continuous_manhatan,dissimilarity_proximity_continuous_euclidean,dissimilarity_proximity_continuous_mad,distance_l2_jaccard,distance_mad_hamming,sparsity,flow_log_density_cfs,flow_log_density_xs,flow_prob_condition_acc,lof_scores_xs,lof_scores_cfs,isolation_forest_scores_xs,isolation_forest_scores_cfs,plausibility,cf_belongs_to_group,K_vectors,time
1.0,1.0,,0.0,0.9553727519791573,0.6869562779538434,22.768018665313722,0.6869562779538434,,1.0,2.520714521408081,2.536311388015747,0.7699999809265137,1.1103203,1.0857406,0.00882005527489911,0.022222088023735587,0.015683665779733184,1.0,1,9.915616989135742
1.0,1.0,,0.0,0.8919709644094109,0.6535877650208533,19.266791954040528,0.6535877650208533,,1.0,2.637918710708618,2.659529209136963,0.7300000190734863,1.0919671,1.0896523,0.014477844390990946,0.017685309776450463,0.014154154302369408,1.0,1,11.487290859222412
1.0,1.0,,0.0,0.9325532003119588,0.6828423805794489,19.52855739593506,0.6828423805794489,,1.0,2.4524505138397217,2.4504318237304688,0.699999988079071,1.1265427,1.0969907,0.0005023387664166872,0.005509564103771862,0.01706959250537064,1.0,1,12.125751972198486
1.0,1.0,,0.0,0.9473973507340997,0.695319671837806,22.69279878616333,0.695319671837806,,1.0,2.6178882122039795,2.6083319187164307,0.7900000214576721,1.104767,1.0970831,0.009141722562993043,0.013148314831546968,0.015276626731434945,1.0,1,13.437915325164795
1.0,1.0,,0.0,0.9376354843378067,0.6854846214380835,23.001728591918944,0.6854846214380835,,1.0,2.7704153060913086,2.764894962310791,0.8199999928474426,1.0649468,1.0705012,0.018907591226357132,0.024745491952067756,0.012540601729146167,1.0,1,13.076020240783691
