model_returned_smth,valid_cf_disc,dissimilarity_proximity_categorical_hamming,dissimilarity_proximity_categorical_jaccard,dissimilarity_proximity_continuous_manhatan,dissimilarity_proximity_continuous_euclidean,dissimilarity_proximity_continuous_mad,distance_l2_jaccard,distance_mad_hamming,sparsity,flow_log_density_cfs,flow_log_density_xs,flow_prob_condition_acc,lof_scores_xs,lof_scores_cfs,isolation_forest_scores_xs,isolation_forest_scores_cfs,plausibility,cf_belongs_to_group,K_vectors,time
1.0,1.0,,0.0,0.4942913118004799,0.3516377738790411,11.678600168228149,0.3516377738790411,,1.0,2.209321975708008,2.5589895248413086,1.0,1.081245,1.1056861,0.021507187379467187,0.008506792752564751,0.015866429696121162,1.0,100,6.140961170196533
1.0,1.0,,0.0,0.4530536210536957,0.323520726259677,10.272757980823517,0.323520726259677,,1.0,2.3388402462005615,2.505185604095459,1.0,1.1143454,1.0760235,0.013987607671406286,-0.006453601665367,0.01576147054225304,1.0,100,6.098982334136963
1.0,1.0,,0.0,0.5233951576865545,0.37279511726078657,12.039300111260745,0.37279511726078657,,1.0,2.2916054725646973,2.4909613132476807,1.0,1.107103,1.016216,0.007489403892622229,0.03555454448459299,0.014308026328111399,1.0,101,6.116832971572876
1.0,1.0,,0.0,0.4862820154428482,0.34837338520125477,10.589309186935425,0.34837338520125477,,1.0,2.351193428039551,2.6214258670806885,1.0,1.0952984,1.1024607,0.012918845939383947,0.015357814768905497,0.011496945739542403,1.0,100,6.073913097381592
1.0,1.0,,0.0,0.4942009494160161,0.3545802514030868,11.11551515502159,0.3545802514030868,,1.0,2.3347713947296143,2.654728412628174,1.0,1.0883455,1.0380394,0.020116170263849476,0.017821601270694303,0.013289408180728686,1.0,99,6.105086088180542
