model_returned_smth,valid_cf_disc,dissimilarity_proximity_categorical_hamming,dissimilarity_proximity_categorical_jaccard,dissimilarity_proximity_continuous_manhatan,dissimilarity_proximity_continuous_euclidean,dissimilarity_proximity_continuous_mad,distance_l2_jaccard,distance_mad_hamming,sparsity,flow_log_density_cfs,flow_log_density_xs,flow_prob_condition_acc,lof_scores_xs,lof_scores_cfs,isolation_forest_scores_xs,isolation_forest_scores_cfs,plausibility,cf_belongs_to_group,K_vectors,time
1.0,1.0,,0.0,0.6569736263155938,0.46650207728698123,15.657699871063233,0.46650207728698123,,1.0,2.523552656173706,2.50984263420105,0.7799999713897705,1.1009139,1.0926515,0.025461516575559597,0.021307261894717842,0.015769691569804224,1.0,1,26.88253903388977
1.0,1.0,,0.0,0.613618730761037,0.43745510282432426,13.549449948981257,0.43745510282432426,,1.0,2.563615560531616,2.543757438659668,0.7128713130950928,1.1204797,1.1059583,0.017491037449952902,0.01534073758459398,0.015262886160728222,1.0,1,17.63950514793396
1.0,1.0,,0.0,0.6284999552339611,0.44957162349122914,14.918952649182613,0.44957162349122914,,1.0,2.7102670669555664,2.71927809715271,0.7920792102813721,1.063162,1.0686569,0.026827012615389504,0.018329890292450135,0.014496606844482136,1.0,1,20.98240613937378
1.0,1.0,,0.0,0.6603862027823925,0.47319291768228877,15.212646245956421,0.47319291768228877,,1.0,2.5970728397369385,2.5996816158294678,0.75,1.1100901,1.0826373,0.02211196968840181,0.008749049635935075,0.015620387445006805,1.0,1,25.963122129440308
1.0,1.0,,0.0,0.637812795639038,0.45645384118856897,15.381123065948486,0.45645384118856897,,1.0,2.5859694480895996,2.5661706924438477,0.7200000286102295,1.1123185,1.098385,0.01714651003811736,0.01718315662637103,0.014342943241997357,1.0,1,18.271785974502563
