model_returned_smth,valid_cf_disc,dissimilarity_proximity_categorical_hamming,dissimilarity_proximity_categorical_jaccard,dissimilarity_proximity_continuous_manhatan,dissimilarity_proximity_continuous_euclidean,dissimilarity_proximity_continuous_mad,distance_l2_jaccard,distance_mad_hamming,sparsity,flow_log_density_cfs,flow_log_density_xs,flow_prob_condition_acc,lof_scores_xs,lof_scores_cfs,isolation_forest_scores_xs,isolation_forest_scores_cfs,plausibility,cf_belongs_to_group,K_vectors,time
1.0,1.0,,0.0,0.9291826302092523,0.6714926201947928,22.140707778930665,0.6714926201947928,,1.0,2.854327440261841,2.536311388015747,1.0,1.1103203,1.0274255,0.00882005527489911,0.03725231581284514,0.01237653936295306,1.0,8,24.699784994125366
1.0,1.0,,0.0,0.8645591158047319,0.6341267758908445,18.67539902687073,0.6341267758908445,,1.0,3.0569489002227783,2.659529209136963,1.0,1.0919671,1.0304701,0.014477844390990946,0.039377905513882774,0.011862841419709249,1.0,7,27.17513394355774
1.0,1.0,,0.0,0.8935432537272573,0.6543284456602108,18.730679149627687,0.6543284456602108,,1.0,2.945058584213257,2.4504318237304688,0.9599999785423279,1.1265427,1.0377537,0.0005023387664166872,0.02743287777422286,0.013643204171268845,1.0,8,24.091572046279907
1.0,1.0,,0.0,0.8790894720610232,0.647640163656541,21.042850399017333,0.647640163656541,,1.0,2.745173931121826,2.6083319187164307,0.9800000190734863,1.104767,1.0626937,0.009141722562993043,0.016809913222074188,0.01154696844653222,0.99,8,172.36051511764526
1.0,1.0,,0.0,0.8924247348308563,0.6510403842928781,21.88999324798584,0.6510403842928781,,1.0,3.022608995437622,2.764894962310791,0.9599999785423279,1.0649468,1.0390577,0.018907591226357132,0.040438265632579906,0.012455402349652254,1.0,6,25.807103157043457
