model_returned_smth,valid_cf_disc,dissimilarity_proximity_categorical_hamming,dissimilarity_proximity_categorical_jaccard,dissimilarity_proximity_continuous_manhatan,dissimilarity_proximity_continuous_euclidean,dissimilarity_proximity_continuous_mad,distance_l2_jaccard,distance_mad_hamming,sparsity,flow_log_density_cfs,flow_log_density_xs,flow_prob_condition_acc,lof_scores_xs,lof_scores_cfs,isolation_forest_scores_xs,isolation_forest_scores_cfs,plausibility,cf_belongs_to_group,K_vectors,time
1.0,1.0,,0.0,0.5427579102199525,0.3847681944604338,12.953309230804443,0.3847681944604338,,1.0,-5.2948503494262695,2.536311388015747,0.0,1.1103203,2.8868332,0.00882005527489911,-0.08811154002230716,0.14109742039300677,1.0,100,7.295447826385498
1.0,1.0,,0.0,0.5447339907661081,0.3861528801487297,12.356239686012268,0.3861528801487297,,1.0,-5.095215797424316,2.659529209136963,0.0,1.0919671,2.688654,0.014477844390990946,-0.06337151531689472,0.13177016091225316,1.0,100,7.190295934677124
1.0,1.0,,0.0,0.5363306562975049,0.3804735374541184,11.750014581680297,0.3804735374541184,,1.0,-4.587786674499512,2.4504318237304688,0.0,1.1265427,2.8669422,0.0005023387664166872,-0.059526340658303256,0.14401388683549793,1.0,100,7.228261232376099
1.0,1.0,,0.0,0.565314537351951,0.401241658069162,13.785965375900268,0.401241658069162,,1.0,-4.6476311683654785,2.6083319187164307,0.0,1.104767,2.5848894,0.009141722562993043,-0.08528788412663768,0.17365601408043793,1.0,100,7.283795356750488
1.0,1.0,,0.0,0.5582852444052696,0.39755834156364733,13.672207889556885,0.39755834156364733,,1.0,-4.926075458526611,2.764894962310791,0.0,1.0649468,2.7007983,0.018907591226357132,-0.06810452482380869,0.13056402990445004,1.0,100,7.304195165634155
