model_returned_smth,valid_cf_disc,dissimilarity_proximity_categorical_hamming,dissimilarity_proximity_categorical_jaccard,dissimilarity_proximity_continuous_manhatan,dissimilarity_proximity_continuous_euclidean,dissimilarity_proximity_continuous_mad,distance_l2_jaccard,distance_mad_hamming,sparsity,flow_log_density_cfs,flow_log_density_xs,flow_prob_condition_acc,lof_scores_xs,lof_scores_cfs,isolation_forest_scores_xs,isolation_forest_scores_cfs,plausibility,cf_belongs_to_group,K_vectors,time
1.0,1.0,,0.0,0.657484740614891,0.4673016700267577,15.658919353485107,0.4673016700267577,,1.0,2.5095133781433105,2.4905242919921875,0.7699999809265137,1.1009139,1.092345,0.025461516575559597,0.022215695398473477,0.015630392185121116,1.0,1,12.582183122634888
1.0,1.0,,0.0,0.6263326145708561,0.4469277392221022,14.00793436050415,0.4469277392221022,,1.0,2.587099552154541,2.5775132179260254,0.7200000286102295,1.1166955,1.1019577,0.01805977731676262,0.015642591632652546,0.015223710986927182,1.0,1,11.163414001464844
1.0,0.9900000095367432,,0.0,0.6234670555350756,0.4453143424458191,15.72156741402366,0.4453143424458191,,1.0,2.7945261001586914,2.820326566696167,0.8383838534355164,1.0568079,1.0626787,0.0274196584725767,0.020173101393239315,0.014301955493427212,1.0,1,8.95452332496643
1.0,1.0,,0.0,0.650234580785036,0.4659662260275273,14.978430871963502,0.4659662260275273,,1.0,2.6151018142700195,2.607419729232788,0.7400000095367432,1.1100901,1.080337,0.02211196968840181,0.01076213158975035,0.01515716441278826,1.0,1,12.638860702514648
1.0,1.0,,0.0,0.6295812398195266,0.45076200052991694,15.177625331878662,0.45076200052991694,,1.0,2.5865466594696045,2.5765182971954346,0.699999988079071,1.1123185,1.0947111,0.01714651003811736,0.01753355798153827,0.014862440397427202,1.0,1,11.51942777633667
