model_returned_smth,valid_cf_disc,dissimilarity_proximity_categorical_hamming,dissimilarity_proximity_categorical_jaccard,dissimilarity_proximity_continuous_manhatan,dissimilarity_proximity_continuous_euclidean,dissimilarity_proximity_continuous_mad,distance_l2_jaccard,distance_mad_hamming,sparsity,flow_log_density_cfs,flow_log_density_xs,flow_prob_condition_acc,lof_scores_xs,lof_scores_cfs,isolation_forest_scores_xs,isolation_forest_scores_cfs,plausibility,cf_belongs_to_group,K_vectors,time
1.0,1.0,,0.0,0.8338370830100029,0.596350882247958,19.883897066116333,0.596350882247958,,1.0,2.220392942428589,2.536311388015747,1.0,1.1103203,1.092547,0.00882005527489911,0.024917459982809743,0.014804194214951358,1.0,100,6.141638994216919
1.0,1.0,,0.0,0.7788163644447923,0.5621408415471979,17.13920704841614,0.5621408415471979,,1.0,2.3246076107025146,2.659529209136963,1.0,1.0919671,1.1039511,0.014477844390990946,0.007089844411104467,0.02139190300476573,1.0,100,6.135798931121826
1.0,1.0,,0.0,0.7995132427290081,0.5755743465617686,17.086207227706907,0.5755743465617686,,1.0,2.2925052642822266,2.4504318237304688,1.0,1.1265427,1.0786937,0.0005023387664166872,-0.003149217879174475,0.029858661520254716,1.0,100,6.139075040817261
1.0,1.0,,0.0,0.815956934755668,0.5909003590132101,19.649792222976686,0.5909003590132101,,1.0,2.3487932682037354,2.6083319187164307,1.0,1.104767,1.0678285,0.009141722562993043,0.016020633711056748,0.009001146167532977,1.0,100,6.136576890945435
1.0,1.0,,0.0,0.8113917282223702,0.5841201267394744,19.888074626922606,0.5841201267394744,,1.0,2.31379771232605,2.764894962310791,1.0,1.0649468,1.1039375,0.018907591226357132,0.016566424544260237,0.02021318116684258,1.0,100,6.147972106933594
