model_returned_smth,valid_cf_disc,dissimilarity_proximity_categorical_hamming,dissimilarity_proximity_categorical_jaccard,dissimilarity_proximity_continuous_manhatan,dissimilarity_proximity_continuous_euclidean,dissimilarity_proximity_continuous_mad,distance_l2_jaccard,distance_mad_hamming,sparsity,flow_log_density_cfs,flow_log_density_xs,flow_prob_condition_acc,lof_scores_xs,lof_scores_cfs,isolation_forest_scores_xs,isolation_forest_scores_cfs,plausibility,cf_belongs_to_group,K_vectors,time
1.0,1.0,,0.0,0.8242262965720147,0.5899591102688101,19.65511583328247,0.5899591102688101,,1.0,2.2075870037078857,2.510976791381836,1.0,1.1103203,1.1244266,0.00882005527489911,0.019732527387805916,0.014385788987289887,1.0,100,6.084391117095947
1.0,1.0,,0.0,0.7572851562872529,0.5465742919256286,16.67223035812378,0.5465742919256286,,1.0,2.3290092945098877,2.657348394393921,1.0,1.0919671,1.1922492,0.014477844390990946,-0.010390305255958108,0.0150895768823255,1.0,100,5.7002270221710205
1.0,1.0,,0.0,0.8103939350321889,0.5855374524462928,17.258965339660644,0.5855374524462928,,1.0,2.315824031829834,2.4553382396698,1.0,1.1265427,1.0591383,0.0005023387664166872,0.0007441758808193988,0.016504216934407852,1.0,100,6.9706079959869385
1.0,1.0,,0.0,0.8016193885263055,0.5830116980990908,19.273484983444213,0.5830116980990908,,1.0,2.3022255897521973,2.6226816177368164,1.0,1.104767,1.0993853,0.009141722562993043,0.007549479512060502,0.012042607517985988,1.0,100,6.3541953563690186
1.0,1.0,,0.0,0.8065454521775246,0.5817778073995491,19.771380462646484,0.5817778073995491,,1.0,2.289604663848877,2.764841318130493,1.0,1.0649468,1.0820842,0.018907591226357132,0.01797066244598641,0.024554552207420345,1.0,100,6.041735887527466
