model_returned_smth,valid_cf_disc,dissimilarity_proximity_categorical_hamming,dissimilarity_proximity_categorical_jaccard,dissimilarity_proximity_continuous_manhatan,dissimilarity_proximity_continuous_euclidean,dissimilarity_proximity_continuous_mad,distance_l2_jaccard,distance_mad_hamming,sparsity,flow_log_density_cfs,flow_log_density_xs,flow_prob_condition_acc,lof_scores_xs,lof_scores_cfs,isolation_forest_scores_xs,isolation_forest_scores_cfs,plausibility,cf_belongs_to_group,K_vectors,time
1.0,1.0,,0.0,0.46336037158966065,0.32768644146753717,11.103465089797973,0.32768644146753717,,1.0,0.6917533874511719,2.4905242919921875,0.18000000715255737,1.1009139,1.3996024,0.025461516575559597,-0.010893765739112599,0.031381999651023576,1.0,11,49.591636180877686
1.0,1.0,,0.0,0.40040050968527796,0.2842736897753404,9.019033541679383,0.2842736897753404,,1.0,0.07206636667251587,2.5775132179260254,0.07000000029802322,1.1166955,1.4555833,0.01805977731676262,-0.024124457444115403,0.02951122712710569,1.0,10,59.6304669380188
1.0,1.0,,0.0,0.40534779610055865,0.28667858252205364,10.351293756504251,0.28667858252205364,,1.0,0.4723488390445709,2.820326566696167,0.06060606241226196,1.0497113,1.4453336,0.02822090729441069,-0.023338087017031432,0.04220439636259603,1.0,13,60.7801239490509
1.0,1.0,,0.0,0.47876243487000464,0.33856054081716175,11.092729539871216,0.33856054081716175,,1.0,1.4433822631835938,2.607419729232788,0.25,1.1100901,1.1867263,0.02211196968840181,-0.0003095803619355653,0.031908379190811714,1.0,8,55.730563163757324
1.0,1.0,,0.0,0.4828579413890839,0.34147960801917515,11.829828586578369,0.34147960801917515,,1.0,1.3298051357269287,2.5765182971954346,0.3100000023841858,1.1123185,1.2546508,0.01714651003811736,-0.009711146531968745,0.025217494761794176,1.0,12,45.937082052230835
