model_returned_smth,valid_cf_disc,dissimilarity_proximity_categorical_hamming,dissimilarity_proximity_categorical_jaccard,dissimilarity_proximity_continuous_manhatan,dissimilarity_proximity_continuous_euclidean,dissimilarity_proximity_continuous_mad,distance_l2_jaccard,distance_mad_hamming,sparsity,flow_log_density_cfs,flow_log_density_xs,flow_prob_condition_acc,lof_scores_xs,lof_scores_cfs,isolation_forest_scores_xs,isolation_forest_scores_cfs,plausibility,cf_belongs_to_group,K_vectors,time
1.0,1.0,,0.0,0.34761342763900754,0.24588409082707774,8.327481334209443,0.24588409082707774,,1.0,-1.7042732238769531,2.4905242919921875,0.0,1.1009139,1.6763784,0.025461516575559597,-0.04559780407483616,0.07700956863288916,1.0,100,7.261967182159424
1.0,1.0,,0.0,0.2926345886290073,0.20706155453622582,6.620928707122803,0.20706155453622582,,1.0,-2.8948700428009033,2.5775132179260254,0.0,1.1166955,1.6269299,0.01805977731676262,-0.04269788145565635,0.04560422049908776,1.0,100,7.1626832485198975
1.0,1.0,,0.0,0.30782177442252034,0.21769892848880926,7.865998583610612,0.21769892848880926,,1.0,-1.5476933717727661,2.820326566696167,0.0,1.0497113,1.7775878,0.02822090729441069,-0.03468808436364084,0.05335851371677211,1.0,99,7.12549090385437
1.0,1.0,,0.0,0.3259457163512707,0.23053649599989906,7.5503886246681216,0.23053649599989906,,1.0,-1.5154986381530762,2.607419729232788,0.0,1.1100901,1.4823307,0.02211196968840181,-0.04363627115349424,0.08168815541498621,1.0,100,7.118778705596924
1.0,1.0,,0.0,0.3621188467741013,0.2561708431530882,8.862649972438811,0.2561708431530882,,1.0,-1.163232684135437,2.5765182971954346,0.0,1.1123185,1.5025132,0.01714651003811736,-0.044110141560832254,0.062444778766987986,1.0,100,7.159092903137207
