model_returned_smth,valid_cf_disc,dissimilarity_proximity_categorical_hamming,dissimilarity_proximity_categorical_jaccard,dissimilarity_proximity_continuous_manhatan,dissimilarity_proximity_continuous_euclidean,dissimilarity_proximity_continuous_mad,distance_l2_jaccard,distance_mad_hamming,sparsity,flow_log_density_cfs,flow_log_density_xs,flow_prob_condition_acc,lof_scores_xs,lof_scores_cfs,isolation_forest_scores_xs,isolation_forest_scores_cfs,plausibility,cf_belongs_to_group,K_vectors,time
1.0,1.0,,0.0,0.5839648631215095,0.415091301126693,13.939447345733642,0.415091301126693,,1.0,2.504448175430298,2.50984263420105,0.9800000190734863,1.1009139,1.065585,0.025461516575559597,0.02336867267355578,0.014968937135403761,0.98,6,170.60826086997986
1.0,1.0,,0.0,0.5224439901585626,0.3761516718889979,11.511050720025997,0.3761516718889979,,1.0,2.4877102375030518,2.543757438659668,0.9702970385551453,1.1204797,1.11514,0.017491037449952902,0.010182404106893082,0.014045617310233375,0.9801980198019802,6,174.45752120018005
1.0,1.0,,0.0,0.6223608942905275,0.4454519387420553,14.780121076225054,0.4454519387420553,,1.0,2.9907937049865723,2.71927809715271,0.9801980257034302,1.063162,1.0271696,0.026827012615389504,0.03132016450636985,0.011396042791087368,1.0,6,55.47570085525513
1.0,1.0,,0.0,0.6346989791095257,0.45256172818671947,14.642935371398925,0.45256172818671947,,1.0,2.9844892024993896,2.5996816158294678,1.0,1.1100901,1.0389338,0.02211196968840181,0.026866913725420785,0.011404667376352746,1.0,5,53.83087921142578
1.0,1.0,,0.0,0.6330852091312409,0.45218145598018816,15.299418144226074,0.45218145598018816,,1.0,2.967055082321167,2.5661706924438477,0.9700000286102295,1.1123185,1.0355173,0.01714651003811736,0.035230469674942276,0.011020296465907757,1.0,6,59.366705894470215
