model_returned_smth,valid_cf_disc,dissimilarity_proximity_categorical_hamming,dissimilarity_proximity_categorical_jaccard,dissimilarity_proximity_continuous_manhatan,dissimilarity_proximity_continuous_euclidean,dissimilarity_proximity_continuous_mad,distance_l2_jaccard,distance_mad_hamming,sparsity,flow_log_density_cfs,flow_log_density_xs,flow_prob_condition_acc,lof_scores_xs,lof_scores_cfs,isolation_forest_scores_xs,isolation_forest_scores_cfs,plausibility,cf_belongs_to_group,K_vectors,time
1.0,1.0,,0.0,0.8642199430149049,0.6224186701735156,20.595241260528564,0.6224186701735156,,1.0,2.444631814956665,2.510976791381836,0.9599999785423279,1.1103203,1.0688453,0.00882005527489911,0.021319967077240612,0.014147220307384962,0.97,8,184.88397073745728
1.0,1.0,,0.0,0.8406547007337213,0.6158267185501842,18.19338580131531,0.6158267185501842,,1.0,2.958864450454712,2.657348394393921,1.0,1.0919671,1.0427904,0.014477844390990946,0.034542336746202475,0.012212056566955716,1.0,9,29.187872171401978
1.0,1.0,,0.0,0.8540116663649678,0.6305492732338394,17.813619842529295,0.6305492732338394,,1.0,2.7101047039031982,2.4553382396698,0.9700000286102295,1.1265427,1.0592226,0.0005023387664166872,0.010525595482083776,0.011819191568081769,0.99,6,176.38934707641602
1.0,1.0,,0.0,0.8881613106187433,0.6507080664204083,21.295904026031494,0.6507080664204083,,1.0,2.6185312271118164,2.6226816177368164,0.9599999785423279,1.104767,1.0785083,0.009141722562993043,0.012386639028975239,0.012790014217640741,0.97,6,169.29546999931335
1.0,1.0,,0.0,0.8600217491388321,0.629159964993127,21.097032527923584,0.629159964993127,,1.0,2.5860395431518555,2.764841318130493,0.9800000190734863,1.0649468,1.0652919,0.018907591226357132,0.019506143731663903,0.014957372765617111,0.98,8,172.27391576766968
