model_returned_smth,valid_cf_disc,dissimilarity_proximity_categorical_hamming,dissimilarity_proximity_categorical_jaccard,dissimilarity_proximity_continuous_manhatan,dissimilarity_proximity_continuous_euclidean,dissimilarity_proximity_continuous_mad,distance_l2_jaccard,distance_mad_hamming,sparsity,flow_log_density_cfs,flow_log_density_xs,flow_prob_condition_acc,lof_scores_xs,lof_scores_cfs,isolation_forest_scores_xs,isolation_forest_scores_cfs,plausibility,cf_belongs_to_group,K_vectors,time
1.0,1.0,,0.0,0.5865732604265212,0.4193846678501171,13.954385724067688,0.4193846678501171,,1.0,2.5393247604370117,2.4905242919921875,0.9900000095367432,1.1009139,1.0595304,0.025461516575559597,0.02244473581389179,0.014653034279796306,0.99,9,172.60668110847473
1.0,1.0,,0.0,0.5495465897023678,0.39283570170327037,12.328846063613891,0.39283570170327037,,1.0,2.6904537677764893,2.5775132179260254,0.9599999785423279,1.1166955,1.0630802,0.01805977731676262,0.024499016207082086,0.011342052263774176,0.99,10,172.7059919834137
1.0,1.0,,0.0,0.6089453976981494,0.43497399430687717,15.583329025579959,0.43497399430687717,,1.0,2.9723846912384033,2.8555192947387695,1.0,1.0449516,1.0349097,0.028984864501826423,0.02882929506267164,0.013621983449252268,1.0,12,25.74426293373108
1.0,1.0,,0.0,0.6446784569323063,0.46134109441812127,14.856725721359252,0.46134109441812127,,1.0,2.9808473587036133,2.607419729232788,0.9800000190734863,1.1100901,1.0313264,0.02211196968840181,0.02789508434586806,0.01113727036901954,1.0,8,26.034130334854126
1.0,1.0,,0.0,0.6212730586528779,0.4479465364839409,14.932605676651,0.4479465364839409,,1.0,2.9577748775482178,2.5765182971954346,1.0,1.1123185,1.0506812,0.01714651003811736,0.03190762036513981,0.012305160560085644,1.0,7,23.646417140960693
