model_returned_smth,valid_cf_disc,dissimilarity_proximity_categorical_hamming,dissimilarity_proximity_categorical_jaccard,dissimilarity_proximity_continuous_manhatan,dissimilarity_proximity_continuous_euclidean,dissimilarity_proximity_continuous_mad,distance_l2_jaccard,distance_mad_hamming,sparsity,flow_log_density_cfs,flow_log_density_xs,flow_prob_condition_acc,lof_scores_xs,lof_scores_cfs,isolation_forest_scores_xs,isolation_forest_scores_cfs,plausibility,cf_belongs_to_group,K_vectors,time
1.0,1.0,,0.0,0.43752170592546463,0.3098935124705981,10.529299941062927,0.3098935124705981,,1.0,0.2959703207015991,2.5572762489318848,0.0,1.081245,1.3907892,0.021507187379467187,-0.0317197056249234,0.02459250942410109,1.0,100,6.660362005233765
1.0,1.0,,0.0,0.4252919891867975,0.30135737522435485,9.742928268933538,0.30135737522435485,,1.0,1.1943901777267456,2.5466699600219727,0.06060606241226196,1.1104611,1.3541346,0.014526704205774217,-0.04016967486736046,0.024213400287054803,1.0,99,6.734856843948364
1.0,1.0,,0.0,0.45731271607707247,0.3238660188962843,10.857052557396166,0.3238660188962843,,1.0,1.1151139736175537,2.58982253074646,0.0,1.0945401,1.2993313,0.00849263980956731,-0.019493780416566076,0.029915384504041756,1.0,99,6.681041955947876
1.0,1.0,,0.0,0.4565142726898193,0.3235156488225194,10.109431533813476,0.3235156488225194,,1.0,1.0629067420959473,2.6237659454345703,0.009999999776482582,1.0952984,1.2531163,0.012918845939383947,-0.02540067213096628,0.027205306164978123,1.0,100,6.675450801849365
1.0,1.0,,0.0,0.40189789641987195,0.2844775829788039,9.244613440349848,0.2844775829788039,,1.0,0.34515801072120667,2.674129009246826,0.0,1.0883455,1.4358335,0.020116170263849476,-0.04225032200096967,0.05318601835382855,1.0,99,6.662190914154053
