model_returned_smth,valid_cf_disc,dissimilarity_proximity_categorical_hamming,dissimilarity_proximity_categorical_jaccard,dissimilarity_proximity_continuous_manhatan,dissimilarity_proximity_continuous_euclidean,dissimilarity_proximity_continuous_mad,distance_l2_jaccard,distance_mad_hamming,sparsity,flow_log_density_cfs,flow_log_density_xs,flow_prob_condition_acc,lof_scores_xs,lof_scores_cfs,isolation_forest_scores_xs,isolation_forest_scores_cfs,plausibility,cf_belongs_to_group,K_vectors,time
1.0,1.0,,0.0,0.6624418193101883,0.47043356694639177,15.78674551010132,0.47043356694639177,,1.0,2.52353572845459,2.50984263420105,0.7599999904632568,1.1009139,1.0934498,0.025461516575559597,0.021395633195606015,0.015358739304381504,1.0,1,9.469373941421509
1.0,1.0,,0.0,0.7035126386597605,0.49921656845224205,15.612160295543104,0.49921656845224205,,1.0,1.9098560810089111,2.543757438659668,0.4356435537338257,1.1204797,1.2225267,0.017491037449952902,-0.016915083808857954,0.022670609103182693,1.0,1,10.237582921981812
1.0,1.0,,0.0,0.6467400774507239,0.4586805359935224,15.500295941192325,0.4586805359935224,,1.0,2.5918209552764893,2.71927809715271,0.8118811845779419,1.063162,1.0841702,0.026827012615389504,0.009769199999055338,0.014847433712065932,1.0,1,7.833169937133789
1.0,1.0,,0.0,0.7518458344042301,0.5337022705887474,17.36941095352173,0.5337022705887474,,1.0,1.6999047994613647,2.5996816158294678,0.46000000834465027,1.1100901,1.2872332,0.02211196968840181,-0.04255992016992859,0.02281613303880549,1.0,1,9.818565130233765
1.0,1.0,,0.0,0.6091634303331375,0.43199822941632277,14.823814067840576,0.43199822941632277,,1.0,2.4092330932617188,2.5661706924438477,0.6399999856948853,1.1123185,1.1111279,0.01714651003811736,0.0144243239527252,0.015288838951048593,1.0,1,8.379021167755127
