model_returned_smth,valid_cf_disc,dissimilarity_proximity_categorical_hamming,dissimilarity_proximity_categorical_jaccard,dissimilarity_proximity_continuous_manhatan,dissimilarity_proximity_continuous_euclidean,dissimilarity_proximity_continuous_mad,distance_l2_jaccard,distance_mad_hamming,sparsity,flow_log_density_cfs,flow_log_density_xs,flow_prob_condition_acc,lof_scores_xs,lof_scores_cfs,isolation_forest_scores_xs,isolation_forest_scores_cfs,plausibility,cf_belongs_to_group,K_vectors,time
1.0,1.0,,0.0,0.5112693971395492,0.36686776595478554,12.1197260761261,0.36686776595478554,,1.0,1.7485313415527344,2.50984263420105,0.47999998927116394,1.1009139,1.2263482,0.025461516575559597,0.005461505251990795,0.022178073599500855,1.0,9,78.93604779243469
1.0,1.0,,0.0,0.4998297468565478,0.35752017469418956,11.008670962683045,0.35752017469418956,,1.0,2.00028657913208,2.543757438659668,0.4653465449810028,1.1204797,1.1945114,0.017491037449952902,0.007536088768787119,0.014498195959550009,1.0,9,122.28648900985718
1.0,1.0,,0.0,0.5580331081210976,0.3957170248529699,13.378774142501378,0.3957170248529699,,1.0,2.441570997238159,2.71927809715271,0.6435643434524536,1.063162,1.0718884,0.026827012615389504,0.014428655439104104,0.02014420915337577,1.0,9,56.3129940032959
1.0,1.0,,0.0,0.5060675816237926,0.36243644516040063,11.660636677742005,0.36243644516040063,,1.0,2.1180102825164795,2.5996816158294678,0.4699999988079071,1.1100901,1.1542915,0.02211196968840181,0.017076642788229804,0.018059119814673074,1.0,10,115.64644289016724
1.0,1.0,,0.0,0.5144532445073128,0.3655327718131475,12.491341066360473,0.3655327718131475,,1.0,1.9422944784164429,2.5661706924438477,0.4399999976158142,1.1123185,1.1526703,0.01714651003811736,0.003410988154735763,0.01877183648154265,1.0,8,66.55520415306091
