model_returned_smth,valid_cf_disc,dissimilarity_proximity_categorical_hamming,dissimilarity_proximity_categorical_jaccard,dissimilarity_proximity_continuous_manhatan,dissimilarity_proximity_continuous_euclidean,dissimilarity_proximity_continuous_mad,distance_l2_jaccard,distance_mad_hamming,sparsity,flow_log_density_cfs,flow_log_density_xs,flow_prob_condition_acc,lof_scores_xs,lof_scores_cfs,isolation_forest_scores_xs,isolation_forest_scores_cfs,plausibility,cf_belongs_to_group,K_vectors,time
1.0,1.0,,0.0,0.5570519712846727,0.4219669895520875,13.248051462173462,0.4219669895520875,,1.0,-4.919787883758545,2.510976791381836,0.0,1.1103203,2.6114702,0.00882005527489911,-0.10377163791544439,0.12357474375593071,1.0,1,7.075213193893433
1.0,1.0,,0.0,0.491955609805882,0.39699889998984195,9.990185384750367,0.39699889998984195,,1.0,-5.151911735534668,2.657348394393921,0.009999999776482582,1.0919671,2.893219,0.014477844390990946,-0.10194604781793463,0.12504934184118155,1.0,1,6.988817930221558
1.0,1.0,,0.0,0.5300296567752958,0.4259943366798564,10.502347803115844,0.4259943366798564,,1.0,-5.939998149871826,2.4553382396698,0.0,1.1265427,2.7286217,0.0005023387664166872,-0.10117965694281748,0.11458393093885288,1.0,1,7.148828983306885
1.0,1.0,,0.0,0.5244143725093454,0.42482629339912037,12.2872594165802,0.42482629339912037,,1.0,-7.002447128295898,2.6226816177368164,0.0,1.104767,2.829327,0.009141722562993043,-0.12603020557908823,0.16268832957817808,1.0,1,6.9832329750061035
1.0,1.0,,0.0,0.5432928517460823,0.4166296704053756,13.346880283355713,0.4166296704053756,,1.0,-6.390504360198975,2.764841318130493,0.0,1.0649468,2.5215838,0.018907591226357132,-0.10703925277172947,0.12453197578592641,1.0,1,7.135095834732056
