model_returned_smth,valid_cf_disc,dissimilarity_proximity_categorical_hamming,dissimilarity_proximity_categorical_jaccard,dissimilarity_proximity_continuous_manhatan,dissimilarity_proximity_continuous_euclidean,dissimilarity_proximity_continuous_mad,distance_l2_jaccard,distance_mad_hamming,sparsity,flow_log_density_cfs,flow_log_density_xs,flow_prob_condition_acc,lof_scores_xs,lof_scores_cfs,isolation_forest_scores_xs,isolation_forest_scores_cfs,plausibility,cf_belongs_to_group,K_vectors,time
1.0,1.0,,0.0,0.7351122507732362,0.5244518105991496,17.52799982070923,0.5244518105991496,,1.0,-0.11012859642505646,2.536311388015747,0.14000000059604645,1.1103203,1.6053985,0.00882005527489911,-0.035410389213642895,0.042260086302192044,1.0,1,8.55164885520935
1.0,1.0,,0.0,0.7218941754475235,0.5167571707549592,15.975981788635254,0.5167571707549592,,1.0,0.3197158873081207,2.659529209136963,0.2199999988079071,1.0919671,1.4840024,0.014477844390990946,-0.028856251754612258,0.036769060114476976,1.0,1,7.705312013626099
1.0,1.0,,0.0,0.788157163746655,0.5634180282243682,16.89886308670044,0.5634180282243682,,1.0,1.1757745742797852,2.4504318237304688,0.3799999952316284,1.1265427,1.3571821,0.0005023387664166872,-0.015299587335774937,0.037563552914761995,1.0,1,8.504572868347168
1.0,1.0,,0.0,0.7830214790161699,0.5726636246322345,18.775800800323488,0.5726636246322345,,1.0,1.337883472442627,2.6083319187164307,0.36000001430511475,1.104767,1.2883234,0.009141722562993043,-0.027620040291123926,0.03258530096930946,1.0,1,9.834833145141602
1.0,1.0,,0.0,0.724245339334011,0.5326291091928269,17.770672359466552,0.5326291091928269,,1.0,0.5960074067115784,2.764894962310791,0.1599999964237213,1.0649468,1.4050114,0.018907591226357132,-0.040604489389175914,0.033923004817808446,1.0,1,8.918593883514404
