model_returned_smth,valid_cf_disc,dissimilarity_proximity_categorical_hamming,dissimilarity_proximity_categorical_jaccard,dissimilarity_proximity_continuous_manhatan,dissimilarity_proximity_continuous_euclidean,dissimilarity_proximity_continuous_mad,distance_l2_jaccard,distance_mad_hamming,sparsity,flow_log_density_cfs,flow_log_density_xs,flow_prob_condition_acc,lof_scores_xs,lof_scores_cfs,isolation_forest_scores_xs,isolation_forest_scores_cfs,plausibility,cf_belongs_to_group,K_vectors,time
1.0,1.0,,0.0,0.6588900727033615,0.4682188398135631,15.381654109954834,0.4682188398135631,,1.0,2.5808041095733643,2.5572762489318848,0.7599999904632568,1.081245,1.0825305,0.021507187379467187,0.0260329790125243,0.016326610232136423,1.0,1,20.95249605178833
1.0,1.0,,0.0,0.5950479492394611,0.42479772835688484,13.490974252874201,0.42479772835688484,,1.0,2.5696194171905518,2.5466699600219727,0.6868686676025391,1.1104611,1.109886,0.014526704205774217,0.01684169349762552,0.01412898395023341,1.0,1,20.644245862960815
1.0,1.0,,0.0,0.6689838761031025,0.4772967000957659,15.358299486564867,0.4772967000957659,,1.0,2.572429656982422,2.58982253074646,0.7979797720909119,1.0945401,1.079782,0.00849263980956731,0.019948136126927602,0.015494037808422076,1.0,1,22.396932125091553
1.0,1.0,,0.0,0.6406093233823776,0.4591216035012405,13.873239402770997,0.4591216035012405,,1.0,2.6200757026672363,2.6237659454345703,0.7799999713897705,1.0952984,1.0929159,0.012918845939383947,0.02164214561838214,0.014676472426067528,1.0,1,21.260353088378906
1.0,1.0,,0.0,0.6302476251366163,0.44878125965291077,14.184621560453165,0.44878125965291077,,1.0,2.672435998916626,2.674129009246826,0.7373737096786499,1.0883455,1.0791515,0.020116170263849476,0.021093109912114705,0.014752187051844612,1.0,1,16.831676959991455
