model_returned_smth,valid_cf_disc,dissimilarity_proximity_categorical_hamming,dissimilarity_proximity_categorical_jaccard,dissimilarity_proximity_continuous_manhatan,dissimilarity_proximity_continuous_euclidean,dissimilarity_proximity_continuous_mad,distance_l2_jaccard,distance_mad_hamming,sparsity,flow_log_density_cfs,flow_log_density_xs,flow_prob_condition_acc,lof_scores_xs,lof_scores_cfs,isolation_forest_scores_xs,isolation_forest_scores_cfs,plausibility,cf_belongs_to_group,K_vectors,time
1.0,1.0,,0.0,0.5089633876085281,0.363053171299214,12.137260494232178,0.363053171299214,,1.0,2.1642472743988037,2.50984263420105,1.0,1.1009139,1.118891,0.025461516575559597,0.019215812561286624,0.010124301766243751,1.0,100,15.072004079818726
1.0,1.0,,0.0,0.46747749793057397,0.3326893322153787,10.407037687773752,0.3326893322153787,,1.0,2.2823572158813477,2.543757438659668,1.0,1.1204797,1.1651167,0.017491037449952902,0.005344136084141581,0.014771172400292732,1.0,101,11.374125957489014
1.0,1.0,,0.0,0.5015682439402779,0.3574978466382582,11.983541233704821,0.3574978466382582,,1.0,2.293044328689575,2.71927809715271,1.0,1.063162,1.0640237,0.026827012615389504,0.015824446918165206,0.032492909517104374,1.0,101,11.182364225387573
1.0,1.0,,0.0,0.4917601679265499,0.349965588040568,11.370554976463318,0.349965588040568,,1.0,2.25919508934021,2.5996816158294678,1.0,1.1100901,1.0706154,0.02211196968840181,0.0252394945119749,0.020320724446712745,1.0,100,13.46099591255188
1.0,1.0,,0.0,0.4983799839019775,0.3558432177808604,12.097667808532714,0.3558432177808604,,1.0,2.252958297729492,2.5661706924438477,1.0,1.1123185,1.117435,0.01714651003811736,0.014134157058100925,0.01603702919327803,1.0,100,9.446535110473633
