model_returned_smth,valid_cf_disc,dissimilarity_proximity_categorical_hamming,dissimilarity_proximity_categorical_jaccard,dissimilarity_proximity_continuous_manhatan,dissimilarity_proximity_continuous_euclidean,dissimilarity_proximity_continuous_mad,distance_l2_jaccard,distance_mad_hamming,sparsity,flow_log_density_cfs,flow_log_density_xs,flow_prob_condition_acc,lof_scores_xs,lof_scores_cfs,isolation_forest_scores_xs,isolation_forest_scores_cfs,plausibility,cf_belongs_to_group,K_vectors,time
1.0,1.0,,0.0,0.8958945820014924,0.6443242664220743,21.350302848815918,0.6443242664220743,,1.0,2.6644527912139893,2.510976791381836,0.9200000166893005,1.1103203,1.0523623,0.00882005527489911,0.029886234542068294,0.01373857786039175,1.0,1,8.910977840423584
1.0,1.0,,0.0,0.8285893676057458,0.6067434940151614,17.90784867286682,0.6067434940151614,,1.0,2.707096576690674,2.657348394393921,0.8999999761581421,1.0919671,1.0809925,0.014477844390990946,0.021185713437698518,0.01358603052097198,1.0,1,15.637094259262085
1.0,1.0,,0.0,0.878361314125359,0.6442997031844011,18.368309392929078,0.6442997031844011,,1.0,2.744307518005371,2.4553382396698,0.8799999952316284,1.1265427,1.0603518,0.0005023387664166872,0.015622073302280364,0.013946257638774944,1.0,1,11.261786222457886
1.0,1.0,,0.0,0.883292528456077,0.6497191705534884,21.14330240249634,0.6497191705534884,,1.0,2.810197114944458,2.6226816177368164,0.9399999976158142,1.104767,1.0717448,0.009141722562993043,0.017213783876773168,0.012106779168981873,1.0,1,7.960019826889038
1.0,1.0,,0.0,0.8572831824421883,0.628586118287692,21.032798213958742,0.628586118287692,,1.0,2.766613483428955,2.764841318130493,0.9399999976158142,1.0649468,1.0699623,0.018907591226357132,0.02558797761104931,0.011646210059039406,1.0,1,12.89975905418396
