model_returned_smth,valid_cf_disc,dissimilarity_proximity_categorical_hamming,dissimilarity_proximity_categorical_jaccard,dissimilarity_proximity_continuous_manhatan,dissimilarity_proximity_continuous_euclidean,dissimilarity_proximity_continuous_mad,distance_l2_jaccard,distance_mad_hamming,sparsity,flow_log_density_cfs,flow_log_density_xs,flow_prob_condition_acc,lof_scores_xs,lof_scores_cfs,isolation_forest_scores_xs,isolation_forest_scores_cfs,plausibility,cf_belongs_to_group,K_vectors,time
1.0,1.0,,0.0,0.6131746119260788,0.4351792150620352,14.61989610671997,0.4351792150620352,,1.0,2.739363193511963,2.50984263420105,0.8899999856948853,1.1009139,1.0488269,0.025461516575559597,0.03205298413518634,0.013963575497021485,1.0,1,19.052626848220825
1.0,1.0,,0.0,0.5704585389040484,0.40704606891415923,12.586678920405927,0.40704606891415923,,1.0,2.8382139205932617,2.543757438659668,0.9009901285171509,1.1204797,1.0618742,0.017491037449952902,0.026076566573051973,0.011590690249215859,1.0,1,22.0826518535614
1.0,1.0,,0.0,0.5894202392290134,0.4220003057020126,13.98059890293839,0.4220003057020126,,1.0,2.8077471256256104,2.71927809715271,0.9405940771102905,1.063162,1.037122,0.026827012615389504,0.02613261020567436,0.013839806581783342,1.0,1,20.91953992843628
1.0,1.0,,0.0,0.6037582041323185,0.43244373193540625,13.909502058029174,0.43244373193540625,,1.0,2.9496800899505615,2.5996816158294678,0.9599999785423279,1.1100901,1.0295564,0.02211196968840181,0.03041677525944272,0.011074073267247164,1.0,1,29.367897033691406
1.0,1.0,,0.0,0.602120256125927,0.4300027356917566,14.544426641464234,0.4300027356917566,,1.0,2.843986749649048,2.5661706924438477,0.8999999761581421,1.1123185,1.0493582,0.01714651003811736,0.0326856097499495,0.011747411616557795,1.0,1,16.731160879135132
