model_returned_smth,valid_cf_disc,dissimilarity_proximity_categorical_hamming,dissimilarity_proximity_categorical_jaccard,dissimilarity_proximity_continuous_manhatan,dissimilarity_proximity_continuous_euclidean,dissimilarity_proximity_continuous_mad,distance_l2_jaccard,distance_mad_hamming,sparsity,flow_log_density_cfs,flow_log_density_xs,flow_prob_condition_acc,lof_scores_xs,lof_scores_cfs,isolation_forest_scores_xs,isolation_forest_scores_cfs,plausibility,cf_belongs_to_group,K_vectors,time
1.0,1.0,,0.0,0.5524226719141007,0.3906967858675871,13.234001598358155,0.3906967858675871,,1.0,1.7884553670883179,2.4905242919921875,0.47999998927116394,1.1009139,1.2024989,0.025461516575559597,0.011071834777490283,0.019559997367642648,1.0,1,7.308345079421997
1.0,1.0,,0.0,0.5150132487714291,0.36644712797377293,11.546308517456055,0.36644712797377293,,1.0,1.9739590883255005,2.5775132179260254,0.5600000023841858,1.1166955,1.1833886,0.01805977731676262,0.011668973990647287,0.017962478760904718,1.0,1,8.751905918121338
1.0,1.0,,0.0,0.4610210359096527,0.3260154846220792,11.77731736501058,0.3260154846220792,,1.0,1.2812821865081787,2.820326566696167,0.3030303120613098,1.0497113,1.2930646,0.02822090729441069,-0.011632174385767708,0.03322584516504576,1.0,1,7.354647874832153
1.0,1.0,,0.0,0.5892112235724926,0.416648805738742,13.653644742965698,0.416648805738742,,1.0,2.138857126235962,2.607419729232788,0.5199999809265137,1.1100901,1.1344126,0.02211196968840181,0.001030445891296225,0.020536978003741782,1.0,1,7.570653915405273
1.0,1.0,,0.0,0.5389982789754868,0.3812464590271693,13.192983951568603,0.3812464590271693,,1.0,1.8203511238098145,2.5765182971954346,0.49000000953674316,1.1123185,1.1880413,0.01714651003811736,0.004133311387266118,0.020590822004295337,1.0,1,7.541722059249878
