model_returned_smth,valid_cf_disc,dissimilarity_proximity_categorical_hamming,dissimilarity_proximity_categorical_jaccard,dissimilarity_proximity_continuous_manhatan,dissimilarity_proximity_continuous_euclidean,dissimilarity_proximity_continuous_mad,distance_l2_jaccard,distance_mad_hamming,sparsity,flow_log_density_cfs,flow_log_density_xs,flow_prob_condition_acc,lof_scores_xs,lof_scores_cfs,isolation_forest_scores_xs,isolation_forest_scores_cfs,plausibility,cf_belongs_to_group,K_vectors,time
1.0,1.0,,0.0,0.5340779027342797,0.37845548568917825,12.752806634902955,0.37845548568917825,,1.0,1.9720388650894165,2.50984263420105,0.44999998807907104,1.1009139,1.18403,0.025461516575559597,0.012560013772686453,0.017599688703291344,1.0,1,6.827028036117554
1.0,1.0,,0.0,0.5354029561328416,0.3793753055852789,11.907706411758271,0.3793753055852789,,1.0,2.5470173358917236,2.543757438659668,0.7524752616882324,1.1204797,1.1224377,0.017491037449952902,0.015484599818848904,0.015227983812008728,1.0,1,6.928455114364624
1.0,1.0,,0.0,0.548061725526753,0.38821019177398297,13.166040175031908,0.38821019177398297,,1.0,2.3655574321746826,2.71927809715271,0.594059407711029,1.063162,1.0757291,0.026827012615389504,0.012233505818778488,0.021293174042403815,1.0,1,6.897575855255127
1.0,1.0,,0.0,0.563942952901125,0.3996741299355912,13.038712005615235,0.3996741299355912,,1.0,2.592968463897705,2.5996816158294678,0.7799999713897705,1.1100901,1.0642561,0.02211196968840181,0.022694150572571833,0.014597009418768432,1.0,1,6.786890029907227
1.0,1.0,,0.0,0.5008077049255371,0.3545996745117464,12.220901737213135,0.3545996745117464,,1.0,1.6433407068252563,2.5661706924438477,0.33000001311302185,1.1123185,1.1931927,0.01714651003811736,-0.003311460357333551,0.020923499900613294,1.0,1,6.805102109909058
