model_returned_smth,valid_cf_disc,dissimilarity_proximity_categorical_hamming,dissimilarity_proximity_categorical_jaccard,dissimilarity_proximity_continuous_manhatan,dissimilarity_proximity_continuous_euclidean,dissimilarity_proximity_continuous_mad,distance_l2_jaccard,distance_mad_hamming,sparsity,flow_log_density_cfs,flow_log_density_xs,flow_prob_condition_acc,lof_scores_xs,lof_scores_cfs,isolation_forest_scores_xs,isolation_forest_scores_cfs,plausibility,cf_belongs_to_group,K_vectors,time
1.0,1.0,,0.0,0.474449059991166,0.35304488209248314,11.296178822517396,0.35304488209248314,,1.0,-8.385778427124023,2.510976791381836,0.0,1.1103203,2.8605096,0.00882005527489911,-0.10985113367989577,0.1724395222854132,1.0,100,7.0532920360565186
1.0,1.0,,0.0,0.4265772940590978,0.3308260836522552,8.931480665206909,0.3308260836522552,,1.0,-5.988765716552734,2.657348394393921,0.0,1.0919671,2.8619995,0.014477844390990946,-0.0995248523989967,0.18390251922142745,1.0,100,6.692426919937134
1.0,1.0,,0.0,0.44343360383063557,0.3475861720860765,8.977210533618926,0.3475861720860765,,1.0,-9.429301261901855,2.4553382396698,0.0,1.1265427,2.8775468,0.0005023387664166872,-0.10391614400456413,0.17548828680263323,1.0,100,6.614457845687866
1.0,1.0,,0.0,0.4459317327197641,0.3483014586071136,10.548806900978088,0.3483014586071136,,1.0,-9.117432594299316,2.6226816177368164,0.0,1.104767,2.9039924,0.009141722562993043,-0.1251346660621965,0.21051944313072596,1.0,100,6.64134407043457
1.0,1.0,,0.0,0.475611352622509,0.35363238606596553,11.668854336738587,0.35363238606596553,,1.0,-9.2093505859375,2.764841318130493,0.0,1.0649468,2.7459085,0.018907591226357132,-0.11256517892330134,0.1741868249341282,1.0,100,6.6122519969940186
