model_returned_smth,valid_cf_disc,dissimilarity_proximity_categorical_hamming,dissimilarity_proximity_categorical_jaccard,dissimilarity_proximity_continuous_manhatan,dissimilarity_proximity_continuous_euclidean,dissimilarity_proximity_continuous_mad,distance_l2_jaccard,distance_mad_hamming,sparsity,flow_log_density_cfs,flow_log_density_xs,flow_prob_condition_acc,lof_scores_xs,lof_scores_cfs,isolation_forest_scores_xs,isolation_forest_scores_cfs,plausibility,cf_belongs_to_group,K_vectors,time
1.0,1.0,,0.0,0.6210673123877496,0.4416579828391466,14.812878684997559,0.4416579828391466,,1.0,-2.7995734214782715,2.536311388015747,0.0,1.1103203,2.3057477,0.00882005527489911,-0.07654173593484657,0.09040617212415,1.0,1,7.435189962387085
1.0,1.0,,0.0,0.612071494795382,0.43712577616713766,13.590673894882203,0.43712577616713766,,1.0,-2.2232887744903564,2.659529209136963,0.0,1.0919671,2.031714,0.014477844390990946,-0.06790177714164528,0.0788282537181246,1.0,1,7.43831205368042
1.0,1.0,,0.0,0.6074528994038702,0.436410062837777,12.945720176696778,0.436410062837777,,1.0,-2.0049283504486084,2.4504318237304688,0.0,1.1265427,2.144088,0.0005023387664166872,-0.06797679156906809,0.08217550728985602,1.0,1,7.423369407653809
1.0,1.0,,0.0,0.6076539496239275,0.44320061850668446,14.58341031074524,0.44320061850668446,,1.0,-2.3202104568481445,2.6083319187164307,0.009999999776482582,1.104767,2.0741448,0.009141722562993043,-0.10541806142707952,0.11325854375144917,1.0,1,7.391770839691162
1.0,1.0,,0.0,0.5896772453188897,0.43176564273927054,14.466561946868897,0.43176564273927054,,1.0,-2.8429105281829834,2.764894962310791,0.0,1.0649468,2.219019,0.018907591226357132,-0.08912289904550687,0.09658766311592297,1.0,1,7.39951491355896
