model_returned_smth,valid_cf_disc,dissimilarity_proximity_categorical_hamming,dissimilarity_proximity_categorical_jaccard,dissimilarity_proximity_continuous_manhatan,dissimilarity_proximity_continuous_euclidean,dissimilarity_proximity_continuous_mad,distance_l2_jaccard,distance_mad_hamming,sparsity,flow_log_density_cfs,flow_log_density_xs,flow_prob_condition_acc,lof_scores_xs,lof_scores_cfs,isolation_forest_scores_xs,isolation_forest_scores_cfs,plausibility,cf_belongs_to_group,K_vectors,time
1.0,1.0,,0.0,0.6057275456190109,0.43068347172177035,14.12505344390869,0.43068347172177035,,1.0,2.7247989177703857,2.5572762489318848,0.9100000262260437,1.081245,1.0468678,0.021507187379467187,0.037488844308422295,0.014668151194804717,1.0,1,19.11106014251709
1.0,1.0,,0.0,0.5560305356377303,0.3966953604648486,12.609406644647772,0.3966953604648486,,1.0,2.7890279293060303,2.5466699600219727,0.8484848737716675,1.1104611,1.1007742,0.014526704205774217,0.021575676728657962,0.012569233880588138,1.0,1,17.037224054336548
1.0,1.0,,0.0,0.5997565816147159,0.42692191915247124,13.815461293615476,0.42692191915247124,,1.0,2.7908833026885986,2.58982253074646,0.868686854839325,1.0945401,1.0524099,0.00849263980956731,0.03684057613154947,0.012806472663846033,1.0,1,17.906322956085205
1.0,1.0,,0.0,0.5969460335373878,0.4281445721608702,12.921927804946899,0.4281445721608702,,1.0,2.810209035873413,2.6237659454345703,0.8700000047683716,1.0952984,1.0666826,0.012918845939383947,0.032351583312808074,0.01357086433328873,1.0,1,22.106940031051636
1.0,1.0,,0.0,0.5847979386647543,0.4159917199564278,13.177955203586155,0.4159917199564278,,1.0,2.837710380554199,2.674129009246826,0.9292929172515869,1.0883455,1.045827,0.020116170263849476,0.030069743967874325,0.013548474084848102,1.0,1,20.207069873809814
