model_returned_smth,valid_cf_disc,dissimilarity_proximity_categorical_hamming,dissimilarity_proximity_categorical_jaccard,dissimilarity_proximity_continuous_manhatan,dissimilarity_proximity_continuous_euclidean,dissimilarity_proximity_continuous_mad,distance_l2_jaccard,distance_mad_hamming,sparsity,flow_log_density_cfs,flow_log_density_xs,flow_prob_condition_acc,lof_scores_xs,lof_scores_cfs,isolation_forest_scores_xs,isolation_forest_scores_cfs,plausibility,cf_belongs_to_group,K_vectors,time
1.0,0.9900990128517151,,0.0,0.5454335233569145,0.3892053495018511,12.741498398780823,0.3892053495018511,,1.0,2.3304245471954346,2.5589895248413086,0.9100000262260437,1.0861902,1.0802616,0.020813280660864,0.015614803451713129,0.018436190081110575,0.9801980198019802,7,176.28128480911255
1.0,0.9803921580314636,,0.0,0.582758809030056,0.4170428435742122,13.181216163635254,0.4170428435742122,,1.0,3.030944585800171,2.505185604095459,1.0,1.1192831,1.0567228,0.012805909587813535,0.03315284287500486,0.012625108681413089,1.0,13,29.206181049346924
1.0,1.0,,0.0,0.641221828389876,0.4595022471550657,14.491838323007716,0.4595022471550657,,1.0,2.9746499061584473,2.4909613132476807,1.0,1.107103,1.0267015,0.007489403892622229,0.040647924497854517,0.01125057263206288,1.0,8,24.44845175743103
1.0,1.0,,0.0,0.6081614008545876,0.43705273223421726,13.177703008651733,0.43705273223421726,,1.0,2.936713218688965,2.6214258670806885,0.9800000190734863,1.0952984,1.0453134,0.012918845939383947,0.03649999691345643,0.011428132781447083,1.0,9,24.212485313415527
1.0,1.0,,0.0,0.6325422940832196,0.44936020600647103,14.311385241421787,0.44936020600647103,,1.0,2.9116978645324707,2.654728412628174,0.9494949579238892,1.0883455,1.0475056,0.020116170263849476,0.027568958659587285,0.01300712883400532,1.0,8,25.79423999786377
