model_returned_smth,valid_cf_disc,dissimilarity_proximity_categorical_hamming,dissimilarity_proximity_categorical_jaccard,dissimilarity_proximity_continuous_manhatan,dissimilarity_proximity_continuous_euclidean,dissimilarity_proximity_continuous_mad,distance_l2_jaccard,distance_mad_hamming,sparsity,flow_log_density_cfs,flow_log_density_xs,flow_prob_condition_acc,lof_scores_xs,lof_scores_cfs,isolation_forest_scores_xs,isolation_forest_scores_cfs,plausibility,cf_belongs_to_group,K_vectors,time
1.0,1.0,,0.0,0.4563255640864372,0.32380711148422625,10.882818737030028,0.32380711148422625,,1.0,0.8692942261695862,2.50984263420105,0.0,1.1009139,1.3884943,0.025461516575559597,-0.014313833997071361,0.03105896100260214,1.0,100,6.803663730621338
1.0,1.0,,0.0,0.4406006252116496,0.3125431398266584,9.783542319099501,0.3125431398266584,,1.0,1.4524362087249756,2.543757438659668,0.0,1.1204797,1.3115205,0.017491037449952902,-0.014200620407601085,0.017538237805242277,1.0,101,6.2800750732421875
1.0,1.0,,0.0,0.4727164698709356,0.33517291119922166,11.335516356005527,0.33517291119922166,,1.0,1.553679347038269,2.71927809715271,0.0,1.063162,1.1563302,0.026827012615389504,-0.009590059262856923,0.032761789671608636,1.0,101,6.307240962982178
1.0,1.0,,0.0,0.46040468439459803,0.3267643839559215,10.637672295570374,0.3267643839559215,,1.0,1.491227626800537,2.5996816158294678,0.0,1.1100901,1.2191495,0.02211196968840181,0.0007751823357771991,0.026794317929624726,1.0,100,6.4052894115448
1.0,1.0,,0.0,0.41600303471088407,0.29477301707099207,10.138223376274109,0.29477301707099207,,1.0,0.20779158174991608,2.5661706924438477,0.0,1.1123185,1.3577367,0.01714651003811736,-0.03575335744516945,0.04811214146503834,1.0,100,6.376340866088867
