model_returned_smth,valid_cf_disc,dissimilarity_proximity_categorical_hamming,dissimilarity_proximity_categorical_jaccard,dissimilarity_proximity_continuous_manhatan,dissimilarity_proximity_continuous_euclidean,dissimilarity_proximity_continuous_mad,distance_l2_jaccard,distance_mad_hamming,sparsity,flow_log_density_cfs,flow_log_density_xs,flow_prob_condition_acc,lof_scores_xs,lof_scores_cfs,isolation_forest_scores_xs,isolation_forest_scores_cfs,plausibility,cf_belongs_to_group,K_vectors,time
1.0,1.0,,0.0,0.949516889480874,0.6827659282160647,22.6284259223938,0.6827659282160647,,1.0,2.5225670337677,2.510976791381836,0.7799999713897705,1.1103203,1.0879081,0.00882005527489911,0.022232376469689202,0.016224127857687606,1.0,1,12.6369788646698
1.0,1.0,,0.0,0.8890586814656853,0.6505877633738645,19.225795402526856,0.6505877633738645,,1.0,2.6381614208221436,2.657348394393921,0.7400000095367432,1.0919671,1.0884718,0.014477844390990946,0.019003094765558698,0.014480659086390159,1.0,1,9.490679740905762
1.0,1.0,,0.0,0.9440300442650914,0.6941828822044223,19.704353218078612,0.6941828822044223,,1.0,2.4541051387786865,2.4553382396698,0.6899999976158142,1.1265427,1.0964575,0.0005023387664166872,0.0016720493398660252,0.016990247100417744,1.0,1,15.523198127746582
1.0,1.0,,0.0,0.9535729298647493,0.7004891532071023,22.834506797790528,0.7004891532071023,,1.0,2.6234617233276367,2.6226816177368164,0.7900000214576721,1.104767,1.1002314,0.009141722562993043,0.012197890225665975,0.01549181221524483,1.0,1,15.254843950271606
1.0,1.0,,0.0,0.932201090157032,0.6839577835680731,22.87137409210205,0.6839577835680731,,1.0,2.7888693809509277,2.764841318130493,0.8399999737739563,1.0649468,1.0710685,0.018907591226357132,0.02277444436866106,0.012664247038038668,1.0,1,15.076279163360596
