model_returned_smth,valid_cf_disc,dissimilarity_proximity_categorical_hamming,dissimilarity_proximity_categorical_jaccard,dissimilarity_proximity_continuous_manhatan,dissimilarity_proximity_continuous_euclidean,dissimilarity_proximity_continuous_mad,distance_l2_jaccard,distance_mad_hamming,sparsity,flow_log_density_cfs,flow_log_density_xs,flow_prob_condition_acc,lof_scores_xs,lof_scores_cfs,isolation_forest_scores_xs,isolation_forest_scores_cfs,plausibility,cf_belongs_to_group,K_vectors,time
1.0,1.0,,0.0,0.5142454153299332,0.36399609137908084,12.348673667907715,0.36399609137908084,,1.0,1.4827172756195068,2.5572762489318848,0.3499999940395355,1.081245,1.190061,0.021507187379467187,-0.001569791385722013,0.0232592365940762,1.0,1,6.747994899749756
1.0,1.0,,0.0,0.5030349748905258,0.3561690485515557,11.516838160428135,0.3561690485515557,,1.0,1.862472653388977,2.5466699600219727,0.5555555820465088,1.1104611,1.2700008,0.014526704205774217,-0.025341339790241616,0.01853414576500447,1.0,1,6.8534321784973145
1.0,1.0,,0.0,0.5326575326799142,0.37701179417533526,12.622654828158291,0.37701179417533526,,1.0,1.9604625701904297,2.58982253074646,0.5050504803657532,1.0945401,1.1528348,0.00849263980956731,0.0019956521532121046,0.027328952957430326,1.0,1,6.765112638473511
1.0,1.0,,0.0,0.5317874327301979,0.37656019201924246,11.76211106300354,0.37656019201924246,,1.0,1.6738516092300415,2.6237659454345703,0.46000000834465027,1.0952984,1.1734921,0.012918845939383947,-0.011527365209929556,0.026248431329157818,1.0,1,6.79913330078125
1.0,1.0,,0.0,0.4805161814496975,0.33998972751628237,11.041185051503808,0.33998972751628237,,1.0,1.452903151512146,2.674129009246826,0.2929292917251587,1.0883455,1.2074326,0.020116170263849476,-0.01777900069315728,0.02806147960864415,1.0,1,6.633595943450928
