model_returned_smth,valid_cf_disc,dissimilarity_proximity_categorical_hamming,dissimilarity_proximity_categorical_jaccard,dissimilarity_proximity_continuous_manhatan,dissimilarity_proximity_continuous_euclidean,dissimilarity_proximity_continuous_mad,distance_l2_jaccard,distance_mad_hamming,sparsity,flow_log_density_cfs,flow_log_density_xs,flow_prob_condition_acc,lof_scores_xs,lof_scores_cfs,isolation_forest_scores_xs,isolation_forest_scores_cfs,plausibility,cf_belongs_to_group,K_vectors,time
1.0,1.0,,0.0,0.5506422182917595,0.38939529985362675,13.140896673202514,0.38939529985362675,,1.0,1.9612226486206055,2.5589895248413086,0.5799999833106995,1.081245,1.1602277,0.021507187379467187,0.0076593791862055735,0.02183626010240128,1.0,1,7.276069164276123
1.0,1.0,,0.0,0.5695117104053498,0.4027059123235648,12.969756355285645,0.4027059123235648,,1.0,2.1000442504882812,2.505185604095459,0.550000011920929,1.1143454,1.2209136,0.013987607671406286,-0.013464219908263459,0.01862478226157014,1.0,1,8.767933368682861
1.0,1.0,,0.0,0.6634685161090134,0.4691735340009504,15.424161911010742,0.4691735340009504,,1.0,1.9459244012832642,2.4909613132476807,0.5742574334144592,1.107103,1.1959211,0.007489403892622229,-0.010146344962706427,0.023529253063239556,1.0,1,9.806628942489624
1.0,1.0,,0.0,0.5444770151376724,0.3850298820785477,11.995148067474366,0.3850298820785477,,1.0,1.6432055234909058,2.6214258670806885,0.46000000834465027,1.0952984,1.181973,0.012918845939383947,-0.007001015899803593,0.025991837717936794,1.0,1,7.294588088989258
1.0,1.0,,0.0,0.5387534803212292,0.380969009734117,12.334435530383178,0.380969009734117,,1.0,1.8061944246292114,2.654728412628174,0.4343434274196625,1.0883455,1.1501855,0.020116170263849476,-0.004351131777645008,0.024164928470608405,1.0,1,7.39176607131958
