model_returned_smth,valid_cf_disc,dissimilarity_proximity_categorical_hamming,dissimilarity_proximity_categorical_jaccard,dissimilarity_proximity_continuous_manhatan,dissimilarity_proximity_continuous_euclidean,dissimilarity_proximity_continuous_mad,distance_l2_jaccard,distance_mad_hamming,sparsity,flow_log_density_cfs,flow_log_density_xs,flow_prob_condition_acc,lof_scores_xs,lof_scores_cfs,isolation_forest_scores_xs,isolation_forest_scores_cfs,plausibility,cf_belongs_to_group,K_vectors,time
1.0,1.0,,0.0,0.6198561062198132,0.4438762400423271,14.777295961380005,0.4438762400423271,,1.0,-2.5519723892211914,2.536311388015747,0.009999999776482582,1.1103203,2.250156,0.00882005527489911,-0.07869613315739295,0.08771027998205992,1.0,9,62.01081609725952
1.0,1.0,,0.0,0.6102930644527078,0.4429748826312319,13.315636529922486,0.4429748826312319,,1.0,-1.8303859233856201,2.659529209136963,0.0,1.0919671,1.9826686,0.014477844390990946,-0.07657006285277163,0.07513821638746397,1.0,9,69.49699521064758
1.0,1.0,,0.0,0.607661048360169,0.442187961692932,12.798352308273316,0.442187961692932,,1.0,-1.8591290712356567,2.4504318237304688,0.0,1.1265427,2.0867844,0.0005023387664166872,-0.0732986898343026,0.07581864003860864,1.0,10,74.15289807319641
1.0,1.0,,0.0,0.6390533951576799,0.4620994427064194,15.398799695968627,0.4620994427064194,,1.0,-1.6096978187561035,2.6083319187164307,0.009999999776482582,1.104767,1.8742094,0.009141722562993043,-0.08892979792970969,0.0994455182903725,1.0,10,52.51515579223633
1.0,1.0,,0.0,0.5898110592365264,0.43925900180476085,14.476546945571899,0.43925900180476085,,1.0,-2.767606258392334,2.764894962310791,0.0,1.0649468,2.1722455,0.018907591226357132,-0.0927146433802639,0.09518623081511514,1.0,8,62.08349585533142
