model_returned_smth,valid_cf_disc,dissimilarity_proximity_categorical_hamming,dissimilarity_proximity_categorical_jaccard,dissimilarity_proximity_continuous_manhatan,dissimilarity_proximity_continuous_euclidean,dissimilarity_proximity_continuous_mad,distance_l2_jaccard,distance_mad_hamming,sparsity,flow_log_density_cfs,flow_log_density_xs,flow_prob_condition_acc,lof_scores_xs,lof_scores_cfs,isolation_forest_scores_xs,isolation_forest_scores_cfs,plausibility,cf_belongs_to_group,K_vectors,time
1.0,1.0,,0.0,0.5132601922750473,0.3649430995507143,12.10361418247223,0.3649430995507143,,1.0,2.237757921218872,2.5572762489318848,1.0,1.081245,1.0595951,0.021507187379467187,0.017338197789411636,0.01602999102332486,1.0,100,6.03724217414856
1.0,1.0,,0.0,0.45786046018504134,0.3260725246900527,10.419166189251523,0.3260725246900527,,1.0,2.354081630706787,2.5466699600219727,1.0,1.1104611,1.0919443,0.014526704205774217,-0.010505625760383957,0.015725084725683142,1.0,99,6.012809991836548
1.0,1.0,,0.0,0.5001711848408285,0.35625103932235624,11.611619356906775,0.35625103932235624,,1.0,2.362065553665161,2.58982253074646,1.0,1.0945401,1.0499508,0.00849263980956731,0.020572869845767026,0.02574344142279466,1.0,99,6.0859339237213135
1.0,1.0,,0.0,0.4885594007372856,0.34880987040687195,10.66550691127777,0.34880987040687195,,1.0,2.3217554092407227,2.6237659454345703,1.0,1.0952984,1.10388,0.012918845939383947,0.014752746672489608,0.01089319162394495,1.0,100,6.069334983825684
1.0,1.0,,0.0,0.483154760165648,0.3445335304388189,10.929687914222178,0.3445335304388189,,1.0,2.315812349319458,2.674129009246826,1.0,1.0883455,1.0600014,0.020116170263849476,0.00726203170721489,0.013338879331341973,1.0,99,6.08569598197937
