model_returned_smth,valid_cf_disc,dissimilarity_proximity_categorical_hamming,dissimilarity_proximity_categorical_jaccard,dissimilarity_proximity_continuous_manhatan,dissimilarity_proximity_continuous_euclidean,dissimilarity_proximity_continuous_mad,distance_l2_jaccard,distance_mad_hamming,sparsity,flow_log_density_cfs,flow_log_density_xs,flow_prob_condition_acc,lof_scores_xs,lof_scores_cfs,isolation_forest_scores_xs,isolation_forest_scores_cfs,plausibility,cf_belongs_to_group,K_vectors,time
1.0,1.0,,0.0,0.4355507844686508,0.30802442072667957,10.436254329681397,0.30802442072667957,,1.0,0.191730797290802,2.4905242919921875,0.10000000149011612,1.1009139,1.4763817,0.025461516575559597,-0.02060324819820887,0.03840944927296511,1.0,1,7.672947883605957
1.0,1.0,,0.0,0.39165576741099356,0.27727392383191396,8.838120121955871,0.27727392383191396,,1.0,-0.10558483004570007,2.5775132179260254,0.05000000074505806,1.1166955,1.471688,0.01805977731676262,-0.025808793578522175,0.0336119394046967,1.0,1,7.650809049606323
1.0,1.0,,0.0,0.38257333244940245,0.27052808558794667,9.77772814818103,0.27052808558794667,,1.0,0.04462471976876259,2.820326566696167,0.04040404036641121,1.0497113,1.5528327,0.02822090729441069,-0.027622317842670805,0.04749817780759159,1.0,1,7.526593923568726
1.0,1.0,,0.0,0.43756305173039434,0.3094190717423475,10.138821754455567,0.3094190717423475,,1.0,0.7921984195709229,2.607419729232788,0.10999999940395355,1.1100901,1.2602634,0.02211196968840181,-0.012675186601979336,0.03966051316259734,1.0,1,7.4778149127960205
1.0,1.0,,0.0,0.4514214837551117,0.31926728008273764,11.055292196273804,0.31926728008273764,,1.0,0.8204485177993774,2.5765182971954346,0.14000000059604645,1.1123185,1.3120751,0.01714651003811736,-0.01934147720593298,0.030860774852277055,1.0,1,7.398756980895996
