model_returned_smth,valid_cf_disc,dissimilarity_proximity_categorical_hamming,dissimilarity_proximity_categorical_jaccard,dissimilarity_proximity_continuous_manhatan,dissimilarity_proximity_continuous_euclidean,dissimilarity_proximity_continuous_mad,distance_l2_jaccard,distance_mad_hamming,sparsity,flow_log_density_cfs,flow_log_density_xs,flow_prob_condition_acc,lof_scores_xs,lof_scores_cfs,isolation_forest_scores_xs,isolation_forest_scores_cfs,plausibility,cf_belongs_to_group,K_vectors,time
1.0,1.0,,0.0,0.47492980837821963,0.33582798142477577,11.306662473678589,0.33582798142477577,,1.0,1.2311878204345703,2.5589895248413086,0.3100000023841858,1.081245,1.2961067,0.021507187379467187,-0.011543173742129782,0.025506429275170963,1.0,9,51.795361042022705
1.0,1.0,,0.0,0.4706947550177574,0.33283361875035794,10.716927890777589,0.33283361875035794,,1.0,1.6942814588546753,2.505185604095459,0.38999998569488525,1.1143454,1.2795625,0.013987607671406286,-0.02030418113849061,0.020672601739685374,1.0,10,48.38773036003113
1.0,1.0,,0.0,0.5199554099304842,0.36766722389809553,12.072089582386583,0.36766722389809553,,1.0,1.4122824668884277,2.4909613132476807,0.31683167815208435,1.107103,1.1835427,0.007489403892622229,0.004347671872360482,0.025491463254497977,1.0,11,51.28269290924072
1.0,1.0,,0.0,0.4791041588783264,0.33877943811300787,10.542265901565552,0.33877943811300787,,1.0,1.292687177658081,2.6214258670806885,0.25,1.0952984,1.2234397,0.012918845939383947,-0.014807208604984808,0.02655210780241906,1.0,10,50.097734212875366
1.0,1.0,,0.0,0.45215359601107513,0.3197283513337335,10.332914665491893,0.3197283513337335,,1.0,0.8645085096359253,2.654728412628174,0.16161616146564484,1.0883455,1.2748904,0.020116170263849476,-0.021254823606828566,0.03650572792999216,1.0,8,55.65169310569763
