model_returned_smth,valid_cf_disc,dissimilarity_proximity_categorical_hamming,dissimilarity_proximity_categorical_jaccard,dissimilarity_proximity_continuous_manhatan,dissimilarity_proximity_continuous_euclidean,dissimilarity_proximity_continuous_mad,distance_l2_jaccard,distance_mad_hamming,sparsity,flow_log_density_cfs,flow_log_density_xs,flow_prob_condition_acc,lof_scores_xs,lof_scores_cfs,isolation_forest_scores_xs,isolation_forest_scores_cfs,plausibility,cf_belongs_to_group,K_vectors,time
1.0,1.0,,0.0,0.5901203364133835,0.41919248442861906,13.786784000396729,0.41919248442861906,,1.0,2.684033155441284,2.5589895248413086,0.8999999761581421,1.081245,1.0526093,0.021507187379467187,0.03342629979248743,0.014408950445466317,1.0,1,9.393954038619995
1.0,1.0,,0.0,0.5561356976628303,0.3969649926225951,12.57552186012268,0.3969649926225951,,1.0,2.7842910289764404,2.505185604095459,0.8600000143051147,1.1143454,1.0985798,0.013987607671406286,0.02237851777556491,0.013496634862663842,1.0,1,6.918504953384399
1.0,0.9901960492134094,,0.0,0.6187188610582068,0.4416233899719494,14.016251875622437,0.4416233899719494,,1.0,2.793809413909912,2.4909613132476807,0.8910890817642212,1.109099,1.0475744,0.0070735287194365745,0.037982692910038,0.013400691655536142,1.0,1,10.478164911270142
1.0,1.0,,0.0,0.58739740639925,0.4226810038628653,12.691750345230103,0.4226810038628653,,1.0,2.8141536712646484,2.6214258670806885,0.8799999952316284,1.0952984,1.0802014,0.012918845939383947,0.030368619009896528,0.013695364960615122,1.0,1,8.37352705001831
1.0,1.0,,0.0,0.5953205962373753,0.42344494316414527,13.416348361005687,0.42344494316414527,,1.0,2.848033905029297,2.654728412628174,0.939393937587738,1.0883455,1.0444527,0.020116170263849476,0.03245576609241151,0.01369487511731048,1.0,1,9.914667129516602
