model_returned_smth,valid_cf_disc,dissimilarity_proximity_categorical_hamming,dissimilarity_proximity_categorical_jaccard,dissimilarity_proximity_continuous_manhatan,dissimilarity_proximity_continuous_euclidean,dissimilarity_proximity_continuous_mad,distance_l2_jaccard,distance_mad_hamming,sparsity,flow_log_density_cfs,flow_log_density_xs,flow_prob_condition_acc,lof_scores_xs,lof_scores_cfs,isolation_forest_scores_xs,isolation_forest_scores_cfs,plausibility,cf_belongs_to_group,K_vectors,time
1.0,1.0,,0.0,0.6472323118429631,0.5046452725353187,15.379957704544067,0.5046452725353187,,1.0,-2.8300108909606934,2.510976791381836,0.019999999552965164,1.1103203,2.210342,0.00882005527489911,-0.09404880156090895,0.09503387578631689,1.0,1,10.798808813095093
1.0,1.0,,0.0,0.5861011174693703,0.48233548201719223,11.77814564704895,0.48233548201719223,,1.0,-3.7273037433624268,2.657348394393921,0.029999999329447746,1.0919671,2.5566764,0.014477844390990946,-0.09785985941122062,0.09085934759608144,1.0,1,8.988914966583252
1.0,1.0,,0.0,0.6810225099697709,0.5416634002825212,13.5657426738739,0.5416634002825212,,1.0,-2.008396625518799,2.4553382396698,0.03999999910593033,1.1265427,1.9909226,0.0005023387664166872,-0.07928431024397344,0.0551149180304798,1.0,1,8.779134035110474
1.0,1.0,,0.0,0.6514607518073171,0.5526987116516141,15.138115692138673,0.5526987116516141,,1.0,-5.249574184417725,2.6226816177368164,0.009999999776482582,1.104767,2.695007,0.009141722562993043,-0.1258413955559022,0.12255552093795119,1.0,1,11.652430772781372
1.0,1.0,,0.0,0.6480121622979641,0.515058767752844,15.933000564575195,0.515058767752844,,1.0,-2.7642102241516113,2.764841318130493,0.009999999776482582,1.0649468,2.0314858,0.018907591226357132,-0.09697024891876675,0.08231720490099746,1.0,1,10.772871017456055
