model_returned_smth,valid_cf_disc,dissimilarity_proximity_categorical_hamming,dissimilarity_proximity_categorical_jaccard,dissimilarity_proximity_continuous_manhatan,dissimilarity_proximity_continuous_euclidean,dissimilarity_proximity_continuous_mad,distance_l2_jaccard,distance_mad_hamming,sparsity,flow_log_density_cfs,flow_log_density_xs,flow_prob_condition_acc,lof_scores_xs,lof_scores_cfs,isolation_forest_scores_xs,isolation_forest_scores_cfs,plausibility,cf_belongs_to_group,K_vectors,time
1.0,1.0,,0.0,0.5500949262361974,0.4281852387370569,13.07288724899292,0.4281852387370569,,1.0,-5.301636219024658,2.510976791381836,0.009999999776482582,1.1103203,2.7184472,0.00882005527489911,-0.10549373452226865,0.1329009314091222,1.0,10,52.40217304229736
1.0,1.0,,0.0,0.47381277222186324,0.4015989725880908,9.385630030632019,0.4015989725880908,,1.0,-6.513155460357666,2.657348394393921,0.0,1.0919671,3.145282,0.014477844390990946,-0.10432130902642124,0.13684610315086831,1.0,8,49.42410683631897
1.0,1.0,,0.0,0.5179936343804001,0.4161578928555422,10.2710764503479,0.4161578928555422,,1.0,-6.506308078765869,2.4553382396698,0.0,1.1265427,2.6311333,0.0005023387664166872,-0.09780152779003011,0.1259623617258362,1.0,11,113.3328309059143
1.0,1.0,,0.0,0.5072617637272924,0.42919808108150304,11.795044193267822,0.42919808108150304,,1.0,-8.584002494812012,2.6226816177368164,0.0,1.104767,3.0983095,0.009141722562993043,-0.12687694282801631,0.18167295232455674,1.0,8,71.8525550365448
1.0,1.0,,0.0,0.5204294937849044,0.4145851895017415,12.796393032073974,0.4145851895017415,,1.0,-7.965673923492432,2.764841318130493,0.0,1.0649468,2.7277975,0.018907591226357132,-0.10982117240265216,0.1440598835945621,1.0,9,66.46670484542847
