model_returned_smth,valid_cf_disc,dissimilarity_proximity_categorical_hamming,dissimilarity_proximity_categorical_jaccard,dissimilarity_proximity_continuous_manhatan,dissimilarity_proximity_continuous_euclidean,dissimilarity_proximity_continuous_mad,distance_l2_jaccard,distance_mad_hamming,sparsity,flow_log_density_cfs,flow_log_density_xs,flow_prob_condition_acc,lof_scores_xs,lof_scores_cfs,isolation_forest_scores_xs,isolation_forest_scores_cfs,plausibility,cf_belongs_to_group,K_vectors,time
1.0,1.0,,0.0,0.6128897732496261,0.4349053736913177,14.615148887634277,0.4349053736913177,,1.0,2.717461347579956,2.4905242919921875,0.8999999761581421,1.1009139,1.0479904,0.025461516575559597,0.03161910592631705,0.014159200626637874,1.0,1,8.291226863861084
1.0,1.0,,0.0,0.5798514364659786,0.4137261718026838,12.969224863052368,0.4137261718026838,,1.0,2.863131523132324,2.5775132179260254,0.8999999761581421,1.1166955,1.0574132,0.01805977731676262,0.02785792816623797,0.010601889778571516,1.0,1,7.345126152038574
1.0,0.9900000095367432,,0.0,0.5766029770326133,0.4125473536272545,14.522619314868042,0.4125473536272545,,1.0,2.8036680221557617,2.820326566696167,0.9595959782600403,1.0568079,1.0428017,0.0274196584725767,0.023327074612868696,0.016720104322795675,1.0,1,14.779735088348389
1.0,1.0,,0.0,0.5969848285615444,0.4275686312395282,13.75364010810852,0.4275686312395282,,1.0,2.9238367080688477,2.607419729232788,0.9599999785423279,1.1100901,1.0306945,0.02211196968840181,0.03090046273418228,0.011097112100633258,1.0,1,19.316763877868652
1.0,1.0,,0.0,0.5865403413772583,0.4192085233853632,14.159023914337158,0.4192085233853632,,1.0,2.847405433654785,2.5765182971954346,0.9200000166893005,1.1123185,1.0561854,0.01714651003811736,0.030749138393971403,0.011975821044097966,1.0,1,7.307591915130615
