model_returned_smth,valid_cf_disc,dissimilarity_proximity_categorical_hamming,dissimilarity_proximity_categorical_jaccard,dissimilarity_proximity_continuous_manhatan,dissimilarity_proximity_continuous_euclidean,dissimilarity_proximity_continuous_mad,distance_l2_jaccard,distance_mad_hamming,sparsity,flow_log_density_cfs,flow_log_density_xs,flow_prob_condition_acc,lof_scores_xs,lof_scores_cfs,isolation_forest_scores_xs,isolation_forest_scores_cfs,plausibility,cf_belongs_to_group,K_vectors,time
1.0,1.0,,0.0,0.44761250108480455,0.31653257691035624,10.680218868255615,0.31653257691035624,,1.0,0.7650088667869568,2.5589895248413086,0.17000000178813934,1.081245,1.3802323,0.021507187379467187,-0.022611430082868523,0.02974062322679076,1.0,1,7.433815002441406
1.0,1.0,,0.0,0.43878506422042846,0.3102687155231786,9.993186168670654,0.3102687155231786,,1.0,1.3340492248535156,2.505185604095459,0.27000001072883606,1.1143454,1.3355765,0.013987607671406286,-0.02829988780622537,0.025204940342477507,1.0,1,7.56836199760437
1.0,1.0,,0.0,0.4891820479147505,0.345932724377731,11.375330443429474,0.345932724377731,,1.0,0.9398491978645325,2.4909613132476807,0.1881188154220581,1.107103,1.2321458,0.007489403892622229,-0.004387255038600816,0.02951417224678334,1.0,1,7.4533851146698
1.0,1.0,,0.0,0.4426813209056854,0.3130421061053265,9.751900024414063,0.3130421061053265,,1.0,0.7624779343605042,2.6214258670806885,0.15000000596046448,1.0952984,1.2920206,0.012918845939383947,-0.026028410865054034,0.03689725357463326,1.0,1,7.443732023239136
1.0,1.0,,0.0,0.42543234969630384,0.3008378885825481,9.740881833163174,0.3008378885825481,,1.0,0.34053343534469604,2.654728412628174,0.12121212482452393,1.0883455,1.3448248,0.020116170263849476,-0.031052129372565428,0.04616363878193412,1.0,1,7.392086029052734
