model_returned_smth,valid_cf_disc,dissimilarity_proximity_categorical_hamming,dissimilarity_proximity_categorical_jaccard,dissimilarity_proximity_continuous_manhatan,dissimilarity_proximity_continuous_euclidean,dissimilarity_proximity_continuous_mad,distance_l2_jaccard,distance_mad_hamming,sparsity,flow_log_density_cfs,flow_log_density_xs,flow_prob_condition_acc,lof_scores_xs,lof_scores_cfs,isolation_forest_scores_xs,isolation_forest_scores_cfs,plausibility,cf_belongs_to_group,K_vectors,time
1.0,1.0,,0.0,0.6489232441782952,0.4606073915480789,15.186011190414428,0.4606073915480789,,1.0,2.574686050415039,2.5589895248413086,0.7400000095367432,1.081245,1.0811279,0.021507187379467187,0.026473861314790383,0.01631452122944091,1.0,1,13.478876829147339
1.0,1.0,,0.0,0.5933489203453064,0.4233889964286535,13.418675622940064,0.4233889964286535,,1.0,2.532899856567383,2.505185604095459,0.6600000262260437,1.1143454,1.1189759,0.013987607671406286,0.014952709341695547,0.014617784943442916,1.0,1,8.706649780273438
1.0,0.9901960492134094,,0.0,0.6713206762134438,0.47991686236895803,15.178122501562138,0.47991686236895803,,1.0,2.512134552001953,2.4909613132476807,0.7524752616882324,1.1074864,1.1395885,0.007435697768225245,0.01318515582227893,0.018797034433433838,1.0,1,10.806350946426392
1.0,1.0,,0.0,0.6364549988508225,0.4572402647628982,13.763976936340333,0.4572402647628982,,1.0,2.631527900695801,2.6214258670806885,0.7599999904632568,1.0952984,1.0928218,0.012918845939383947,0.022520936449021912,0.015502455811018872,1.0,1,8.045269012451172
1.0,1.0,,0.0,0.6414834272981894,0.45677786328529835,14.437648888790246,0.45677786328529835,,1.0,2.6773762702941895,2.654728412628174,0.7373737096786499,1.0883455,1.0842707,0.020116170263849476,0.02025655157371906,0.014316319021625676,1.0,1,8.006834268569946
