model_returned_smth,valid_cf_disc,dissimilarity_proximity_categorical_hamming,dissimilarity_proximity_categorical_jaccard,dissimilarity_proximity_continuous_manhatan,dissimilarity_proximity_continuous_euclidean,dissimilarity_proximity_continuous_mad,distance_l2_jaccard,distance_mad_hamming,sparsity,flow_log_density_cfs,flow_log_density_xs,flow_prob_condition_acc,lof_scores_xs,lof_scores_cfs,isolation_forest_scores_xs,isolation_forest_scores_cfs,plausibility,cf_belongs_to_group,K_vectors,time
1.0,1.0,,0.0,0.5154800963401794,0.3673189653183875,12.31577527999878,0.3673189653183875,,1.0,2.227928876876831,2.4905242919921875,1.0,1.1009139,1.1049092,0.025461516575559597,0.023937842760243817,0.01284125869552551,1.0,100,6.1271491050720215
1.0,1.0,,0.0,0.4829555256664753,0.3449732265715382,10.859179420471191,0.3449732265715382,,1.0,2.3470096588134766,2.5775132179260254,1.0,1.1166955,1.0984621,0.01805977731676262,0.018312254426319383,0.01194652692042018,1.0,100,6.097293853759766
1.0,0.9900000095367432,,0.0,0.49835093545191217,0.35444487999480556,12.67697852067273,0.35444487999480556,,1.0,2.308051586151123,2.820326566696167,1.0,1.0568079,1.0528696,0.0274196584725767,0.009998885725407733,0.0354274511277805,1.0,100,6.119769096374512
1.0,1.0,,0.0,0.49874268755316736,0.3557726429984209,11.525514936447143,0.3557726429984209,,1.0,2.336172103881836,2.607419729232788,1.0,1.1100901,1.0460093,0.02211196968840181,0.03160338426521589,0.018315795406880962,1.0,100,6.119606018066406
1.0,1.0,,0.0,0.4921533161401749,0.3517883051904026,11.935504059791565,0.3517883051904026,,1.0,2.3099846839904785,2.5765182971954346,1.0,1.1123185,1.1219872,0.01714651003811736,0.010478703209094253,0.01707099295233244,1.0,100,6.105388164520264
