,train_ll,test_ll
0,43.28114700317383,49.98406219482422
