,precision,recall,f1-score,support
0,0.9491525423728814,0.9180327868852459,0.9333333333333333,61.0
1,0.9206349206349206,0.9508196721311475,0.9354838709677419,61.0
accuracy,0.9344262295081968,0.9344262295081968,0.9344262295081968,0.9344262295081968
macro avg,0.934893731503901,0.9344262295081966,0.9344086021505376,122.0
weighted avg,0.934893731503901,0.9344262295081968,0.9344086021505377,122.0
