,train_ll,test_ll
0,8.722030639648438,8.393997192382812
