,train_ll,test_ll
0,-21.216796875,-21.275468826293945
