,train_ll,test_ll
0,43.226436614990234,49.98406219482422
