,precision,recall,f1-score,support
0,0.9508196721311475,0.9508196721311475,0.9508196721311475,61.0
1,0.9508196721311475,0.9508196721311475,0.9508196721311475,61.0
accuracy,0.9508196721311475,0.9508196721311475,0.9508196721311475,0.9508196721311475
macro avg,0.9508196721311475,0.9508196721311475,0.9508196721311475,122.0
weighted avg,0.9508196721311475,0.9508196721311475,0.9508196721311475,122.0
