,train_ll,test_ll
0,45.46254348754883,53.05881881713867
