,train_ll,test_ll
0,28.97443962097168,23.393985748291016
