,train_ll,test_ll
0,28.949892044067383,26.452150344848633
