,precision,recall,f1-score,support
0,0.8787878787878788,0.9508196721311475,0.9133858267716536,61.0
1,0.9464285714285714,0.8688524590163934,0.905982905982906,61.0
accuracy,0.9098360655737705,0.9098360655737705,0.9098360655737705,0.9098360655737705
macro avg,0.912608225108225,0.9098360655737705,0.9096843663772798,122.0
weighted avg,0.912608225108225,0.9098360655737705,0.9096843663772798,122.0
