,train_ll,test_ll
0,43.45756912231445,50.09296417236328
