,train_ll,test_ll
0,34.53688049316406,31.703533172607422
