,train_ll,test_ll
0,34.625362396240234,31.703536987304688
