,train_ll,test_ll
0,-21.16688346862793,-21.497562408447266
