,train_ll,test_ll
0,41.84690475463867,49.122581481933594
