,train_ll,test_ll
0,43.2774543762207,50.092960357666016
