,train_ll,test_ll
0,28.989856719970703,23.877099990844727
