,train_ll,test_ll
0,41.910186767578125,49.122581481933594
