,train_ll,test_ll
0,38.82256317138672,41.46448516845703
