,train_ll,test_ll
0,43.4649543762207,49.98406219482422
