,train_ll,test_ll
0,-21.17449188232422,-21.155641555786133
