,precision,recall,f1-score,support
0,0.8656716417910447,0.9508196721311475,0.90625,61.0
1,0.9454545454545454,0.8524590163934426,0.896551724137931,61.0
accuracy,0.9016393442622951,0.9016393442622951,0.9016393442622951,0.9016393442622951
macro avg,0.9055630936227951,0.901639344262295,0.9014008620689655,122.0
weighted avg,0.9055630936227951,0.9016393442622951,0.9014008620689655,122.0
