,precision,recall,f1-score,support
0,0.9838709677419355,1.0,0.991869918699187,61.0
1,1.0,0.9836065573770492,0.9917355371900827,61.0
accuracy,0.9918032786885246,0.9918032786885246,0.9918032786885246,0.9918032786885246
macro avg,0.9919354838709677,0.9918032786885246,0.9918027279446349,122.0
weighted avg,0.9919354838709677,0.9918032786885246,0.9918027279446349,122.0
