,train_ll,test_ll
0,41.938026428222656,49.122581481933594
