,precision,recall,f1-score,support
0,0.9180327868852459,0.9180327868852459,0.9180327868852459,61.0
1,0.9180327868852459,0.9180327868852459,0.9180327868852459,61.0
accuracy,0.9180327868852459,0.9180327868852459,0.9180327868852459,0.9180327868852459
macro avg,0.9180327868852459,0.9180327868852459,0.9180327868852459,122.0
weighted avg,0.9180327868852459,0.9180327868852459,0.9180327868852459,122.0
