,train_ll,test_ll
0,41.260311126708984,49.83808517456055
