,train_ll,test_ll
0,-21.168285369873047,-21.175228118896484
