,train_ll,test_ll
0,37.981563568115234,43.23806381225586
