,precision,recall,f1-score,support
0,0.9830508474576272,0.9508196721311475,0.9666666666666667,61.0
1,0.9523809523809523,0.9836065573770492,0.967741935483871,61.0
accuracy,0.9672131147540983,0.9672131147540983,0.9672131147540983,0.9672131147540983
macro avg,0.9677158999192897,0.9672131147540983,0.9672043010752689,122.0
weighted avg,0.9677158999192897,0.9672131147540983,0.9672043010752688,122.0
