,train_ll,test_ll
0,-21.202980041503906,-21.205251693725586
