,precision,recall,f1-score,support
0,0.9344262295081968,0.9344262295081968,0.9344262295081968,61.0
1,0.9344262295081968,0.9344262295081968,0.9344262295081968,61.0
accuracy,0.9344262295081968,0.9344262295081968,0.9344262295081968,0.9344262295081968
macro avg,0.9344262295081968,0.9344262295081968,0.9344262295081968,122.0
weighted avg,0.9344262295081968,0.9344262295081968,0.9344262295081968,122.0
