,train_ll,test_ll
0,-21.15632438659668,-21.191564559936523
