,train_ll,test_ll
0,41.163814544677734,49.83808135986328
