,train_ll,test_ll
0,-21.171117782592773,-21.214807510375977
