,train_ll,test_ll
0,41.096229553222656,49.83808517456055
