,precision,recall,f1-score,support
0,0.9833333333333333,0.9672131147540983,0.9752066115702479,61.0
1,0.967741935483871,0.9836065573770492,0.975609756097561,61.0
accuracy,0.9754098360655737,0.9754098360655737,0.9754098360655737,0.9754098360655737
macro avg,0.9755376344086022,0.9754098360655737,0.9754081838339044,122.0
weighted avg,0.9755376344086021,0.9754098360655737,0.9754081838339044,122.0
