,train_ll,test_ll
0,28.919553756713867,25.534324645996094
