,precision,recall,f1-score,support
0,0.890625,0.9344262295081968,0.912,61.0
1,0.9310344827586207,0.8852459016393442,0.907563025210084,61.0
accuracy,0.9098360655737705,0.9098360655737705,0.9098360655737705,0.9098360655737705
macro avg,0.9108297413793103,0.9098360655737705,0.909781512605042,122.0
weighted avg,0.9108297413793103,0.9098360655737705,0.909781512605042,122.0
