,precision,recall,f1-score,support
0,0.9375,0.9836065573770492,0.96,61.0
1,0.9827586206896551,0.9344262295081968,0.957983193277311,61.0
accuracy,0.9590163934426229,0.9590163934426229,0.9590163934426229,0.9590163934426229
macro avg,0.9601293103448276,0.959016393442623,0.9589915966386555,122.0
weighted avg,0.9601293103448275,0.9590163934426229,0.9589915966386555,122.0
