,precision,recall,f1-score,support
0,0.8823529411764706,0.9836065573770492,0.9302325581395349,61.0
1,0.9814814814814815,0.8688524590163934,0.9217391304347826,61.0
accuracy,0.9262295081967213,0.9262295081967213,0.9262295081967213,0.9262295081967213
macro avg,0.931917211328976,0.9262295081967213,0.9259858442871587,122.0
weighted avg,0.9319172113289761,0.9262295081967213,0.9259858442871588,122.0
