,train_ll,test_ll
0,43.53351593017578,50.09296417236328
