,precision,recall,f1-score,support
0,0.9836065573770492,0.9836065573770492,0.9836065573770492,61.0
1,0.9836065573770492,0.9836065573770492,0.9836065573770492,61.0
accuracy,0.9836065573770492,0.9836065573770492,0.9836065573770492,0.9836065573770492
macro avg,0.9836065573770492,0.9836065573770492,0.9836065573770492,122.0
weighted avg,0.9836065573770492,0.9836065573770492,0.9836065573770492,122.0
