,precision,recall,f1-score,support
0,1.0,0.9508196721311475,0.9747899159663865,61.0
1,0.953125,1.0,0.976,61.0
accuracy,0.9754098360655737,0.9754098360655737,0.9754098360655737,0.9754098360655737
macro avg,0.9765625,0.9754098360655737,0.9753949579831933,122.0
weighted avg,0.9765625,0.9754098360655737,0.9753949579831933,122.0
