,train_ll,test_ll
0,34.41956329345703,31.703536987304688
