,train_ll,test_ll
0,-21.20685577392578,-21.232133865356445
