,train_ll,test_ll
0,-21.214258193969727,-21.18926429748535
