,precision,recall,f1-score,support
0,0.9333333333333333,0.9180327868852459,0.9256198347107438,61.0
1,0.9193548387096774,0.9344262295081968,0.926829268292683,61.0
accuracy,0.9262295081967213,0.9262295081967213,0.9262295081967213,0.9262295081967213
macro avg,0.9263440860215053,0.9262295081967213,0.9262245515017133,122.0
weighted avg,0.9263440860215054,0.9262295081967213,0.9262245515017133,122.0
