,train_ll,test_ll
0,41.738800048828125,49.122581481933594
