,train_ll,test_ll
0,9.591682434082031,12.443329811096191
