,train_ll,test_ll
0,43.26878356933594,49.98406219482422
