,precision,recall,f1-score,support
0,0.8923076923076924,0.9508196721311475,0.9206349206349206,61.0
1,0.9473684210526315,0.8852459016393442,0.9152542372881356,61.0
accuracy,0.9180327868852459,0.9180327868852459,0.9180327868852459,0.9180327868852459
macro avg,0.9198380566801619,0.9180327868852458,0.9179445789615281,122.0
weighted avg,0.919838056680162,0.9180327868852459,0.9179445789615281,122.0
