,precision,recall,f1-score,support
0,0.9661016949152542,0.9344262295081968,0.95,61.0
1,0.9365079365079365,0.9672131147540983,0.9516129032258065,61.0
accuracy,0.9508196721311475,0.9508196721311475,0.9508196721311475,0.9508196721311475
macro avg,0.9513048157115953,0.9508196721311475,0.9508064516129032,122.0
weighted avg,0.9513048157115953,0.9508196721311475,0.9508064516129032,122.0
