,train_ll,test_ll
0,41.417476654052734,49.83808135986328
