,precision,recall,f1-score,support
0,0.8939393939393939,0.9672131147540983,0.9291338582677166,61.0
1,0.9642857142857143,0.8852459016393442,0.9230769230769231,61.0
accuracy,0.9262295081967213,0.9262295081967213,0.9262295081967213,0.9262295081967213
macro avg,0.9291125541125541,0.9262295081967213,0.9261053906723198,122.0
weighted avg,0.9291125541125541,0.9262295081967213,0.9261053906723198,122.0
