,train_ll,test_ll
0,28.79264259338379,-45.502132415771484
