,train_ll,test_ll
0,43.41875076293945,50.092960357666016
