,train_ll,test_ll
0,-21.21481704711914,-21.78108024597168
