,train_ll,test_ll
0,7.22605562210083,-7.425848484039307
