,precision,recall,f1-score,support
0,1.0,0.9672131147540983,0.9833333333333333,61.0
1,0.9682539682539683,1.0,0.9838709677419355,61.0
accuracy,0.9836065573770492,0.9836065573770492,0.9836065573770492,0.9836065573770492
macro avg,0.9841269841269842,0.9836065573770492,0.9836021505376344,122.0
weighted avg,0.9841269841269841,0.9836065573770492,0.9836021505376344,122.0
