,train_ll,test_ll
0,34.778663635253906,31.703533172607422
