model_returned_smth,valid_cf_disc,dissimilarity_proximity_categorical_hamming,dissimilarity_proximity_categorical_jaccard,dissimilarity_proximity_continuous_manhatan,dissimilarity_proximity_continuous_euclidean,dissimilarity_proximity_continuous_mad,distance_l2_jaccard,distance_mad_hamming,sparsity,flow_log_density_cfs,flow_log_density_xs,flow_prob_condition_acc,lof_scores_xs,lof_scores_cfs,isolation_forest_scores_xs,isolation_forest_scores_cfs,time
1.0,0.9754098653793335,,0.0,2.7391589593219177,1.1757775808161275,635.0994429225972,1.1757775808161275,,1.0,54.549095153808594,50.4379768371582,0.9747899174690247,104267.85,358313570.0,0.0972742725870185,0.0902439574080147,8.49002480506897
1.0,0.9918032884597778,,0.0,2.8711182653851193,1.2686382657783584,627.5683209709681,1.2686382657783584,,1.0,54.86490249633789,51.580806732177734,0.9752066135406494,21441.25,210051180.0,0.09434583964758662,0.09214616490009521,8.347012996673584
1.0,1.0,,0.0,3.1230334164628077,1.2800979566062118,449.13989185564236,1.2800979566062118,,1.0,53.72621154785156,49.122581481933594,0.9836065769195557,11326440.0,535396900.0,0.08994345253762509,0.10464350858834402,8.286423206329346
1.0,1.0,,0.0,3.250229038999682,1.3886903148621899,407.91337070399663,1.3886903148621899,,1.0,55.082786560058594,49.98406219482422,0.9590163826942444,76606.23,340686400.0,0.08312124555445392,0.09107063217404562,8.273084878921509
1.0,0.9918032884597778,,0.0,3.0753809935230443,1.1392233303244663,837.5280309616921,1.1392233303244663,,1.0,44.470619201660156,41.56036376953125,1.0,213346.58,349763550.0,0.09947629905442189,0.0875598723340186,8.29914379119873
