model_returned_smth,valid_cf_disc,dissimilarity_proximity_categorical_hamming,dissimilarity_proximity_categorical_jaccard,dissimilarity_proximity_continuous_manhatan,dissimilarity_proximity_continuous_euclidean,dissimilarity_proximity_continuous_mad,distance_l2_jaccard,distance_mad_hamming,sparsity,flow_log_density_cfs,flow_log_density_xs,flow_prob_condition_acc,lof_scores_xs,lof_scores_cfs,isolation_forest_scores_xs,isolation_forest_scores_cfs,time
1.0,0.9836065769195557,,0.0,2.0518609155453214,0.8068507084524562,501.32054497040883,0.8068507084524562,,1.0,53.42770004272461,49.635986328125,1.0,104267.85,1708104.4,0.0972742725870185,0.08086319639609438,20.981308698654175
1.0,1.0,,0.0,2.055869465757854,0.8759238435675945,594.1482499551596,0.8759238435675945,,1.0,54.226234436035156,50.09296417236328,1.0,21441.25,4552131.0,0.09434583964758662,0.0821000689929289,31.126663208007812
1.0,0.9918032884597778,,0.0,2.212130863186419,0.8677781812949169,331.2206761894965,0.8677781812949169,,1.0,53.46883010864258,49.011531829833984,0.9752066135406494,11326440.0,21312128.0,0.08994345253762509,0.08861700988917579,20.5677752494812
1.0,1.0,,0.0,2.312944268668791,0.9578471805849434,345.65932168543173,0.9578471805849434,,1.0,54.37965774536133,49.98406219482422,0.9918032884597778,76606.23,183164590.0,0.08312124555445392,0.08410101899717519,31.044573307037354
1.0,0.9836065769195557,,0.0,2.1130266253800283,0.6902214836885421,1108.7496391498742,0.6902214836885421,,1.0,43.15995788574219,41.42496109008789,0.9916666746139526,213346.58,33.77782,0.09947629905442189,0.06155952494324785,25.70906639099121
