model_returned_smth,valid_cf_disc,dissimilarity_proximity_categorical_hamming,dissimilarity_proximity_categorical_jaccard,dissimilarity_proximity_continuous_manhatan,dissimilarity_proximity_continuous_euclidean,dissimilarity_proximity_continuous_mad,distance_l2_jaccard,distance_mad_hamming,sparsity,flow_log_density_cfs,flow_log_density_xs,flow_prob_condition_acc,lof_scores_xs,lof_scores_cfs,isolation_forest_scores_xs,isolation_forest_scores_cfs,time
1.0,0.8442623019218445,,0.0,1.8617028078457634,0.7097463036415856,1160.1310563804807,0.7097463036415856,,1.0,52.80439376831055,52.16244125366211,1.0,83474.45,33688.316,0.11577556567176503,0.08455370879901933,15.360123634338379
1.0,0.8032786846160889,,0.0,1.8158109775808184,0.7683335897538649,1040.8314142923705,0.7683335897538649,,1.0,53.93029022216797,53.26199722290039,0.9897959232330322,82689.09,36101.973,0.11104769609191684,0.09613484664248483,19.903152465820312
1.0,0.8934426307678223,,0.0,2.2194160729967303,0.869522218438539,560.5762917239958,0.869522218438539,,1.0,53.439273834228516,49.9366569519043,1.0,88370.69,37408.723,0.09075437456007045,0.08358280205660121,18.862703800201416
1.0,0.6803278923034668,,0.0,1.9632513665546825,0.8079049370266527,1677.2906732410781,0.8079049370266527,,1.0,53.67223358154297,52.77872085571289,0.9518072009086609,38196.176,44375.383,0.10743114294156662,0.07891447859019385,18.589279413223267
1.0,0.7704917788505554,,0.0,1.788167363674248,0.6259462959552706,19023.662397815137,0.6259462959552706,,1.0,43.187049865722656,45.251338958740234,1.0,175068.81,2466690.8,0.12322159509202307,0.07924689721676942,18.5201153755188
