model_returned_smth,valid_cf_disc,dissimilarity_proximity_categorical_hamming,dissimilarity_proximity_categorical_jaccard,dissimilarity_proximity_continuous_manhatan,dissimilarity_proximity_continuous_euclidean,dissimilarity_proximity_continuous_mad,distance_l2_jaccard,distance_mad_hamming,sparsity,flow_log_density_cfs,flow_log_density_xs,flow_prob_condition_acc,lof_scores_xs,lof_scores_cfs,isolation_forest_scores_xs,isolation_forest_scores_cfs,time
1.0,1.0,,0.0,0.8365172725392993,0.23577958104968544,7746.941193032201,0.23577958104968544,,1.0,21.52943992614746,21.95025062561035,1.0,198757.28,76.154366,0.154862509539572,-0.03500369955816322,11.377331972122192
1.0,1.0,,0.0,0.8607752681310336,0.1993899766143808,15618.46604951392,0.1993899766143808,,1.0,18.588340759277344,16.907773971557617,1.0,43584.547,79.97198,0.15520002016366147,-0.03699727036262865,10.423730850219727
1.0,1.0,,0.0,1.0212980856767013,0.2561009579860564,2604.936182166265,0.2561009579860564,,1.0,24.32716178894043,32.13861846923828,1.0,22652878.0,91.780594,0.16081582786877108,-0.017379466142836093,16.895942211151123
1.0,1.0,,0.0,1.5695664045513475,0.5879399760303162,332.4159604133793,0.5879399760303162,,1.0,38.167701721191406,50.7544059753418,1.0,161134.11,78.70488,0.1557062728901178,0.05752676135719193,13.569328784942627
1.0,1.0,,0.0,1.003462314868946,0.4085933778535711,433.75390891134066,0.4085933778535711,,1.0,46.05806350708008,58.04351806640625,1.0,441155.16,42.99117,0.15956622651856833,0.06937979559460868,25.609720468521118
