model_returned_smth,valid_cf_disc,dissimilarity_proximity_categorical_hamming,dissimilarity_proximity_categorical_jaccard,dissimilarity_proximity_continuous_manhatan,dissimilarity_proximity_continuous_euclidean,dissimilarity_proximity_continuous_mad,distance_l2_jaccard,distance_mad_hamming,sparsity,flow_log_density_cfs,flow_log_density_xs,flow_prob_condition_acc,lof_scores_xs,lof_scores_cfs,isolation_forest_scores_xs,isolation_forest_scores_cfs,time
1.0,1.0,,0.0,1.8819341446621123,0.5525135890406394,3250.856082727591,0.5525135890406394,,1.0,34.68233871459961,45.15586853027344,0.9848484992980957,192735.84,78.59609,0.15187886011748247,0.003511962827056661,15.801609992980957
1.0,1.0,,0.0,1.3708597739297523,0.6792404497539749,1757.2857567396886,0.6792404497539749,,1.0,44.779151916503906,54.76334762573242,1.0,41510.77,13.515853,0.15262526323816558,0.051664453919766484,17.616289138793945
1.0,1.0,,0.0,2.5150728843151393,0.8398704500177954,4905.529462050327,0.8398704500177954,,1.0,34.56962585449219,51.07930374145508,0.9841269850730896,21933738.0,6.4821935,0.15863900612570303,0.009504866466850599,35.428924322128296
1.0,0.9666666388511658,,0.0,1.887330522493185,0.5700679054720684,364.5549208455117,0.5700679054720684,,1.0,32.20692825317383,47.392398834228516,0.982758641242981,155764.7,42.618977,0.15405989445121007,0.013116140417482425,18.156854391098022
1.0,0.9836065769195557,,0.0,1.7356181037307123,0.45400838275877137,923.4937014265761,0.45400838275877137,,1.0,20.497629165649414,31.240352630615234,0.9833333492279053,426691.53,62.86131,0.1569171071073809,0.0023154544771681012,21.418570280075073
