model_returned_smth,valid_cf_disc,dissimilarity_proximity_categorical_hamming,dissimilarity_proximity_categorical_jaccard,dissimilarity_proximity_continuous_manhatan,dissimilarity_proximity_continuous_euclidean,dissimilarity_proximity_continuous_mad,distance_l2_jaccard,distance_mad_hamming,sparsity,flow_log_density_cfs,flow_log_density_xs,flow_prob_condition_acc,lof_scores_xs,lof_scores_cfs,isolation_forest_scores_xs,isolation_forest_scores_cfs,time
1.0,1.0,,0.0,1.5291985992621921,0.5503550106226432,653.1454283039886,0.5503550106226432,,0.9672131147540983,45.291595458984375,43.535152435302734,1.0,70472.66,32637.879,0.09962776525020157,0.0646325551716161,10.62082314491272
1.0,1.0,,0.0,1.4622084680210525,0.5739039068952926,663.186486585901,0.5739039068952926,,1.0,49.118614196777344,42.20199203491211,1.0,79849.96,3792879.8,0.10310939331573737,0.0825453107012729,15.950053453445435
1.0,1.0,,0.0,1.5887211419671594,0.56956074517107,518.6207247034151,0.56956074517107,,1.0,46.193050384521484,42.1674919128418,1.0,82026.164,35994.684,0.08956044085419843,0.04608062275441996,11.282045364379883
1.0,1.0,,0.0,1.8038345429216387,0.6441099401817113,428.4353085340734,0.6441099401817113,,1.0,46.110008239746094,39.25141143798828,1.0,34865.746,39756.33,0.09237219476004685,0.08414048187214765,13.245176076889038
1.0,1.0,,0.0,2.800038127680013,0.9885567260689634,1760.9606421776173,0.9885567260689634,,0.9754098360655737,36.31220245361328,29.012006759643555,0.9918032884597778,134889.22,3914880.5,0.09672674746684755,0.06596412306678108,60.58464574813843
