model_returned_smth,valid_cf_disc,dissimilarity_proximity_categorical_hamming,dissimilarity_proximity_categorical_jaccard,dissimilarity_proximity_continuous_manhatan,dissimilarity_proximity_continuous_euclidean,dissimilarity_proximity_continuous_mad,distance_l2_jaccard,distance_mad_hamming,sparsity,flow_log_density_cfs,flow_log_density_xs,flow_prob_condition_acc,lof_scores_xs,lof_scores_cfs,isolation_forest_scores_xs,isolation_forest_scores_cfs,time
1.0,1.0,,0.0,0.9514737897928751,0.21970434709556166,4445.125433372204,0.21970434709556166,,1.0,16.02353858947754,16.76333999633789,1.0,189859.92,76.31079,0.15290442766658321,-0.021202419429344928,28.352688789367676
1.0,1.0,,0.0,1.215534175528996,0.5626494408831946,16572.784797638127,0.5626494408831946,,1.0,48.87994384765625,55.515625,0.9344262480735779,42871.742,65.10126,0.15484304979999794,0.056178535549625014,52.81350779533386
1.0,1.0,,0.0,0.980315665058698,0.37695120465055676,1513.0020797078055,0.37695120465055676,,1.0,48.191062927246094,58.6728401184082,1.0,231549.83,81.70021,0.16218752170357445,0.04664974841178558,28.54677414894104
1.0,1.0,,0.0,1.786447543267132,0.5175103722440763,2360.219379174978,0.5175103722440763,,1.0,15.62838077545166,14.931746482849121,1.0,150740.06,80.278984,0.15235220430542223,-0.03109847523938748,60.17470121383667
1.0,1.0,,0.0,1.0336474778952556,0.24238829909851878,849.8341493112374,0.24238829909851878,,1.0,12.974323272705078,14.53071403503418,1.0,441155.6,38.56568,0.15901819046149335,0.011660587217536605,33.347113847732544
