model_returned_smth,valid_cf_disc,dissimilarity_proximity_categorical_hamming,dissimilarity_proximity_categorical_jaccard,dissimilarity_proximity_continuous_manhatan,dissimilarity_proximity_continuous_euclidean,dissimilarity_proximity_continuous_mad,distance_l2_jaccard,distance_mad_hamming,sparsity,flow_log_density_cfs,flow_log_density_xs,flow_prob_condition_acc,lof_scores_xs,lof_scores_cfs,isolation_forest_scores_xs,isolation_forest_scores_cfs,time
1.0,1.0,,0.0,2.018342214984222,0.7708181128882167,483.8947560557377,0.7708181128882167,,1.0,53.248565673828125,49.83808135986328,0.9918032884597778,70472.59,1639343.9,0.09744025645098453,0.07549322178923466,65.40143275260925
1.0,0.9918032884597778,,0.0,1.9731784749925427,0.8127709483484971,520.2275918169943,0.8127709483484971,,1.0,53.83900833129883,51.580806732177734,0.9917355179786682,71416.94,33857.4,0.10465126154960694,0.09632527074214847,60.72000002861023
1.0,1.0,,0.0,2.097516931682481,0.821051313672993,330.1703022537311,0.821051313672993,,1.0,53.37116241455078,49.122581481933594,1.0,82028.96,35995.484,0.09072330569934577,0.0915066669682114,75.97284245491028
1.0,1.0,,0.0,2.259417064946051,0.9350115329452723,326.9709378695653,0.9350115329452723,,1.0,54.28534698486328,49.98406219482422,0.9754098653793335,34867.438,2001489.0,0.08706081299544688,0.09744861002643351,114.94475293159485
1.0,0.9918032884597778,,0.0,1.9542440159310128,0.6775463417372177,610.5171495446417,0.6775463417372177,,1.0,43.60337829589844,41.56036376953125,1.0,136004.11,2357330.0,0.10142577002905005,0.08893025405753263,84.68378806114197
