model_returned_smth,valid_cf_disc,dissimilarity_proximity_categorical_hamming,dissimilarity_proximity_categorical_jaccard,dissimilarity_proximity_continuous_manhatan,dissimilarity_proximity_continuous_euclidean,dissimilarity_proximity_continuous_mad,distance_l2_jaccard,distance_mad_hamming,sparsity,flow_log_density_cfs,flow_log_density_xs,flow_prob_condition_acc,lof_scores_xs,lof_scores_cfs,isolation_forest_scores_xs,isolation_forest_scores_cfs,time
1.0,0.9836065769195557,,0.0,2.117424542060674,0.8408339640909532,506.0737038266699,0.8408339640909532,,1.0,53.40755844116211,49.92174530029297,0.9916666746139526,104267.85,35180430.0,0.0972742725870185,0.08674989330253263,47.90863347053528
1.0,0.9918032884597778,,0.0,2.057688435874447,0.8513730532050001,513.497020528644,0.8513730532050001,,1.0,54.14522171020508,50.08261489868164,0.9917355179786682,21441.25,34753304.0,0.09434583964758662,0.07941567503808898,43.411728620529175
1.0,1.0,,0.0,2.25619128688503,0.8836298946970907,363.68092498765503,0.8836298946970907,,1.0,53.346981048583984,49.122581481933594,0.9836065769195557,11326440.0,2178177.5,0.08994345253762509,0.08711769605268084,50.41977739334106
1.0,1.0,,0.0,2.240257655290168,0.9135014247319072,316.04006626094,0.9135014247319072,,1.0,54.16057205200195,49.98406219482422,0.9836065769195557,76606.23,56.204117,0.08312124555445392,0.08513513014255666,41.76042938232422
1.0,0.9590163826942444,,0.0,2.0086519316347884,0.6545220677254601,830.8920732104926,0.6545220677254601,,1.0,43.54749298095703,41.62152862548828,1.0,213346.58,88.58896,0.09947629905442189,0.061612314300930546,49.51180577278137
