model_returned_smth,valid_cf_disc,dissimilarity_proximity_categorical_hamming,dissimilarity_proximity_categorical_jaccard,dissimilarity_proximity_continuous_manhatan,dissimilarity_proximity_continuous_euclidean,dissimilarity_proximity_continuous_mad,distance_l2_jaccard,distance_mad_hamming,sparsity,flow_log_density_cfs,flow_log_density_xs,flow_prob_condition_acc,lof_scores_xs,lof_scores_cfs,isolation_forest_scores_xs,isolation_forest_scores_cfs,time
1.0,0.9672130942344666,,0.0,1.8872108549312674,0.7124032285737117,529.1562122158068,0.7124032285737117,,1.0,52.804508209228516,50.33590316772461,1.0,104267.85,3353698.2,0.0972742725870185,0.06957918174749876,6.323903322219849
1.0,0.9836065769195557,,0.0,2.0212589625873445,0.852729645768552,544.4401578082168,0.852729645768552,,1.0,54.01668930053711,51.48259735107422,0.9750000238418579,21441.25,63.225643,0.09434583964758662,0.07746251773240688,6.7682530879974365
1.0,1.0,,0.0,2.0757618254636574,0.8122113065646464,352.04141226165814,0.8122113065646464,,1.0,53.33690643310547,49.122581481933594,1.0,11326440.0,36.756317,0.08994345253762509,0.08657622799056588,5.757411003112793
1.0,1.0,,0.0,2.2613800783237856,0.9381726727537678,337.05815299545446,0.9381726727537678,,1.0,54.42702102661133,49.98406219482422,0.9918032884597778,76606.23,209310270.0,0.08312124555445392,0.08437563311791657,7.71920895576477
1.0,0.9918032884597778,,0.0,1.9362310959419242,0.644332150132988,1065.5623458254129,0.644332150132988,,1.0,43.60782241821289,41.56036376953125,0.9917355179786682,213346.58,44.74193,0.09947629905442189,0.06598941708337616,8.46306824684143
