model_returned_smth,valid_cf_disc,dissimilarity_proximity_categorical_hamming,dissimilarity_proximity_categorical_jaccard,dissimilarity_proximity_continuous_manhatan,dissimilarity_proximity_continuous_euclidean,dissimilarity_proximity_continuous_mad,distance_l2_jaccard,distance_mad_hamming,sparsity,flow_log_density_cfs,flow_log_density_xs,flow_prob_condition_acc,lof_scores_xs,lof_scores_cfs,isolation_forest_scores_xs,isolation_forest_scores_cfs,time
1.0,0.9590163826942444,,0.0,2.14593758787982,0.8523014152833746,491.8595532688859,0.8523014152833746,,1.0,53.37240982055664,49.81675338745117,0.9914529919624329,73485.37,3259420.2,0.0958760851877458,0.09912365868312008,47.90863347053528
1.0,0.9836065769195557,,0.0,2.0673688559419734,0.8555310201600801,560.9162536177282,0.8555310201600801,,1.0,54.11811447143555,50.143009185791016,0.9916666746139526,72012.07,1654791.0,0.0928510824017024,0.07359145334149463,43.411728620529175
1.0,1.0,,0.0,2.256192662984746,0.8836301399013453,363.6812809283454,0.8836301399013453,,1.0,53.346954345703125,49.122581481933594,0.9836065769195557,82029.516,35995.43,0.09064734068398175,0.08939899831693453,50.419777393341064
1.0,0.9836065769195557,,0.0,2.257631639571385,0.9186877879597724,334.80830045736406,0.9186877879597724,,1.0,54.148258209228516,49.99309158325195,0.9833333492279053,35446.42,39891.24,0.09108107869578055,0.11160628152201468,41.76042938232422
1.0,0.9590163826942444,,0.0,2.002851972701116,0.6526506261981508,828.7422323691865,0.6526506261981508,,1.0,43.55016326904297,41.50944137573242,1.0,140653.83,2372915.5,0.09957633584967429,0.06614628909425697,49.51180577278137
