model_returned_smth,valid_cf_disc,dissimilarity_proximity_categorical_hamming,dissimilarity_proximity_categorical_jaccard,dissimilarity_proximity_continuous_manhatan,dissimilarity_proximity_continuous_euclidean,dissimilarity_proximity_continuous_mad,distance_l2_jaccard,distance_mad_hamming,sparsity,flow_log_density_cfs,flow_log_density_xs,flow_prob_condition_acc,lof_scores_xs,lof_scores_cfs,isolation_forest_scores_xs,isolation_forest_scores_cfs,time
1.0,1.0,,0.0,2.018342214984222,0.7708181128882167,483.8947560557377,0.7708181128882167,,1.0,53.248565673828125,49.83808135986328,0.9918032884597778,104267.85,45100816.0,0.0972742725870185,0.0826524790609239,65.40143275260925
1.0,0.9918032884597778,,0.0,1.9731784749925427,0.8127709483484971,520.2275918169943,0.8127709483484971,,1.0,53.83900833129883,51.580806732177734,0.9917355179786682,21613.69,68.402504,0.09602344537649622,0.08167448320291709,60.72000002861023
1.0,1.0,,0.0,2.097516931682481,0.821051313672993,330.1703022537311,0.821051313672993,,1.0,53.37116241455078,49.122581481933594,1.0,11326440.0,6292911.0,0.08994345253762509,0.09532089292350768,75.97284245491028
1.0,1.0,,0.0,2.259417064946051,0.9350115329452723,326.9709378695653,0.9350115329452723,,1.0,54.28534698486328,49.98406219482422,0.9754098653793335,76606.23,64823490.0,0.08312124555445392,0.08518813409626866,114.94475293159483
1.0,0.9918032884597778,,0.0,1.9542440159310128,0.6775463417372177,610.5171495446417,0.6775463417372177,,1.0,43.60337829589844,41.56036376953125,1.0,215109.64,16.164536,0.10220896529182422,0.08922192861394213,84.68378806114197
