model_returned_smth,valid_cf_disc,dissimilarity_proximity_categorical_hamming,dissimilarity_proximity_categorical_jaccard,dissimilarity_proximity_continuous_manhatan,dissimilarity_proximity_continuous_euclidean,dissimilarity_proximity_continuous_mad,distance_l2_jaccard,distance_mad_hamming,sparsity,flow_log_density_cfs,flow_log_density_xs,flow_prob_condition_acc,lof_scores_xs,lof_scores_cfs,isolation_forest_scores_xs,isolation_forest_scores_cfs,time
1.0,0.9836065769195557,,0.0,1.9257239903204302,0.7548825108619298,432.4017125078443,0.7548825108619298,,0.9754098360655737,53.428428649902344,49.83808135986328,0.9836065769195557,70474.516,18861938.0,0.10171066430751358,0.09766095689223146,10.256475925445557
1.0,0.9836065769195557,,0.0,1.959158132153356,0.8411965393464907,524.6559328744272,0.8411965393464907,,1.0,54.28179931640625,50.09296417236328,0.9836065769195557,79853.31,31996.846,0.09832367093595422,0.08989065622035783,13.303789854049683
1.0,1.0,,0.0,2.0521155479643363,0.8172394514774317,291.60089817104347,0.8172394514774317,,0.9918032786885246,53.116397857666016,49.122581481933594,0.9918032884597778,82029.7,35995.336,0.0865888031636495,0.07303448646216304,12.464102506637573
1.0,1.0,,0.0,2.127411077277366,0.8765194465412738,311.1684222009742,0.8765194465412738,,1.0,53.91484832763672,49.98406219482422,0.9672130942344666,34867.703,39760.86,0.09367495065062278,0.11490600841420222,13.513726711273193
1.0,0.9918032884597778,,0.0,1.932468608412602,0.6545002421496078,811.9933995075751,0.6545002421496078,,0.9836065573770492,21.8464298248291,31.703536987304688,0.9918032884597778,134889.6,2353465.5,0.09815039011127963,0.0661358595412166,13.405443668365479
