,precision,recall,f1-score,support
0,0.7567567567567568,0.7567567567567568,0.7567567567567568,222.0
1,0.7567567567567568,0.7567567567567568,0.7567567567567568,222.0
accuracy,0.7567567567567568,0.7567567567567568,0.7567567567567568,0.7567567567567568
macro avg,0.7567567567567568,0.7567567567567568,0.7567567567567568,444.0
weighted avg,0.7567567567567568,0.7567567567567568,0.7567567567567568,444.0
