coverage,validity,actionability,sparsity,proximity_euclidean_hamming,proximity_euclidean_jaccard,proximity_l1_jaccard,proximity_mad_jaccard,proximity_l2_jaccard,proximity_mad_hamming,prob_plausibility,log_density_cf,log_density_test,lof_scores_cf,lof_scores_test,isolation_forest_scores_cf,isolation_forest_scores_test,number_of_instances,cf_search_time
1.0,0.9803921568627451,0.0196078431372549,0.6470588235294118,0.5429832267902706,0.5429832267902706,0.6207844660058618,3.4666801303625108,0.5429832267902706,3.4666801303625108,0.13725490196078433,-528.0585,1.5434719,1.9812855,1.0559803,-0.06888098207234508,0.00741829743865242,102.0,73.75636506080627
