,precision,recall,f1-score,support
0,0.9032258064516129,0.8155339805825242,0.8571428571428571,103.0
1,0.8303571428571429,0.9117647058823529,0.8691588785046729,102.0
accuracy,0.8634146341463415,0.8634146341463415,0.8634146341463415,0.8634146341463415
macro avg,0.8667914746543779,0.8636493432324386,0.8631508678237649,205.0
weighted avg,0.8669692031021693,0.8634146341463415,0.8631215604545898,205.0
