model_returned_smth,valid_cf_disc,dissimilarity_proximity_categorical_hamming,dissimilarity_proximity_categorical_jaccard,dissimilarity_proximity_continuous_manhatan,dissimilarity_proximity_continuous_euclidean,dissimilarity_proximity_continuous_mad,distance_l2_jaccard,distance_mad_hamming,sparsity,flow_log_density_cfs,flow_log_density_xs,flow_prob_condition_acc,lof_scores_xs,lof_scores_cfs,isolation_forest_scores_xs,isolation_forest_scores_cfs,time
0.9966666666666667,0.43478259444236755,,0.0,0.36479291958877674,0.2983464889749434,1.5153422027826309,0.2983464889749434,,0.9346153846153846,-10.32935619354248,2.5539321899414062,0.0,1.0883225,2.6384258,0.014868481663376931,-0.07526610968334906,3052.393574476242
0.9933333333333333,0.4127516746520996,,0.0,0.355145783110605,0.2892599222337159,1.406989454738493,0.2892599222337159,,0.959349593495935,-13.565693855285645,2.5373353958129883,0.0,1.1074909,2.4162977,0.006174087893004334,-0.08488558965022866,3104.4848964214325
0.9933333333333333,0.4530201256275177,,0.0,0.3477902244638514,0.2830692823989773,1.610861641830868,0.2830692823989773,,0.9407407407407408,-7.833654403686523,2.5321452617645264,0.0,1.1054012,2.6046445,0.015239208179236583,-0.059690773162798125,3056.945362329483
0.9666666666666667,0.5068965554237366,,0.0,0.33581306236054825,0.2780173262313658,1.2718543775227604,0.2780173262313658,,0.9217687074829932,-8.638404846191406,2.6708433628082275,0.0,1.0870155,2.5015187,0.018476708846824955,-0.0712250204187335,3013.4658737182617
0.9531772575250836,0.5508772134780884,,0.0,0.3363671428553618,0.2739660616113538,1.4861594034228356,0.2739660616113538,,0.9522292993630573,-6.130426406860352,2.661431074142456,0.0,1.083825,2.39023,0.01774146387333805,-0.07381694752017043,3011.6682901382446
