model_returned_smth,valid_cf_disc,dissimilarity_proximity_categorical_hamming,dissimilarity_proximity_categorical_jaccard,dissimilarity_proximity_continuous_manhatan,dissimilarity_proximity_continuous_euclidean,dissimilarity_proximity_continuous_mad,distance_l2_jaccard,distance_mad_hamming,sparsity,flow_log_density_cfs,flow_log_density_xs,flow_prob_condition_acc,lof_scores_xs,lof_scores_cfs,isolation_forest_scores_xs,isolation_forest_scores_cfs,time
1.0,1.0,,0.0,0.32240754782222214,0.26494997047352403,1.3643413545687992,0.26494997047352403,,0.9216666666666666,-8.915708541870117,2.50305438041687,0.0,1.0851634,1.0980357,0.014482914030874466,-0.06910433413343009,1258.8320543766022
1.0,1.0,,0.0,0.2879760898773869,0.2324434978531929,1.3053569168100754,0.2324434978531929,,0.915,-12.786896705627441,2.5592422485351562,0.0,1.0932202,1.0925262,0.013326730606466154,-0.0793649392916858,1284.427979707718
1.0,1.0,,0.0,0.30589961261798937,0.2558126102836086,1.3202601907029747,0.2558126102836086,,0.8483333333333334,-8.201373100280762,2.5708556175231934,0.0,1.098506,1.0867544,0.012442736830281851,-0.07142575299529867,1286.940661907196
1.0,1.0,,0.0,0.2965833168973525,0.25332749517015374,1.2124666832884152,0.25332749517015374,,0.79,-8.949312210083008,2.6076180934906006,0.0,1.0841936,1.0993813,0.01437912263474282,-0.059190267081421645,1340.49050283432
1.0,1.0,,0.0,0.30609254835541033,0.25455519500637647,1.3117264176292165,0.25455519500637647,,0.8662207357859532,-6.540736198425293,2.639678478240967,0.0,1.0903136,1.0879177,0.012989519325569653,-0.07373122034127928,1306.0865213871002
