model_returned_smth,valid_cf_disc,dissimilarity_proximity_categorical_hamming,dissimilarity_proximity_categorical_jaccard,dissimilarity_proximity_continuous_manhatan,dissimilarity_proximity_continuous_euclidean,dissimilarity_proximity_continuous_mad,distance_l2_jaccard,distance_mad_hamming,sparsity,flow_log_density_cfs,flow_log_density_xs,flow_prob_condition_acc,lof_scores_xs,lof_scores_cfs,isolation_forest_scores_xs,isolation_forest_scores_cfs,time
1.0,1.0,,0.0,0.32240754782222214,0.26494997047352403,1.3643413545687992,0.26494997047352403,,0.9216666666666666,-8.915708541870117,2.50305438041687,0.0,1.0974929,2.4880164,0.018596253076641964,-0.07172069363902284,1258.8320543766022
1.0,1.0,,0.0,0.2879760898773869,0.2324434978531929,1.3053569168100754,0.2324434978531929,,0.915,-12.786896705627441,2.5592422485351562,0.0,1.1076694,2.314304,0.015508409793053284,-0.0648737302587374,1284.427979707718
1.0,1.0,,0.0,0.30589961261798937,0.2558126102836086,1.3202601907029747,0.2558126102836086,,0.8483333333333334,-8.201373100280762,2.5708556175231934,0.0,1.0946437,2.6157584,0.012001778306477242,-0.06335445176275473,1286.940661907196
1.0,1.0,,0.0,0.2965833168973525,0.25332749517015374,1.2124666832884152,0.25332749517015374,,0.79,-8.949312210083008,2.6076180934906006,0.0,1.1033852,2.402865,0.014724179396926268,-0.0743711169900875,1340.49050283432
1.0,1.0,,0.0,0.30609254835541033,0.25455519500637647,1.3117264176292165,0.25455519500637647,,0.8662207357859532,-6.540736198425293,2.639678478240967,0.0,1.0885376,2.3503041,0.018718765827988454,-0.06914324000627609,1306.0865213871002
