model_returned_smth,valid_cf_disc,dissimilarity_proximity_categorical_hamming,dissimilarity_proximity_categorical_jaccard,dissimilarity_proximity_continuous_manhatan,dissimilarity_proximity_continuous_euclidean,dissimilarity_proximity_continuous_mad,distance_l2_jaccard,distance_mad_hamming,sparsity,flow_log_density_cfs,flow_log_density_xs,flow_prob_condition_acc,lof_scores_xs,lof_scores_cfs,isolation_forest_scores_xs,isolation_forest_scores_cfs,time
0.9966666666666667,0.48494982719421387,,0.0,0.36153952325212546,0.29340308984022584,1.4726903472481103,0.29340308984022584,,0.9482758620689655,-10.559346199035645,2.5468239784240723,0.0,1.0974929,2.6414385,0.018596253076641964,-0.07353354365492505,3052.393574476242
0.9933333333333333,0.43624159693717957,,0.0,0.36150945404974316,0.29262630877241347,1.3916821248256244,0.29262630877241347,,0.9615384615384616,-14.6664400100708,2.5490331649780273,0.0,1.1076694,2.267555,0.015508409793053284,-0.06609983737341203,3104.4848964214325
0.9933333333333333,0.4127516746520996,,0.0,0.3537197935629666,0.2851073017376332,1.4699698764134228,0.2851073017376332,,0.967479674796748,-8.42029857635498,2.566072702407837,0.0,1.0946437,2.6375232,0.012001778306477242,-0.06377987078856026,3056.945362329483
0.9666666666666667,0.5,,0.0,0.3422883565890892,0.27986392459889764,1.303978381074708,0.27986392459889764,,0.9482758620689655,-8.111834526062012,2.6834981441497803,0.0,1.1033852,2.4644053,0.014724179396926268,-0.07199084644441155,3013.4658737182617
0.9531772575250836,0.519298255443573,,0.0,0.345663631624366,0.2802198884380259,1.3895766759240948,0.2802198884380259,,0.9493243243243243,-5.9453020095825195,2.700244903564453,0.0,1.0885376,2.3942938,0.018718765827988454,-0.06955783037295046,3011.6682901382446
