,precision,recall,f1-score,support
0,0.34285714285714286,1.0,0.5106382978723404,12.0
1,1.0,0.07142857142857142,0.13333333333333333,14.0
2,0.0,0.0,0.0,10.0
accuracy,0.3611111111111111,0.3611111111111111,0.3611111111111111,0.3611111111111111
macro avg,0.44761904761904764,0.35714285714285715,0.21465721040189123,36.0
weighted avg,0.5031746031746032,0.3611111111111111,0.22206461780929868,36.0
