model_returned_smth,valid_cf_disc,dissimilarity_proximity_categorical_hamming,dissimilarity_proximity_categorical_jaccard,dissimilarity_proximity_continuous_manhatan,dissimilarity_proximity_continuous_euclidean,dissimilarity_proximity_continuous_mad,distance_l2_jaccard,distance_mad_hamming,sparsity,flow_log_density_cfs,flow_log_density_xs,flow_prob_condition_acc,lof_scores_xs,lof_scores_cfs,isolation_forest_scores_xs,isolation_forest_scores_cfs,time
1.0,0.7377049326896667,,0.0,2.3388811494308457,1.0899766970452927,335.5503596252631,1.0899766970452927,,0.5773342836778332,37.16061782836914,38.6934700012207,0.5081967115402222,50400270.0,25209614.0,0.10035126528371353,0.1387908149841855,0.16569995880126953
1.0,0.811475396156311,,0.0,2.757429768778295,1.3984297455371029,481.5827598210632,1.3984297455371029,,0.5605844618674269,32.01471710205078,34.9750862121582,0.5,521274.72,10806136.0,0.09716728199639325,0.1408567273229604,0.1531972885131836
1.0,0.9180327653884888,,0.0,2.5715421371724307,1.2579749727761962,301.628337332742,1.2579749727761962,,0.5727013542409123,32.96435546875,36.87977600097656,0.5,862878.3,37631224.0,0.08913421196605888,0.12350250787707308,0.17276573181152344
1.0,0.811475396156311,,0.0,3.0609695375509562,1.4742411955830441,279.7855509433415,1.4742411955830441,,0.5751960085531005,31.712100982666016,33.31719970703125,0.5163934230804443,21357978.0,55708884.0,0.08633656860633752,0.13496569699303856,0.15982460975646973
1.0,0.8278688788414001,,0.0,2.5357573950946044,1.2637211961375936,644.0977701914741,1.2637211961375936,,0.5242337847469708,24.965953826904297,17.969675064086914,0.5,954882.3,5110869.0,0.09917450511326993,0.1348706587592526,0.16821980476379395
