model_returned_smth,valid_cf_disc,dissimilarity_proximity_categorical_hamming,dissimilarity_proximity_categorical_jaccard,dissimilarity_proximity_continuous_manhatan,dissimilarity_proximity_continuous_euclidean,dissimilarity_proximity_continuous_mad,distance_l2_jaccard,distance_mad_hamming,sparsity,flow_log_density_cfs,flow_log_density_xs,flow_prob_condition_acc,lof_scores_xs,lof_scores_cfs,isolation_forest_scores_xs,isolation_forest_scores_cfs,time
1.0,1.0,,0.0,2.3264485656986658,1.0807392722162175,334.46525109993564,1.0807392722162175,,0.5545260156806843,56.45166778564453,49.83808135986328,0.46721312403678894,104267.85,47.518986,0.0972742725870185,0.13615453400996474,0.0493812561035156
1.0,1.0,,0.0,2.4046609962535,1.2258282547694073,489.2415434736573,1.2258282547694073,,0.5612972202423379,57.66300964355469,50.09296417236328,1.0,21441.25,2.598351,0.09434583964758662,0.14407882402981734,0.0382640361785888
1.0,1.0,,0.0,2.5476983657707803,1.2548411551014418,288.8191994169107,1.2548411551014418,,0.5719885958660014,54.91889190673828,49.122581481933594,0.5,11326440.0,2.1921082,0.08994345253762509,0.14235894491539253,0.038978099822998
1.0,1.0,,0.0,2.7001103913077387,1.3091965593673067,276.11964278957527,1.3091965593673067,,0.5734141126158232,57.52545928955078,49.98406219482422,1.0,76606.23,3.5077858,0.08312124555445392,0.14147701694659107,0.038522720336914
1.0,1.0,,0.0,2.756107612490367,1.3328171550316261,513.2355917633,1.3328171550316261,,0.5577334283677833,48.28888702392578,31.703536987304688,1.0,213346.58,2.4414103,0.09947629905442189,0.13975371664284392,0.0383479595184326
