model_returned_smth,valid_cf_disc,dissimilarity_proximity_categorical_hamming,dissimilarity_proximity_categorical_jaccard,dissimilarity_proximity_continuous_manhatan,dissimilarity_proximity_continuous_euclidean,dissimilarity_proximity_continuous_mad,distance_l2_jaccard,distance_mad_hamming,sparsity,flow_log_density_cfs,flow_log_density_xs,flow_prob_condition_acc,lof_scores_xs,lof_scores_cfs,isolation_forest_scores_xs,isolation_forest_scores_cfs,time
1.0,0.9016393423080444,,0.0,2.33816763941759,1.0827621037205528,334.46528816407636,1.0827621037205528,,0.5559515324305061,49.163753509521484,49.83808135986328,0.02459016442298889,54303896.0,40167940.0,0.10118272984446464,0.14122534002540424,0.17082643508911133
1.0,0.9754098653793335,,0.0,2.4046609962535,1.2258282547694073,489.2415434736573,1.2258282547694073,,0.5612972202423379,46.06204605102539,50.09296417236328,0.5081967115402222,521274.7,31957680.0,0.09967193586518344,0.1398193527316793,0.12263178825378418
1.0,0.9672130942344666,,0.0,2.54795985670001,1.2548446696443833,288.40061704234375,1.2548446696443833,,0.5727013542409123,44.07273864746094,49.122581481933594,0.4836065471172333,288690.56,31068526.0,0.08942835525726417,0.1386913940999635,0.11029338836669922
1.0,0.9672130942344666,,0.0,2.7001103913077387,1.3091965593673067,276.11964278957527,1.3091965593673067,,0.5734141126158232,48.34991455078125,49.98406219482422,0.5245901346206665,552901.94,31300864.0,0.08659384817430747,0.13767392700110964,0.11028385162353516
1.0,0.9098360538482666,,0.0,2.756391365077518,1.3328212294094661,510.67232872806494,1.3328212294094661,,0.5591589451176051,38.40861892700195,31.703536987304688,0.0901639312505722,954882.25,34668284.0,0.10320916059006177,0.14423892723161152,0.11558985710144043
