model_returned_smth,valid_cf_disc,dissimilarity_proximity_categorical_hamming,dissimilarity_proximity_categorical_jaccard,dissimilarity_proximity_continuous_manhatan,dissimilarity_proximity_continuous_euclidean,dissimilarity_proximity_continuous_mad,distance_l2_jaccard,distance_mad_hamming,sparsity,flow_log_density_cfs,flow_log_density_xs,flow_prob_condition_acc,lof_scores_xs,lof_scores_cfs,isolation_forest_scores_xs,isolation_forest_scores_cfs,time
1.0,1.0,,0.0,2.319618363580977,1.0786677021367863,334.4525798957527,1.0786677021367863,,0.5538132573057734,56.35895919799805,49.83808135986328,0.4590163826942444,104267.85,48.23486,0.0972742725870185,0.1357582024401509,0.5265190601348877
1.0,1.0,,0.0,2.4131404989637444,1.2271426588309173,490.151700111785,1.2271426588309173,,0.5616535994297933,57.66300582885742,50.09296417236328,1.0,21441.25,2.5983508,0.09434583964758662,0.14407882402981734,0.3365650177001953
1.0,1.0,,0.0,2.5476983657707803,1.2548411551014418,288.8191994169107,1.2548411551014418,,0.5719885958660014,54.91889190673828,49.122581481933594,0.5,11326440.0,2.1921082,0.08994345253762509,0.14235894491539253,0.3354585170745849
1.0,1.0,,0.0,2.698903201040109,1.3090887404547775,276.2699968903692,1.3090887404547775,,0.5730577334283677,57.46030044555664,49.98406219482422,1.0,76606.23,3.5505216,0.08312124555445392,0.14110841226099852,0.3533334732055664
1.0,1.0,,0.0,2.764307358269995,1.3356604303926671,514.558072431437,1.3356604303926671,,0.5588025659301497,48.184364318847656,31.703536987304688,1.0,213346.58,2.4650216,0.09947629905442189,0.13938807274898457,0.3348968029022217
