model_returned_smth,valid_cf_disc,dissimilarity_proximity_categorical_hamming,dissimilarity_proximity_categorical_jaccard,dissimilarity_proximity_continuous_manhatan,dissimilarity_proximity_continuous_euclidean,dissimilarity_proximity_continuous_mad,distance_l2_jaccard,distance_mad_hamming,sparsity,flow_log_density_cfs,flow_log_density_xs,flow_prob_condition_acc,lof_scores_xs,lof_scores_cfs,isolation_forest_scores_xs,isolation_forest_scores_cfs,time
1.0,1.0,,0.0,2.3264485656986658,1.0807392722162175,334.46525109993564,1.0807392722162175,,0.5545260156806843,56.45167922973633,49.83808517456055,0.46721312403678894,54303896.0,40167940.0,0.09836737857430923,0.13037635980408535,0.049381256103515625
1.0,1.0,,0.0,2.4046609962535,1.2258282547694073,489.2415434736573,1.2258282547694073,,0.5612972202423379,57.66301345825195,50.092960357666016,1.0,521274.7,31957680.0,0.08510765331067227,0.12473054795301064,0.03826403617858887
1.0,1.0,,0.0,2.5476983657707803,1.2548411551014418,288.8191994169107,1.2548411551014418,,0.5719885958660014,54.91889572143555,49.122581481933594,0.5,288690.56,31068526.0,0.09290518588011386,0.14595835735706442,0.03897809982299805
1.0,1.0,,0.0,2.7001103913077387,1.3091965593673067,276.11964278957527,1.3091965593673067,,0.5734141126158232,57.525455474853516,49.98406219482422,1.0,552901.94,31300864.0,0.08825355013666003,0.13969905124377718,0.03852272033691406
1.0,1.0,,0.0,2.756107612490367,1.3328171550316261,513.2355917633,1.3328171550316261,,0.5577334283677833,48.28888702392578,31.703533172607422,1.0,954882.25,34668284.0,0.09778103951092655,0.13642933418450617,0.03834795951843262
