model_returned_smth,valid_cf_disc,dissimilarity_proximity_categorical_hamming,dissimilarity_proximity_categorical_jaccard,dissimilarity_proximity_continuous_manhatan,dissimilarity_proximity_continuous_euclidean,dissimilarity_proximity_continuous_mad,distance_l2_jaccard,distance_mad_hamming,sparsity,flow_log_density_cfs,flow_log_density_xs,flow_prob_condition_acc,lof_scores_xs,lof_scores_cfs,isolation_forest_scores_xs,isolation_forest_scores_cfs,time
1.0,1.0,,0.0,2.33816763941759,1.0827621037205528,334.46528816407636,1.0827621037205528,,0.5559515324305061,56.26625442504883,49.83808135986328,0.4508196711540222,104267.85,48.95073,0.0972742725870185,0.13536187087033708,0.1272501945495605
1.0,1.0,,0.0,2.4046609962535,1.2258282547694073,489.2415434736573,1.2258282547694073,,0.5612972202423379,57.66300964355469,50.09296417236328,1.0,21441.25,2.598351,0.09434583964758662,0.14407882402981734,0.099968671798706
1.0,1.0,,0.0,2.54795985670001,1.2548446696443833,288.40061704234375,1.2548446696443833,,0.5727013542409123,54.750675201416016,49.122581481933594,0.4836065471172333,11326440.0,2.2315664,0.08994345253762509,0.14169659098129309,0.105079174041748
1.0,1.0,,0.0,2.7001103913077387,1.3091965593673067,276.11964278957527,1.3091965593673067,,0.5734141126158232,57.52545928955078,49.98406219482422,1.0,76606.23,3.5077858,0.08312124555445392,0.14147701694659107,0.0990853309631347
1.0,1.0,,0.0,2.756391365077518,1.3328212294094661,510.67232872806494,1.3328212294094661,,0.5591589451176051,48.0798454284668,31.703536987304688,1.0,213346.58,2.4886327,0.09947629905442189,0.13902242885512522,0.0994577407836914
