model_returned_smth,valid_cf_disc,dissimilarity_proximity_categorical_hamming,dissimilarity_proximity_categorical_jaccard,dissimilarity_proximity_continuous_manhatan,dissimilarity_proximity_continuous_euclidean,dissimilarity_proximity_continuous_mad,distance_l2_jaccard,distance_mad_hamming,sparsity,flow_log_density_cfs,flow_log_density_xs,flow_prob_condition_acc,lof_scores_xs,lof_scores_cfs,isolation_forest_scores_xs,isolation_forest_scores_cfs,time
1.0,1.0,,0.0,2.319618363580977,1.0786677021367863,334.4525798957527,1.0786677021367863,,0.5538132573057734,56.35895919799805,49.83808135986328,0.4590163826942444,54303896.0,40167940.0,0.09931838028148894,0.13648814489108949,0.5265190601348877
1.0,1.0,,0.0,2.4131404989637444,1.2271426588309173,490.151700111785,1.2271426588309173,,0.5616535994297933,57.66300582885742,50.09296417236328,1.0,521274.7,31957680.0,0.09354839749251856,0.13670530839283337,0.3365650177001953
1.0,1.0,,0.0,2.5476983657707803,1.2548411551014418,288.8191994169107,1.2548411551014418,,0.5719885958660014,54.91889190673828,49.122581481933594,0.5,288690.56,31068526.0,0.09306809154909286,0.135290046487071,0.33545851707458496
1.0,1.0,,0.0,2.698903201040109,1.3090887404547775,276.2699968903692,1.3090887404547775,,0.5730577334283677,57.46030044555664,49.98406219482422,1.0,552901.94,31300864.0,0.08432777827772751,0.13623680181755837,0.3533334732055664
1.0,1.0,,0.0,2.764307358269995,1.3356604303926671,514.558072431437,1.3356604303926671,,0.5588025659301497,48.184364318847656,31.703536987304688,1.0,954882.25,34668284.0,0.10140052351174023,0.14571944500428732,0.3348968029022217
