model_returned_smth,valid_cf_disc,dissimilarity_proximity_categorical_hamming,dissimilarity_proximity_categorical_jaccard,dissimilarity_proximity_continuous_manhatan,dissimilarity_proximity_continuous_euclidean,dissimilarity_proximity_continuous_mad,distance_l2_jaccard,distance_mad_hamming,sparsity,flow_log_density_cfs,flow_log_density_xs,flow_prob_condition_acc,lof_scores_xs,lof_scores_cfs,isolation_forest_scores_xs,isolation_forest_scores_cfs,time
1.0,0.9016393423080444,,0.0,2.4447780789994624,1.1286655518867261,348.551256290645,1.1286655518867261,,0.5814229249011857,56.71128845214844,49.29206848144531,0.4909090995788574,104267.85,26.710743,0.0972742725870185,0.1329823185651192,0.1656999588012695
1.0,0.9672130942344666,,0.0,2.812549301082407,1.4218844699117572,520.426319417578,1.4218844699117572,,0.5633750921149595,57.61861038208008,50.10732650756836,0.5677965879440308,21441.25,0.9874635,0.09434583964758662,0.1385180773791513,0.1531972885131836
1.0,0.9836065769195557,,0.0,2.5921305791074327,1.267151233331304,307.02543199038064,1.267151233331304,,0.5728260869565217,54.989662170410156,49.11632537841797,0.5,11326440.0,2.190948,0.08994345253762509,0.13701639692819506,0.1727657318115234
1.0,0.9754098653793335,,0.0,3.0881165355762614,1.481761820983181,281.5947310922111,1.481761820983181,,0.5765436609426379,56.77904510498047,49.96578598022461,0.5126050710678101,76606.23,0.99137974,0.08312124555445392,0.1347149566813956,0.1598246097564697
1.0,0.811475396156311,,0.0,2.896148447331823,1.4016457783583152,337.42906371680965,1.4016457783583152,,0.5393061045234958,49.011959075927734,27.064786911010742,0.9797979593276978,213346.58,24.390802,0.09947629905442189,0.14132737336366907,0.1682198047637939
