model_returned_smth,valid_cf_disc,dissimilarity_proximity_categorical_hamming,dissimilarity_proximity_categorical_jaccard,dissimilarity_proximity_continuous_manhatan,dissimilarity_proximity_continuous_euclidean,dissimilarity_proximity_continuous_mad,distance_l2_jaccard,distance_mad_hamming,sparsity,flow_log_density_cfs,flow_log_density_xs,flow_prob_condition_acc,lof_scores_xs,lof_scores_cfs,isolation_forest_scores_xs,isolation_forest_scores_cfs,time
1.0,1.0,,0.0,2.33816763941759,1.0827621037205528,334.46528816407636,1.0827621037205528,,0.5559515324305061,56.26625442504883,49.83808135986328,0.4508196711540222,54303896.0,40167940.0,0.10046590690776831,0.1340185933754435,0.12725019454956055
1.0,1.0,,0.0,2.4046609962535,1.2258282547694073,489.2415434736573,1.2258282547694073,,0.5612972202423379,57.66300964355469,50.09296417236328,1.0,521274.7,31957680.0,0.09729720249505835,0.14218810593430764,0.09996867179870605
1.0,1.0,,0.0,2.54795985670001,1.2548446696443833,288.40061704234375,1.2548446696443833,,0.5727013542409123,54.750675201416016,49.122581481933594,0.4836065471172333,288690.56,31068526.0,0.08649904094542771,0.1287862274973992,0.10507917404174805
1.0,1.0,,0.0,2.7001103913077387,1.3091965593673067,276.11964278957527,1.3091965593673067,,0.5734141126158232,57.52545928955078,49.98406219482422,1.0,552901.94,31300864.0,0.08798450816674763,0.14572709056215516,0.09908533096313477
1.0,1.0,,0.0,2.756391365077518,1.3328212294094661,510.67232872806494,1.3328212294094661,,0.5591589451176051,48.0798454284668,31.703536987304688,1.0,954882.25,34668284.0,0.1017371765426757,0.14460545574864336,0.0994577407836914
