,precision,recall,f1-score,support
0,0.8969072164948454,0.8787878787878788,0.8877551020408163,99.0
1,0.883495145631068,0.900990099009901,0.8921568627450981,101.0
accuracy,0.89,0.89,0.89,0.89
macro avg,0.8902011810629566,0.8898889888988899,0.8899559823929573,200.0
weighted avg,0.8901341207086378,0.89,0.8899779911964785,200.0
