coverage,validity,actionability,sparsity,proximity_euclidean_hamming,proximity_euclidean_jaccard,proximity_l1_jaccard,proximity_mad_jaccard,proximity_l2_jaccard,proximity_mad_hamming,prob_plausibility,log_density_cf,log_density_test,lof_scores_cf,lof_scores_test,isolation_forest_scores_cf,isolation_forest_scores_test,number_of_instances,cf_search_time
1.0,0.9411764705882353,0.058823529411764705,0.4852941176470588,0.33432337110791427,0.33432337110791427,0.33960439699391526,1.8996000691937904,0.33432337110791427,1.8996000691937904,0.0196078431372549,-22.036798,1.5901033,2.230121,1.0398191,-0.07185253253840135,0.004989281339798792,102.0,75.88312196731567
