,train_ll,test_ll
0,-29.597225189208984,-29.2667236328125
