,train_ll,test_ll
0,-12.383063316345215,-12.052095413208008
