,train_ll,test_ll
0,-29.318849563598633,-29.84648895263672
