,train_ll,test_ll
0,-14.180986404418945,-13.88991928100586
