,precision,recall,f1-score,support
0,0.7097581317764804,0.7793040293040293,0.7429070274989088,1092.0
1,0.7301231802911534,0.652,0.6888536714210248,1000.0
accuracy,0.7184512428298279,0.7184512428298279,0.7184512428298279,0.7184512428298279
macro avg,0.7199406560338169,0.7156520146520147,0.7158803494599668,2092.0
weighted avg,0.7194928585999378,0.7184512428298279,0.7170689031786966,2092.0
