,precision,recall,f1-score,support
0,0.7252851711026616,0.7422178988326849,0.7336538461538461,1028.0
1,0.7128927410617552,0.6948257655755016,0.7037433155080214,947.0
accuracy,0.719493670886076,0.719493670886076,0.719493670886076,0.719493670886076
macro avg,0.7190889560822084,0.7185218322040932,0.7186985808309337,1975.0
weighted avg,0.7193430793311485,0.719493670886076,0.7193119360163291,1975.0
