model_returned_smth,valid_cf_disc,dissimilarity_proximity_categorical_hamming,dissimilarity_proximity_categorical_jaccard,dissimilarity_proximity_continuous_manhatan,dissimilarity_proximity_continuous_euclidean,dissimilarity_proximity_continuous_mad,distance_l2_jaccard,distance_mad_hamming,sparsity,flow_log_density_cfs,flow_log_density_xs,flow_prob_condition_acc,lof_scores_xs,lof_scores_cfs,isolation_forest_scores_xs,isolation_forest_scores_cfs,time
1.0,tensor(0.7817),,0.0,0.4066334247658709,0.29092590055435624,3.4938849113560932,0.29092590055435624,,0.0679748621264589,-10.068429946899414,-8.625744819641113,0.6764994859695435,1.0959792,1.2314946176108996,0.0539067067584632,0.033946126204151654,14.60756802558899
1.0,tensor(0.5702),,0.0,0.15076714203672514,0.10667922276622277,1.553209181910202,0.10667922276622277,,0.04958265852746979,-3.168722629547119,-12.610243797302246,0.8901623487472534,1.0913891,1.1416556492851158,0.05380928479497371,0.04813100728532257,14.189043283462524
1.0,tensor(0.6152),,0.0,0.26593690885580734,0.19221821253066895,2.251671695325953,0.19221821253066895,,0.05349812403442949,-32.091529846191406,-12.952189445495605,0.2761421203613281,1.0995586,1.1981035568758698,0.053778129765077495,0.04153294942957585,14.220329761505127
1.0,tensor(0.7336),,0.0,0.47895534330364103,0.34044885621949716,4.413105713313902,0.34044885621949716,,0.06379049857310727,-79.7498550415039,-19.083757400512695,0.0810810774564743,1.1089622,1.391075805724942,0.054255859431945594,0.03823817556782548,14.842496156692505
1.0,tensor(0.7456),,0.0,0.23598927748716245,0.1672456421383918,2.2117256028578263,0.1672456421383918,,0.06483100825639565,-21.2364559173584,-39.10853576660156,0.7726847529411316,1.1036736,1.1796695466573284,0.054628887733750145,0.043136197827072356,14.841901063919067
