model_returned_smth,valid_cf_disc,dissimilarity_proximity_categorical_hamming,dissimilarity_proximity_categorical_jaccard,dissimilarity_proximity_continuous_manhatan,dissimilarity_proximity_continuous_euclidean,dissimilarity_proximity_continuous_mad,distance_l2_jaccard,distance_mad_hamming,sparsity,flow_log_density_cfs,flow_log_density_xs,flow_prob_condition_acc,lof_scores_xs,lof_scores_cfs,isolation_forest_scores_xs,isolation_forest_scores_cfs,time
1.0,tensor(0.9990),,0.0,0.40645355220229207,0.30586923500215335,3.5191348420915953,0.30586923500215335,,0.08687299001795933,-198419021824.0,-446.7385559082031,0.06051873043179512,1.0901688,1.3158395993354355,0.054455416241959806,0.045491688993655834,0.2645120620727539
1.0,tensor(0.9991),,0.0,0.40988751558811454,0.3801109101465649,4.863822973550135,0.3801109101465649,,0.08687464177515762,-72596008.0,-15727.7939453125,0.2222222238779068,1.0901592,1.357759641749267,0.053742864146498294,0.04095909336413987,0.27086949348449707
1.0,tensor(0.9990),,0.0,0.35305665809617703,0.34407026844352107,15.875257152532791,0.34407026844352107,,0.08687330975660496,-26687.4765625,-7127.30615234375,0.6641148328781128,1.0975032,1.5174463492433918,0.0541438314805938,0.0573992937553637,0.2533457279205322
1.0,tensor(0.9990),,0.0,0.5075649191017406,0.5022922534593269,28.57798712058316,0.5022922534593269,,0.08687118658531381,-136028.359375,11.05445671081543,0.1589793860912323,1.1049746,1.9207766068700067,0.05422856446888935,0.052076465080874566,0.2547135353088379
1.0,tensor(0.9991),,0.0,0.27837329262084065,0.2643853707553462,17.51347739017237,0.2643853707553462,,0.08687417654808959,-2818.775146484375,-885.7353515625,0.6486742496490479,1.1006212,1.353416342630493,0.05485222402368288,0.05908722072288064,0.26140308380126953
