model_returned_smth,valid_cf_disc,dissimilarity_proximity_categorical_hamming,dissimilarity_proximity_categorical_jaccard,dissimilarity_proximity_continuous_manhatan,dissimilarity_proximity_continuous_euclidean,dissimilarity_proximity_continuous_mad,distance_l2_jaccard,distance_mad_hamming,sparsity,flow_log_density_cfs,flow_log_density_xs,flow_prob_condition_acc,lof_scores_xs,lof_scores_cfs,isolation_forest_scores_xs,isolation_forest_scores_cfs,time
1.0,tensor(0.6084),,0.0,0.5697668351595403,0.4573703151498599,5.419615397014209,0.4573703151498599,,0.05290158268146262,-77.18350982666016,20.05811882019043,0.1841004192829132,1.1013258,1.8037933579665566,0.03859031551542524,0.03510630429320997,20.002838373184204
1.0,tensor(0.7734),,0.0,0.38911104215410863,0.2872155586749916,9.002424345479849,0.2872155586749916,,0.06724944406103826,-0.9672232866287231,19.152469635009766,0.230158731341362,1.097586,301995778.7440542,0.04161776809051258,0.029826739969443555,20.076228618621826
1.0,tensor(0.7089),,0.0,0.37542865553434857,0.282865032279542,8.948334005981547,0.282865032279542,,0.061646623496762254,-39.51902389526367,24.410921096801758,0.16765958070755005,1.0853218,1.4068161396874157,0.04714019391438539,0.03416406594859234,20.68036127090454
1.0,tensor(0.8856),,0.0,0.4249329888211401,0.30047885969844756,5.723984663416926,0.30047885969844756,,0.07700590353841012,8.715961456298828,19.995004653930664,0.24338172376155853,1.1039693,91774038.83840953,0.03796580949338506,0.03179049469108246,20.870694398880005
1.0,tensor(0.7687),,0.0,0.5843174019403997,0.5195506933121483,9.261198499518814,0.5195506933121483,,0.06684462646725418,-277.4365539550781,16.27068519592285,0.18671151995658875,1.0994263,1.7370862298654182,0.03382582100406674,0.01845541138256032,20.516453981399536
