model_returned_smth,valid_cf_disc,dissimilarity_proximity_categorical_hamming,dissimilarity_proximity_categorical_jaccard,dissimilarity_proximity_continuous_manhatan,dissimilarity_proximity_continuous_euclidean,dissimilarity_proximity_continuous_mad,distance_l2_jaccard,distance_mad_hamming,sparsity,time
1.0,tensor(0.9990),0.08687342902843846,0.10169707973971356,0.29778012418921534,0.28705188373918994,18.996001434735604,0.38874896347890353,19.082874863764044,0.08687342902843848,0.6932268142700195
1.0,tensor(0.9990),0.08687185131874177,0.10169846882988677,0.25694505873904816,0.24768799908772354,16.391049327905257,0.3493864679176103,16.477921179223998,0.0868718513187418,1.090571403503418
1.0,tensor(0.9991),0.08687400072205886,0.10167245392400107,0.3487790116691205,0.33621341444769237,15.529938825867418,0.4378858683716934,15.616812826589477,0.0868740007220589,1.142878770828247
1.0,tensor(0.9990),0.08687313020545587,0.10173385611931328,0.28634597056177097,0.2760296728154158,18.266593455263116,0.3777635289347291,18.35346658546857,0.0868731302054559,0.6417040824890137
1.0,tensor(0.9990),0.08687276876851724,0.10176906685445324,0.299937014400808,0.2891310668275242,19.137643786964023,0.39090013368197746,19.224516555732542,0.08687276876851725,0.7534999847412109
