model_returned_smth,valid_cf_disc,dissimilarity_proximity_categorical_hamming,dissimilarity_proximity_categorical_jaccard,dissimilarity_proximity_continuous_manhatan,dissimilarity_proximity_continuous_euclidean,dissimilarity_proximity_continuous_mad,distance_l2_jaccard,distance_mad_hamming,sparsity,flow_log_density_cfs,flow_log_density_xs,flow_prob_condition_acc,lof_scores_xs,lof_scores_cfs,isolation_forest_scores_xs,isolation_forest_scores_cfs,time
1.0,tensor(0.1607),,0.0,0.218039820825783,0.2027007329516964,2.914363122073096,0.2027007329516964,,0.08695652173913043,-51.2246208190918,-20.7371883392334,0.7700831294059753,1.1121242,1.2322112019476186,0.0296343525173733,0.025721567206132914,1.155146837234497
1.0,tensor(0.1077),,0.0,0.5326715725019803,0.4277728622370146,3.0622696220437757,0.4277728622370146,,0.08695652173913043,-27.541645050048828,-15.467020988464355,0.4987277388572693,1.094199,1.4233541943717791,0.055002114611334564,0.04822872921277578,2.5841307640075684
1.0,tensor(0.1155),,0.0,0.47784548893729106,0.37455405698679006,21.980891964687856,0.37455405698679006,,0.08695652173913043,-95.61488342285156,-14.716753959655762,0.13007284700870514,1.0997001,1.597584054263388,0.05146808615583276,0.056146117991475564,2.3322205543518066
1.0,tensor(0.1247),,0.0,0.3763234242278354,0.2984795714342689,4.6044384790991035,0.2984795714342689,,0.08695652173913043,-26.49037742614746,-4.598766326904297,0.28378379344940186,1.1082585,1.3230716706015544,0.05175487098035588,0.03726013683596253,1.8923594951629639
1.0,tensor(0.1040),,0.0,0.4808324027057979,0.44105546998270817,4.5171702879470415,0.44105546998270817,,0.08695652173913043,-739.3906860351562,-23.67857551574707,0.06362854689359665,1.0993793,1.6059265794581066,0.05656138640189447,0.04114350941070081,2.1637182235717773
