model_returned_smth,valid_cf_disc,dissimilarity_proximity_categorical_hamming,dissimilarity_proximity_categorical_jaccard,dissimilarity_proximity_continuous_manhatan,dissimilarity_proximity_continuous_euclidean,dissimilarity_proximity_continuous_mad,distance_l2_jaccard,distance_mad_hamming,sparsity,flow_log_density_cfs,flow_log_density_xs,flow_prob_condition_acc,lof_scores_xs,lof_scores_cfs,isolation_forest_scores_xs,isolation_forest_scores_cfs,time
1.0,tensor(0.9991),,0.0,0.3869692718118516,0.3724944929079564,3.8652479945569413,0.3724944929079564,,0.08688103864734299,12.897032737731934,17.82400894165039,0.2152777761220932,1.100136,142847233.07853958,0.03694497724958259,0.03619432956001404,0.2759206295013428
1.0,tensor(0.9991),,0.0,0.19973069334907492,0.19105715754015262,14.553559054158635,0.19105715754015262,,0.08687895124694567,-12.254237174987793,7.892159938812256,0.17127564549446106,1.0995175,50039968.7010418,0.03989984169620979,0.03608102050960669,0.266737699508667
1.0,tensor(0.9991),,0.0,0.3785399646217646,0.3294387346746722,5.233282419062829,0.3294387346746722,,0.08688057717865957,-133.5343017578125,24.35289764404297,0.10131004452705383,1.0862508,142314272.41438052,0.04547637292718991,0.0342385789845864,0.2782726287841797
1.0,tensor(0.9991),,0.0,0.372084572684522,0.3668528227589046,4.7802283666924374,0.3668528227589046,,0.08688103864734299,-244.48158264160156,21.215518951416016,0.0954861119389534,1.1040739,117014350.30728613,0.03670352290346571,0.03133874303208184,0.2737720012664795
1.0,tensor(0.9991),,0.0,0.33592891482880655,0.2633142737661989,18.47609280528599,0.2633142737661989,,0.08688188094793804,-51.9367790222168,16.758838653564453,0.10300429165363312,1.0987337,115468035.97497757,0.03300581247909776,0.029810428765006395,0.271564245223999
