model_returned_smth,valid_cf_disc,dissimilarity_proximity_categorical_hamming,dissimilarity_proximity_categorical_jaccard,dissimilarity_proximity_continuous_manhatan,dissimilarity_proximity_continuous_euclidean,dissimilarity_proximity_continuous_mad,distance_l2_jaccard,distance_mad_hamming,sparsity,time
1.0,tensor(0.9991),0.08687504455783351,0.0995802601492072,0.4051109132952255,0.3130483899651939,5.643558723039841,0.4126286501144011,5.730433767597675,0.08687504455783353,6.368283033370972
1.0,tensor(0.9990),0.0868723431120838,0.10062773380434607,0.3667124665263167,0.31484869816697303,21.463116794200747,0.4154764319713191,21.54998913731283,0.08687234311208385,8.713859796524048
1.0,tensor(0.9991),0.08687464177515761,0.09953971170401732,0.4570565137620556,0.3531892157445917,6.695596948429076,0.45272892744860904,6.782471590204233,0.08687464177515762,7.734546899795532
1.0,tensor(0.9990),0.08687321010153604,0.10204333061830265,0.30229641027392407,0.2914054598270855,19.284104534895132,0.39344879044538816,19.37097774499667,0.08687321010153606,6.0211098194122314
1.0,tensor(0.9990),0.08687362705682428,0.09970227836702211,0.3258021576921201,0.2517627582112991,4.538716555603186,0.35146503657832123,4.62559018266001,0.0868736270568243,5.978442192077637
