model_returned_smth,valid_cf_disc,dissimilarity_proximity_categorical_hamming,dissimilarity_proximity_categorical_jaccard,dissimilarity_proximity_continuous_manhatan,dissimilarity_proximity_continuous_euclidean,dissimilarity_proximity_continuous_mad,distance_l2_jaccard,distance_mad_hamming,sparsity,flow_log_density_cfs,flow_log_density_xs,flow_prob_condition_acc,lof_scores_xs,lof_scores_cfs,isolation_forest_scores_xs,isolation_forest_scores_cfs,time
1.0,tensor(0.),,0.0,0.0,0.0,0.0,0.0,,0.0,-22.08025360107422,24.36720085144043,0.5368068814277649,1.0955428,1.0955426669827086,0.05840305597250849,0.05840305597250849,4.83759617805481
1.0,tensor(0.9991),,0.0,0.31894959513692267,0.24736213044346106,9.550433728312647,0.24736213044346106,,0.08688219992567818,-31.748470306396484,19.89430809020996,0.14358974993228912,1.1001917,86934563.85839862,0.040751928150415055,0.030415660536312807,13.074742078781128
1.0,tensor(0.9991),,0.0,0.38150178344077385,0.3320163694409572,5.274229310440677,0.3320163694409572,,0.08688213634842117,-46.987640380859375,24.762178421020508,0.10265184193849564,1.0859745,755178497.6885797,0.04565124570647855,0.035402800829164596,9.457879781723022
1.0,tensor(0.9991),,0.0,0.4727233085559936,0.341736331370625,8.18844801211488,0.341736331370625,,0.08688162378758942,9.072527885437012,20.323551177978516,0.1429801881313324,1.1049755,105545900.6689589,0.03609083861282934,0.024610362891808315,4.1616902351379395
1.0,tensor(0.9992),,0.0,0.4057893026871807,0.2914791671408261,12.214694697454487,0.2914791671408261,,0.0868833260137608,-18.371858596801758,13.783021926879883,0.13636364042758942,1.0969332,124945011.30905044,0.034087969785659485,0.024952699286061714,10.950015783309937
