model_returned_smth,valid_cf_disc,dissimilarity_proximity_categorical_hamming,dissimilarity_proximity_categorical_jaccard,dissimilarity_proximity_continuous_manhatan,dissimilarity_proximity_continuous_euclidean,dissimilarity_proximity_continuous_mad,distance_l2_jaccard,distance_mad_hamming,sparsity,time
1.0,tensor(0.7719),0.06711869490236404,0.07736894272045912,0.39331137000513694,0.27960165113435653,4.288986707686739,0.35697059385481567,4.356105402589103,0.06711869490236404,79.15541434288025
1.0,tensor(0.5736),0.04987583652510627,0.05787003740038434,0.15543442765127177,0.11049699024427301,1.694983275221598,0.16836702764465736,1.7448591117467043,0.04987583652510628,82.94956016540527
1.0,tensor(0.6407),0.055709579568805234,0.06412176114356506,0.27351943090877817,0.211361418959824,4.006891515131737,0.27548318010338907,4.062601094700542,0.05570957956880525,86.17452907562256
1.0,tensor(0.7391),0.06427311902004361,0.07398474748945454,0.4539308687136861,0.3226955284601657,4.186070087553312,0.39668027594962024,4.250343206573356,0.06427311902004361,81.46456265449524
1.0,tensor(0.7473),0.06498374887072823,0.0747448673848012,0.25256572550577805,0.1795467897875413,2.754181857232837,0.2542916571723425,2.8191656061035655,0.06498374887072823,85.28968095779419
