model_returned_smth,valid_cf_disc,dissimilarity_proximity_categorical_hamming,dissimilarity_proximity_categorical_jaccard,dissimilarity_proximity_continuous_manhatan,dissimilarity_proximity_continuous_euclidean,dissimilarity_proximity_continuous_mad,distance_l2_jaccard,distance_mad_hamming,sparsity,flow_log_density_cfs,flow_log_density_xs,flow_prob_condition_acc,lof_scores_xs,lof_scores_cfs,isolation_forest_scores_xs,isolation_forest_scores_cfs,time
1.0,tensor(0.1484),,0.0,0.3796411561793586,0.36012585134904146,2.911043389883691,0.36012585134904146,,0.08695652173913043,11.049186706542969,19.58307456970215,0.24370503425598145,1.1019261,27949233.111806743,0.0384872151348788,0.037612472207748215,2.5108766555786133
1.0,tensor(0.0814),,0.0,0.29359626881267226,0.2598625367072449,3.959382769286821,0.2598625367072449,,0.08695652173913043,-108.98907470703125,24.581233978271484,0.14020951092243195,1.1013267,225391192.98804405,0.0427798300697327,0.03536982300803194,2.279331684112549
1.0,tensor(0.0966),,0.0,0.25981913924266586,0.2564562909446719,3.3393745951766634,0.2564562909446719,,0.08688471618856138,-1.3569583892822266,14.360506057739258,0.26754748821258545,1.0862283,77026118.54024367,0.04827803662598054,0.03902735077180077,2.1839091777801514
1.0,tensor(0.0996),,0.0,0.2958299161545605,0.2916703559961023,3.8005729368022982,0.2916703559961023,,0.08695652173913043,-874.3417358398438,29.694738388061523,0.08605072647333145,1.104597,670835279.7548099,0.03319590114624554,0.03050929253375792,2.54123854637146
1.0,tensor(0.1007),,0.0,0.3043821385717282,0.2979793835836782,16.559773820281404,0.2979793835836782,,0.08695652173913043,-38.294620513916016,22.935232162475586,0.09825145453214645,1.0989919,378527754.28213185,0.03421375639074606,0.03019553332451671,2.649277925491333
