model_returned_smth,valid_cf_disc,dissimilarity_proximity_categorical_hamming,dissimilarity_proximity_categorical_jaccard,dissimilarity_proximity_continuous_manhatan,dissimilarity_proximity_continuous_euclidean,dissimilarity_proximity_continuous_mad,distance_l2_jaccard,distance_mad_hamming,sparsity,time
1.0,tensor(0.1320),0.08695652173913043,0.0997022239299212,0.45053839463158446,0.32028384797715875,4.9130366758839195,0.4199860719070799,4.99999319762305,0.08695652173913043,7.94300103187561
1.0,tensor(0.1330),0.08695652173913043,0.10070393445167562,0.4379450620203774,0.37600694067452656,25.632251078413486,0.4767108751262022,25.719207600152615,0.08695652173913043,7.917936086654663
1.0,tensor(0.1441),0.0869565217391304,0.0991954073318901,0.46679848763702,0.3407081562816471,3.2647020763713277,0.43990356361353716,3.351658598110458,0.08695652173913043,7.665961265563965
1.0,tensor(0.0987),0.08693864048851575,0.10215315345704538,0.46898423457971855,0.3335672517563391,18.749322982215475,0.4357204052133845,18.83626162270399,0.08693864048851577,8.807803630828857
1.0,tensor(0.1023),0.08691494558721115,0.10020222545988015,0.3902535019364713,0.305896018177969,25.756730360196723,0.4060982436378492,25.843645305783934,0.08691494558721118,8.695809841156006
