model_returned_smth,valid_cf_disc,dissimilarity_proximity_categorical_hamming,dissimilarity_proximity_categorical_jaccard,dissimilarity_proximity_continuous_manhatan,dissimilarity_proximity_continuous_euclidean,dissimilarity_proximity_continuous_mad,distance_l2_jaccard,distance_mad_hamming,sparsity,flow_log_density_cfs,flow_log_density_xs,flow_prob_condition_acc,lof_scores_xs,lof_scores_cfs,isolation_forest_scores_xs,isolation_forest_scores_cfs,time
1.0,tensor(0.9991),,0.0,0.5306039696594289,0.3839267379098609,2.6375623993539206,0.3839267379098609,,0.08687487242294346,-41.4596061706543,-16.2592716217041,0.08732394129037857,1.0916961,1.24760003204642,0.05435549834620409,0.032538556842714755,4.820334434509277
1.0,tensor(0.9991),,0.0,0.5949432038592318,0.4578246077691807,3.2200378700514283,0.4578246077691807,,0.08687425445271688,-29.312496185302734,-10.729840278625488,0.0870387926697731,1.0913379,1.417631010680967,0.05224953697411974,0.04328790365454169,4.179350137710571
1.0,tensor(0.9990),,0.0,0.4771205702474843,0.46497636734470554,21.45381362342009,0.46497636734470554,,0.08687299001795933,-282.4939880371094,-7.067442417144775,0.010566762648522854,1.0963281,1.7787620884877986,0.05374151213310951,0.057045241453272603,4.356542587280273
1.0,tensor(0.9990),,0.0,0.3726479641210422,0.2955643934583997,4.559468042329038,0.2955643934583997,,0.08687226154364679,-31.345699310302734,-8.737513542175293,0.1967054307460785,1.1064408,1.2999712035133217,0.05356591664613065,0.039625865928071026,4.403006076812744
1.0,tensor(0.9991),,0.0,0.49382898386940005,0.35330996678895055,4.243088583398136,0.35330996678895055,,0.08687417654808959,-71.94573211669922,-24.092378616333008,0.16856060922145844,1.0997102,1.256039927022616,0.05450230941289998,0.030505367538440964,4.732359886169434
