,precision,recall,f1-score,support
0,0.839622641509434,0.8640776699029126,0.8516746411483254,103.0
1,0.8585858585858586,0.8333333333333334,0.845771144278607,102.0
accuracy,0.848780487804878,0.848780487804878,0.848780487804878,0.848780487804878
macro avg,0.8491042500476462,0.848705501618123,0.8487228927134662,205.0
weighted avg,0.8490579982986795,0.848780487804878,0.8487372914863192,205.0
