,precision,recall,f1-score,support
0,0.7217973231357553,0.7351509250243428,0.7284129281234926,1027.0
1,0.7068965517241379,0.6927138331573389,0.6997333333333333,947.0
accuracy,0.7147922998986829,0.7147922998986829,0.7147922998986829,0.7147922998986829
macro avg,0.7143469374299466,0.7139323790908408,0.7140731307284129,1974.0
weighted avg,0.714648878086717,0.7147922998986829,0.7146542775326715,1974.0
