,precision,recall,f1-score,support
0,0.8979591836734694,0.8543689320388349,0.8756218905472637,103.0
1,0.8598130841121495,0.9019607843137255,0.8803827751196173,102.0
accuracy,0.8780487804878049,0.8780487804878049,0.8780487804878049,0.8780487804878049
macro avg,0.8788861338928095,0.8781648581762802,0.8780023328334405,205.0
weighted avg,0.8789791731600323,0.8780487804878049,0.8779907209198494,205.0
