model_returned_smth,valid_cf_disc,dissimilarity_proximity_categorical_hamming,dissimilarity_proximity_categorical_jaccard,dissimilarity_proximity_continuous_manhatan,dissimilarity_proximity_continuous_euclidean,dissimilarity_proximity_continuous_mad,distance_l2_jaccard,distance_mad_hamming,sparsity,flow_log_density_cfs,flow_log_density_xs,flow_prob_condition_acc,lof_scores_xs,lof_scores_cfs,isolation_forest_scores_xs,isolation_forest_scores_cfs,time
1.0,1.0,,0.0,1.8322447789965102,0.8551894182940811,750.1685235599446,0.8551894182940811,,0.5759087669280114,-176.02145385742188,49.83808517456055,0.008196720853447914,70472.875,24260254.0,0.09689892662430571,0.03693762355206719,0
1.0,1.0,,0.0,1.8316236556627927,0.8856094311866878,585.6909483094372,0.8856094311866878,,0.6101211689237348,-190.88392639160156,50.092960357666016,0.0,79851.234,24575822.0,0.09296685187989163,0.04294239275573811,0
1.0,1.0,,0.0,2.0049007648600075,0.9270735373699011,481.22557094278216,0.9270735373699011,,0.6072701354240913,-165.3513641357422,49.122581481933594,0.008196720853447914,82030.81,9145347.0,0.08757768935862016,0.04169900761185508,0
1.0,1.0,,0.0,2.1273611876628604,0.9505872576132525,383.06961593953895,0.9505872576132525,,0.6012116892373486,-47.172080993652344,49.98406219482422,0.0,34866.4,7156821.0,0.08801440691456405,0.05734870439160329,0
1.0,1.0,,0.0,2.1782620773655177,0.8642279219623187,868.8687948398626,0.8642279219623187,,0.6300784034212402,15.025472640991211,31.703533172607422,0.07377049326896667,134889.2,32552970.0,0.10303472038566312,0.0693182386548364,0
