model_returned_smth,valid_cf_disc,dissimilarity_proximity_categorical_hamming,dissimilarity_proximity_categorical_jaccard,dissimilarity_proximity_continuous_manhatan,dissimilarity_proximity_continuous_euclidean,dissimilarity_proximity_continuous_mad,distance_l2_jaccard,distance_mad_hamming,sparsity,flow_log_density_cfs,flow_log_density_xs,flow_prob_condition_acc,lof_scores_xs,lof_scores_cfs,isolation_forest_scores_xs,isolation_forest_scores_cfs,time
0.9918032786885246,1.0,,0.0,1.7120016760293846,0.7480518789521173,483.29804705074235,0.7480518789521173,,0.5666546891843335,-68.64266967773438,50.21417236328125,0.01652892492711544,71055.305,14913398.0,0.1070397733383813,0.08533293126668393,120.31550025939941
0.9918032786885246,1.0,,0.0,1.7251727932687073,0.8433845737044708,557.6433303113645,0.8433845737044708,,0.5688106360043119,-79.06316375732422,50.49888229370117,0.0,71416.3,15337635.0,0.09875293897520489,0.06064969599055026,95.89701795578003
0.9918032786885246,1.0,,0.0,1.880424805665434,0.8728226467699821,384.0820779432749,0.8728226467699821,,0.587495508444125,-44.50429916381836,49.565956115722656,0.00826446246355772,79604.65,7828486.5,0.08944520987887798,0.06323985523296682,100.44964098930359
0.9754098360655737,1.0,,0.0,1.8507419791006772,0.7719759657987754,373.27832693873063,0.7719759657987754,,0.5750822067957618,-5.03648042678833,51.3101921081543,0.0,35744.34,5432942.5,0.09551669053101723,0.05952808436284514,96.32978987693787
0.9836065573770492,1.0,,0.0,1.7295051740742697,0.7698992676122086,755.0771088354991,0.7698992676122086,,0.5760869565217391,-4.461564064025879,41.94363021850586,0.05833333358168602,137137.27,24678390.0,0.10120134091357623,0.06953006428732564,93.34170889854431
