model_returned_smth,valid_cf_disc,dissimilarity_proximity_categorical_hamming,dissimilarity_proximity_categorical_jaccard,dissimilarity_proximity_continuous_manhatan,dissimilarity_proximity_continuous_euclidean,dissimilarity_proximity_continuous_mad,distance_l2_jaccard,distance_mad_hamming,sparsity,flow_log_density_cfs,flow_log_density_xs,flow_prob_condition_acc,lof_scores_xs,lof_scores_cfs,isolation_forest_scores_xs,isolation_forest_scores_cfs,time
0.5081967213114754,0.8709677457809448,,0.0,1.4526141127721446,0.656229267715548,135924.25786797074,0.656229267715548,,0.605475040257649,-100.60645294189453,59.47499465942383,0.0,130704.64,40766.523,0.15778497220888366,-0.011829703585515602,626.9733352661133
0.4918032786885246,0.7333333492279053,,0.0,1.4345423291005472,0.6292611606651127,4120.298187469527,0.6292611606651127,,0.6304347826086957,-163.32003784179688,59.4619026184082,0.0,143775.69,568473.25,0.15286060862920803,-0.037072614193379906,585.9175970554352
0.5,0.8032786846160889,,0.0,1.4097911291096248,0.6395244370632162,3893.9408471058064,0.6395244370632162,,0.5962732919254659,-149.43431091308594,60.42401885986328,0.0,190171.16,59947.57,0.15656269994226468,-0.02818305808610863,608.88507771492
0.48360655737704916,0.5932203531265259,,0.0,1.6477112148508954,0.7053356568961274,2516.7976627905036,0.7053356568961274,,0.6211180124223602,-237.00753784179688,59.504032135009766,0.0,62376.8,54301.34,0.15031808236849553,-0.04105957411019342,570.0269162654877
0.4672131147540984,0.8070175647735596,,0.0,1.4272537960671443,0.6486705819453141,1107.9833170245106,0.6486705819453141,,0.5803402646502835,-73.50415802001953,55.43986129760742,0.0,202568.61,3322482.8,0.16321549045854503,0.022255478429746237,617.0645952224731
