model_returned_smth,valid_cf_disc,dissimilarity_proximity_categorical_hamming,dissimilarity_proximity_categorical_jaccard,dissimilarity_proximity_continuous_manhatan,dissimilarity_proximity_continuous_euclidean,dissimilarity_proximity_continuous_mad,distance_l2_jaccard,distance_mad_hamming,sparsity,flow_log_density_cfs,flow_log_density_xs,flow_prob_condition_acc,lof_scores_xs,lof_scores_cfs,isolation_forest_scores_xs,isolation_forest_scores_cfs,time
0.5081967213114754,0.8387096524238586,,0.0,1.4831343728949116,0.6598185321245768,15925.36527147387,0.6598185321245768,,0.6153846153846154,-90.61235046386719,59.737613677978516,0.0,104267.85,106.58084,0.0972742725870185,-0.029431916020021546,626.9733352661133
0.4918032786885246,0.6833333373069763,,0.0,1.4711438172429845,0.6445352803393084,75621.43943984607,0.6445352803393084,,0.616118769883351,-217.10585021972656,60.31523895263672,0.0,21441.25,148.92549,0.09434583964758662,-0.03713423241823081,585.9175970554352
0.5,0.8032786846160889,,0.0,1.4816725393284438,0.664361756865702,5312.381529737742,0.664361756865702,,0.6007098491570542,-159.8936767578125,60.71840286254883,0.0,11326440.0,137.21822,0.08994345253762509,-0.022923935098069365,608.88507771492
0.48360655737704916,0.7457627058029175,,0.0,1.594455796197048,0.6618485140849854,1208.428114295957,0.6618485140849854,,0.6284584980237155,-239.13734436035156,59.60822677612305,0.0,76606.23,143.56267,0.08312124555445392,-0.05150045188477347,570.0269162654877
0.4672131147540984,0.8245614171028137,,0.0,1.398400602149853,0.6400059582094249,972.0384065675182,0.6400059582094249,,0.5689176688251619,-69.25324249267578,55.390438079833984,0.0,213346.58,84.59468,0.09947629905442189,0.016455487662824484,617.0645952224731
