model_returned_smth,valid_cf_disc,dissimilarity_proximity_categorical_hamming,dissimilarity_proximity_categorical_jaccard,dissimilarity_proximity_continuous_manhatan,dissimilarity_proximity_continuous_euclidean,dissimilarity_proximity_continuous_mad,distance_l2_jaccard,distance_mad_hamming,sparsity,flow_log_density_cfs,flow_log_density_xs,flow_prob_condition_acc,lof_scores_xs,lof_scores_cfs,isolation_forest_scores_xs,isolation_forest_scores_cfs,time
0.9918032786885246,1.0,,0.0,1.7120016760293846,0.7480518789521173,483.29804705074235,0.7480518789521173,,0.5666546891843335,-68.64265441894531,50.21418380737305,0.01652892492711544,104267.85,136540050.0,0.0972742725870185,0.07347140500959713,120.3155002593994
0.9918032786885246,1.0,,0.0,1.7251727932687073,0.8433845737044708,557.6433303113645,0.8433845737044708,,0.5688106360043119,-79.06314849853516,50.49888229370117,0.0,21441.25,122643650.0,0.09434583964758662,0.06407220099799996,95.89701795578004
0.9918032786885246,1.0,,0.0,1.880424805665434,0.8728226467699821,384.0820779432749,0.8728226467699821,,0.587495508444125,-44.50431823730469,49.56594467163086,0.00826446246355772,11326440.0,106802880.0,0.08994345253762509,0.054384205744683445,100.4496409893036
0.9754098360655737,1.0,,0.0,1.8507419791006772,0.7719759657987754,373.27832693873063,0.7719759657987754,,0.5750822067957618,-5.036474704742432,51.31019973754883,0.0,76606.23,174729310.0,0.08312124555445392,0.05596637917868047,96.32978987693788
0.9836065573770492,1.0,,0.0,1.7295051740742697,0.7698992676122086,755.0771088354991,0.7698992676122086,,0.5760869565217391,-4.461563587188721,41.94363021850586,0.05833333358168602,213346.58,171223500.0,0.09947629905442189,0.06508508052413736,93.34170889854433
