model_returned_smth,valid_cf_disc,dissimilarity_proximity_categorical_hamming,dissimilarity_proximity_categorical_jaccard,dissimilarity_proximity_continuous_manhatan,dissimilarity_proximity_continuous_euclidean,dissimilarity_proximity_continuous_mad,distance_l2_jaccard,distance_mad_hamming,sparsity,flow_log_density_cfs,flow_log_density_xs,flow_prob_condition_acc,lof_scores_xs,lof_scores_cfs,isolation_forest_scores_xs,isolation_forest_scores_cfs,time
1.0,0.9016393423080444,,0.0,1.8322447789965102,0.8551894182940811,750.1685235599446,0.8551894182940811,,0.5759087669280114,-641.4677734375,49.83808135986328,0.016393441706895828,70472.875,24260254.0,0.09894602355467184,0.038029210591833576,332.04273533821106
1.0,0.9754098653793335,,0.0,1.8316236556627927,0.8856094311866878,585.6909483094372,0.8856094311866878,,0.6101211689237348,-134.06837463378906,50.09296417236328,0.0,79851.234,24575822.0,0.09622868590888647,0.04610820451261611,342.5869278907776
1.0,0.9672130942344666,,0.0,2.0049007648600075,0.9270735373699011,481.22557094278216,0.9270735373699011,,0.6072701354240913,-124.6082763671875,49.122581481933594,0.016393441706895828,82030.81,9145347.0,0.09169696023706317,0.048521613504727695,358.6474323272705
1.0,0.9672130942344666,,0.0,2.1273611876628604,0.9505872576132525,383.06961593953895,0.9505872576132525,,0.6012116892373486,-71.9614486694336,49.98406219482422,0.0,34866.4,7156821.0,0.08852024284308188,0.06349698291336645,347.5691349506378
1.0,0.9098360538482666,,0.0,2.1782620773655177,0.8642279219623187,868.8687948398626,0.8642279219623187,,0.6300784034212402,5.816866397857666,31.703536987304688,0.02459016442298889,134889.2,32552970.0,0.09847322570954856,0.06634567093427444,338.0961995124817
