model_returned_smth,valid_cf_disc,dissimilarity_proximity_categorical_hamming,dissimilarity_proximity_categorical_jaccard,dissimilarity_proximity_continuous_manhatan,dissimilarity_proximity_continuous_euclidean,dissimilarity_proximity_continuous_mad,distance_l2_jaccard,distance_mad_hamming,sparsity,flow_log_density_cfs,flow_log_density_xs,flow_prob_condition_acc,lof_scores_xs,lof_scores_cfs,isolation_forest_scores_xs,isolation_forest_scores_cfs,time
1.0,1.0,,0.0,1.8322447789965102,0.8551894182940811,750.1685235599446,0.8551894182940811,,0.5759087669280114,-176.0214385986328,49.83808135986328,0.008196720853447914,104267.85,187135500.0,0.0972742725870185,0.04551676314426058,272.8134765462
1.0,1.0,,0.0,1.8316236556627927,0.8856094311866878,585.6909483094372,0.8856094311866878,,0.6101211689237348,-190.88394165039062,50.09296417236328,0.0,21441.25,306928400.0,0.09434583964758662,0.04475662406515795,277.2235447693
1.0,1.0,,0.0,2.0049007648600075,0.9270735373699011,481.22557094278216,0.9270735373699011,,0.6072701354240913,-165.35134887695312,49.122581481933594,0.008196720853447914,11326440.0,208388480.0,0.08994345253762509,0.04534968430195169,244.09827555327
1.0,1.0,,0.0,2.1273611876628604,0.9505872576132525,383.06961593953895,0.9505872576132525,,0.6012116892373486,-47.172054290771484,49.98406219482422,0.0,76606.23,267579150.0,0.08312124555445392,0.05102335487177159,135.2946593823
1.0,1.0,,0.0,2.1782620773655177,0.8642279219623187,868.8687948398626,0.8642279219623187,,0.6300784034212402,15.025472640991211,31.703536987304688,0.07377049326896667,213346.58,257302800.0,0.09947629905442189,0.06361181443696132,131.2935166326
