model_returned_smth,valid_cf_disc,dissimilarity_proximity_categorical_hamming,dissimilarity_proximity_categorical_jaccard,dissimilarity_proximity_continuous_manhatan,dissimilarity_proximity_continuous_euclidean,dissimilarity_proximity_continuous_mad,distance_l2_jaccard,distance_mad_hamming,sparsity,flow_log_density_cfs,flow_log_density_xs,flow_prob_condition_acc,lof_scores_xs,lof_scores_cfs,isolation_forest_scores_xs,isolation_forest_scores_cfs,time
0.9426229508196722,1.0,,0.0,1.3670725320331731,0.9047353283480534,143.5722417031562,0.9047353283480534,,0.48620037807183364,-34.981815338134766,51.76601028442383,0.0,104267.85,196860980.0,0.0972742725870185,0.07636625452431252,2079.7978916168213
0.9836065573770492,1.0,,0.0,1.5506270270800147,0.9359617258407464,119.45832940952647,0.9359617258407464,,0.5289855072463768,-0.04741191864013672,50.30354690551758,0.01666666753590107,21441.25,39.470737,0.09434583964758662,0.05452955655474423,2126.0275621414185
1.0,1.0,,0.0,1.6404243502463034,0.9940107196934003,72.03558466675659,0.9940107196934003,,0.5292230933713471,-14.374089241027832,49.122581481933594,0.008196720853447914,11326440.0,26903284.0,0.08994345253762509,0.05477909000176743,2453.020682811737
1.0,1.0,,0.0,1.6731594533074168,0.9906740168909512,86.1295832503999,0.9906740168909512,,0.5163934426229508,-120.66527557373047,49.98406219482422,0.0,76606.23,94012050.0,0.08312124555445392,0.04274740225166723,2535.0805327892303
1.0,1.0,,0.0,1.714937520282187,1.0093745767939049,277.2759774368265,1.0093745767939049,,0.5249465431218817,2.5661237239837646,31.703536987304688,0.10655737668275833,213346.58,27440954.0,0.09947629905442189,0.07187221097278217,2545.5970232486725
