,precision,recall,f1-score,support
0,0.7275362318840579,0.7332035053554041,0.7303588748787585,1027.0
1,0.7082002129925452,0.7022175290390708,0.7051961823966065,947.0
accuracy,0.7183383991894631,0.7183383991894631,0.7183383991894631,0.7183383991894631
macro avg,0.7178682224383015,0.7177105171972374,0.7177775286376825,1974.0
weighted avg,0.7182600363976027,0.7183383991894631,0.718287410957483,1974.0
