,precision,recall,f1-score,support
0,0.7261567516525024,0.7487828627069133,0.7372962607861937,1027.0
1,0.7180327868852459,0.6937697993664202,0.7056928034371643,947.0
accuracy,0.7223910840932117,0.7223910840932117,0.7223910840932117,0.7223910840932117
macro avg,0.7220947692688742,0.7212763310366668,0.721494532111679,1974.0
weighted avg,0.7222593886157284,0.7223910840932117,0.7221349263842023,1974.0
