model_returned_smth,valid_cf_disc,dissimilarity_proximity_categorical_hamming,dissimilarity_proximity_categorical_jaccard,dissimilarity_proximity_continuous_manhatan,dissimilarity_proximity_continuous_euclidean,dissimilarity_proximity_continuous_mad,distance_l2_jaccard,distance_mad_hamming,sparsity,flow_log_density_cfs,flow_log_density_xs,flow_prob_condition_acc,lof_scores_xs,lof_scores_cfs,isolation_forest_scores_xs,isolation_forest_scores_cfs,time
1.0,1.0,,0.0,1.7293338367016986,0.8248060787318117,14.21690305074056,0.8248060787318117,,1.0,-10.523937225341797,6.908406734466553,0.02777777798473835,1.0312907,1.2245743,0.04372979481133526,0.002957243640859945,50.4698446751
1.0,1.0,,0.0,1.4848828860364545,0.8066909395491035,9.775483806928,0.8066909395491035,,1.0,-8.750832557678223,5.836296081542969,0.0,1.0956119,1.2922726,0.03393252431714913,-0.002834590858817504,52.34922337532043
1.0,1.0,,0.0,1.5306892859257966,0.8099410918233656,10.171645058525932,0.8099410918233656,,1.0,-11.581355094909668,7.302573204040527,0.0,1.0757356,1.3137822,0.038984333709966935,-0.007697283386696656,53.1351777922
1.0,1.0,,0.0,1.5235852391858187,0.7531369171418724,12.375852816445487,0.7531369171418724,,1.0,-9.742525100708008,8.242945671081543,0.02857142873108387,1.0306348,1.297868,0.051015147333551995,0.0029131076218310427,41.4009772241
1.0,1.0,,0.0,1.5865803812696997,0.7149875735846396,13.790103231157575,0.7149875735846396,,1.0,-6.449136257171631,6.773268699645996,0.0,1.068763,1.2298306,0.047624813001762974,0.007712852066352357,56.3396752068
