model_returned_smth,valid_cf_disc,dissimilarity_proximity_categorical_hamming,dissimilarity_proximity_categorical_jaccard,dissimilarity_proximity_continuous_manhatan,dissimilarity_proximity_continuous_euclidean,dissimilarity_proximity_continuous_mad,distance_l2_jaccard,distance_mad_hamming,sparsity,flow_log_density_cfs,flow_log_density_xs,flow_prob_condition_acc,lof_scores_xs,lof_scores_cfs,isolation_forest_scores_xs,isolation_forest_scores_cfs,time
1.0,1.0,,0.0,1.7293338367016986,0.8248060787318117,14.21690305074056,0.8248060787318117,,1.0,-6.047848701477051,6.908406734466553,0.0,1.0401295,1.0864885,0.049140670982460985,0.001025822137000581,90.39170265197754
1.0,0.9166666865348816,,0.0,1.4848828860364545,0.8066909395491035,9.775483806928,0.8066909395491035,,1.0,-13.346885681152344,5.836296081542969,0.0,1.0261902,1.0924544,0.03749191780298398,-0.0024724831049989793,84.82961630821228
1.0,0.8888888955116272,,0.0,1.5306892859257966,0.8099410918233656,10.171645058525932,0.8099410918233656,,1.0,-9.132820129394531,7.302573204040527,0.0,1.0342835,1.0938686,0.03930404616887183,-0.004933906912186641,86.30268907546997
1.0,1.0,,0.0,1.5235852391858187,0.7531369171418724,12.375852816445487,0.7531369171418724,,1.0,-15.698074340820312,8.242945671081543,0.0,1.0282627,1.0947392,0.04411846729898124,-0.0054333145802181355,92.10676312446594
1.0,1.0,,0.0,1.5865803812696997,0.7149875735846396,13.790103231157575,0.7149875735846396,,1.0,-10.347354888916016,6.773268699645996,0.0,1.04238,1.0880586,0.05094571217811873,0.012977706536965665,87.78643226623535
