model_returned_smth,valid_cf_disc,dissimilarity_proximity_categorical_hamming,dissimilarity_proximity_categorical_jaccard,dissimilarity_proximity_continuous_manhatan,dissimilarity_proximity_continuous_euclidean,dissimilarity_proximity_continuous_mad,distance_l2_jaccard,distance_mad_hamming,sparsity,flow_log_density_cfs,flow_log_density_xs,flow_prob_condition_acc,lof_scores_xs,lof_scores_cfs,isolation_forest_scores_xs,isolation_forest_scores_cfs,time
1.0,1.0,,0.0,1.171848336137676,0.62310262372554,8.041141920619541,0.62310262372554,,1.0,-0.6393755078315735,6.908406734466553,0.0833333358168602,1.0312907,1.0836492,0.04375503305758694,0.04344703790814534,461.5993769168854
1.0,1.0,,0.0,1.0883605278213508,0.6014992839007562,6.739285224013859,0.6014992839007562,,1.0,-4.805337429046631,5.836296081542969,0.0555555559694767,1.0956119,1.1885381,0.03655454523767536,0.03278456630476442,460.3741307258606
0.9722222222222222,1.0,,0.0,1.0681682216402675,0.5776595708320977,7.136961541857038,0.5776595708320977,,0.9978021978021978,1.6733893156051636,7.2298102378845215,0.05714285746216774,1.0749421,1.1147785,0.035749324927228286,0.04551786498259931,471.28098702430725
1.0,1.0,,0.0,1.116495106981269,0.5957564466962718,7.3646414143698555,0.5957564466962718,,1.0,-1.9361706972122192,8.242945671081543,0.02857142873108387,1.0306348,1.0897533,0.06567738213378113,0.0652760702252072,437.7268240451813
1.0,1.0,,0.0,1.0630601839095886,0.5723502418626978,8.097303336007254,0.5723502418626978,,1.0,0.4520471394062042,6.773268699645996,0.17142857611179352,1.068763,1.1151345,0.045185358156069465,0.046691274491042656,468.58022022247314
