model_returned_smth,valid_cf_disc,dissimilarity_proximity_categorical_hamming,dissimilarity_proximity_categorical_jaccard,dissimilarity_proximity_continuous_manhatan,dissimilarity_proximity_continuous_euclidean,dissimilarity_proximity_continuous_mad,distance_l2_jaccard,distance_mad_hamming,sparsity,flow_log_density_cfs,flow_log_density_xs,flow_prob_condition_acc,lof_scores_xs,lof_scores_cfs,isolation_forest_scores_xs,isolation_forest_scores_cfs,time
1.0,0.8888888955116272,,0.0,1.8830813692839001,0.7599231330657017,13.995629444718361,0.7599231330657017,,0.9975961538461539,-1.9688990116119385,6.659585952758789,0.03125,1.0312907,1.1281899,0.04372979481133526,0.029622489026041317,224.34922337532043
1.0,0.8888888955116272,,0.0,2.074389716530277,0.8179267853119778,15.692559570074081,0.8179267853119778,,1.0,-11.122069358825684,6.3140764236450195,0.0,1.0956119,1.3089253,0.03393252431714913,-0.0009282598602441668,220.2757699489593
1.0,0.75,,0.0,2.0073246913444667,0.7659198720696877,14.046507270247847,0.7659198720696877,,1.0,-22.325597763061523,7.098512649536133,0.0,1.0757356,1.3059427,0.038984333709966935,-0.003967061266850304,219.44660019874573
1.0,0.5428571701049805,,0.0,2.4650413100607693,0.901616736025286,20.856374489633662,0.901616736025286,,1.0,-9.486791610717773,9.031763076782227,0.0,1.0306348,1.3895677,0.051015147333551995,-0.022372211258358816,236.5793218612671
1.0,0.9428571462631226,,0.0,1.9262093264401439,0.7657246548525921,16.134981964573715,0.7657246548525921,,1.0,-8.531238555908203,6.6215128898620605,0.0,1.068763,1.3130312,0.047624813001762974,-0.0012180603932911173,222.50438690185547
