model_returned_smth,valid_cf_disc,dissimilarity_proximity_categorical_hamming,dissimilarity_proximity_categorical_jaccard,dissimilarity_proximity_continuous_manhatan,dissimilarity_proximity_continuous_euclidean,dissimilarity_proximity_continuous_mad,distance_l2_jaccard,distance_mad_hamming,sparsity,flow_log_density_cfs,flow_log_density_xs,flow_prob_condition_acc,lof_scores_xs,lof_scores_cfs,isolation_forest_scores_xs,isolation_forest_scores_cfs,time
1.0,1.0,,0.0,1.7293338367016986,0.8248060787318117,14.21690305074056,0.8248060787318117,,1.0,-10.52393627166748,6.9084062576293945,0.02777777798473835,1.0401295,1.0864885,0.04402475182973542,0.004030039358803522,0
1.0,1.0,,0.0,1.4848828860364545,0.8066909395491035,9.775483806928,0.8066909395491035,,1.0,-8.750832557678223,5.836297035217285,0.0,1.0261902,1.0924544,0.029276192065087175,-0.008615303748328904,0
1.0,1.0,,0.0,1.5306892859257966,0.8099410918233656,10.171645058525932,0.8099410918233656,,1.0,-11.581355094909668,7.302572250366211,0.0,1.0342835,1.0938686,0.04378593673798595,0.0013742395146840508,0
1.0,1.0,,0.0,1.5235852391858187,0.7531369171418724,12.375852816445487,0.7531369171418724,,1.0,-9.742525100708008,8.242945671081543,0.02857142873108387,1.0282627,1.0947392,0.05413448405960037,0.013156418940017707,0
1.0,1.0,,0.0,1.5865803812696997,0.7149875735846396,13.790103231157575,0.7149875735846396,,1.0,-6.449137210845947,6.7732696533203125,0.0,1.04238,1.0880586,0.040862405382797375,0.004256639656410837,0
