model_returned_smth,valid_cf_disc,dissimilarity_proximity_categorical_hamming,dissimilarity_proximity_categorical_jaccard,dissimilarity_proximity_continuous_manhatan,dissimilarity_proximity_continuous_euclidean,dissimilarity_proximity_continuous_mad,distance_l2_jaccard,distance_mad_hamming,sparsity,flow_log_density_cfs,flow_log_density_xs,flow_prob_condition_acc,lof_scores_xs,lof_scores_cfs,isolation_forest_scores_xs,isolation_forest_scores_cfs,time
1.0,0.8055555820465088,,0.0,1.8839562098608063,0.7698387079993263,13.949213077282083,0.7698387079993263,,0.9973474801061007,-1.5476100444793701,6.809576034545898,0.03448275849223137,1.0370855,1.0694394,0.04637164931144034,0.02957759707153553,224.34922337532043
1.0,0.8333333134651184,,0.0,2.0953317668677,0.8245902415547204,15.831317679087322,0.8245902415547204,,1.0,-12.212770462036133,5.487499713897705,0.0,1.0220311,1.0997448,0.03821427451605932,0.003638388968682658,220.27576994895935
1.0,0.7222222089767456,,0.0,1.985042442048255,0.7684744575622372,14.304652874286358,0.7684744575622372,,1.0,-24.206743240356445,7.3393144607543945,0.0,1.0287776,1.0915235,0.04344986805557712,0.0036398722860836665,219.44660019874573
1.0,0.48571428656578064,,0.0,2.508883716100279,0.9371212452717567,19.244038637946634,0.9371212452717567,,1.0,-13.300520896911621,8.580205917358398,0.0,1.0262746,1.1036034,0.053349821904960196,-0.026327009216489745,236.5793218612671
1.0,0.8857142925262451,,0.0,1.9344869603932415,0.777194328881784,16.8246428889613,0.777194328881784,,1.0,-8.250631332397461,6.624118804931641,0.0,1.0362147,1.1040611,0.05003975197811014,-0.0006073250746496081,222.50438690185547
