model_returned_smth,valid_cf_disc,dissimilarity_proximity_categorical_hamming,dissimilarity_proximity_categorical_jaccard,dissimilarity_proximity_continuous_manhatan,dissimilarity_proximity_continuous_euclidean,dissimilarity_proximity_continuous_mad,distance_l2_jaccard,distance_mad_hamming,sparsity,flow_log_density_cfs,flow_log_density_xs,flow_prob_condition_acc,lof_scores_xs,lof_scores_cfs,isolation_forest_scores_xs,isolation_forest_scores_cfs,time
1.0,1.0,,0.0,0.7276973627219723,0.6991079102451475,5.43243411845631,0.6991079102451475,,0.8696581196581197,-9.192450523376465,6.908406734466553,0.02777777798473835,1.036484,1.0953693,0.04475647917232831,0.027132356516694177,1.0211377143859863
1.0,1.0,,0.0,0.6436748353557454,0.5710230183957407,3.7771103481613357,0.5710230183957407,,0.8760683760683761,-12.561585426330566,5.836296081542969,0.02777777798473835,1.0230675,1.101516,0.03460250380235311,0.01740249834209231,1.0753374099731445
1.0,1.0,,0.0,0.6445481079867427,0.6166337224952109,3.937935107449044,0.6166337224952109,,0.8931623931623932,-3.453120231628418,7.302573204040527,0.02777777798473835,1.0325769,1.096142,0.0361335283146522,0.02101879276982445,0.9263737201690674
1.0,1.0,,0.0,0.5849784494494088,0.58194307006031,5.549689443941627,0.58194307006031,,0.8967032967032967,-10.501518249511719,8.242945671081543,0.0,1.0290872,1.0952601,0.055615375608362036,0.020811997625217637,0.8849968910217285
1.0,1.0,,0.0,0.7224597750930115,0.6972710948763104,5.525884389877319,0.6972710948763104,,0.8923076923076924,-15.209447860717773,6.773268699645996,0.05714285746216774,1.041029,1.1083705,0.04823410342729125,0.024083844855728776,0.9037985801696777
