model_returned_smth,valid_cf_disc,dissimilarity_proximity_categorical_hamming,dissimilarity_proximity_categorical_jaccard,dissimilarity_proximity_continuous_manhatan,dissimilarity_proximity_continuous_euclidean,dissimilarity_proximity_continuous_mad,distance_l2_jaccard,distance_mad_hamming,sparsity,flow_log_density_cfs,flow_log_density_xs,flow_prob_condition_acc,lof_scores_xs,lof_scores_cfs,isolation_forest_scores_xs,isolation_forest_scores_cfs,time
1.0,1.0,,0.0,0.7276973627219723,0.6991079102451475,5.43243411845631,0.6991079102451475,,0.8696581196581197,-14.642399787902832,6.908406734466553,0.0,1.0312907,1.3134934,0.04372979481133526,0.02640657952978858,1.0211377143859863
1.0,0.9166666865348816,,0.0,0.7017828699088458,0.6228082499257667,4.224422178936727,0.6228082499257667,,0.8648018648018648,-8.535128593444824,6.925253868103027,0.03030303120613098,1.0581661,1.334631,0.039340289490296707,0.022333262155446565,1.0753374099731443
1.0,0.9444444179534912,,0.0,0.6823944909744623,0.6528823695119841,4.209053301635911,0.6528823695119841,,0.8868778280542986,-11.057448387145996,7.652695655822754,0.0,1.0570809,1.3194954,0.04299136288080943,0.028540279740236665,0.9263737201690674
1.0,1.0,,0.0,0.5849784494494088,0.58194307006031,5.549689443941627,0.58194307006031,,0.8967032967032967,-13.356563568115234,8.242945671081543,0.0,1.0306348,1.327979,0.051015147333551995,0.019476176392116226,0.8849968910217285
1.0,1.0,,0.0,0.7224597750930115,0.6972710948763104,5.525884389877319,0.6972710948763104,,0.8923076923076924,-11.036484718322754,6.773268699645996,0.02857142873108387,1.068763,1.3782215,0.047624813001762974,0.024337538943013708,0.9037985801696776
