,train_ll,test_ll
0,-11589.216796875,-14820.5673828125
