,precision,recall,f1-score,support
0,1.0,0.9166666666666666,0.9565217391304348,12.0
1,0.8666666666666667,0.9285714285714286,0.896551724137931,14.0
2,0.9,0.9,0.9,10.0
accuracy,0.9166666666666666,0.9166666666666666,0.9166666666666666,0.9166666666666666
macro avg,0.9222222222222222,0.915079365079365,0.9176911544227887,36.0
weighted avg,0.9203703703703704,0.9166666666666666,0.9174995835415625,36.0
