,precision,recall,f1-score,support
0,1.0,0.9166666666666666,0.9565217391304348,12.0
1,0.9230769230769231,0.8571428571428571,0.8888888888888888,14.0
2,0.8333333333333334,1.0,0.9090909090909091,10.0
accuracy,0.9166666666666666,0.9166666666666666,0.9166666666666666,0.9166666666666666
macro avg,0.9188034188034188,0.9246031746031745,0.9181671790367442,36.0
weighted avg,0.9237891737891738,0.9166666666666666,0.9170448445810765,36.0
