model_returned_smth,valid_cf_disc,dissimilarity_proximity_categorical_hamming,dissimilarity_proximity_categorical_jaccard,dissimilarity_proximity_continuous_manhatan,dissimilarity_proximity_continuous_euclidean,dissimilarity_proximity_continuous_mad,distance_l2_jaccard,distance_mad_hamming,sparsity,flow_log_density_cfs,flow_log_density_xs,flow_prob_condition_acc,lof_scores_xs,lof_scores_cfs,isolation_forest_scores_xs,isolation_forest_scores_cfs,time
0.9977477477477478,0.8577877879142761,,0.0,0.449766357358251,0.3714083421367333,3.7366330821263163,0.3714083421367333,,0.5684210526315789,-0.2596597671508789,1.227752447128296,0.2789473831653595,1.0679567,1.2245446,0.025300793516807005,-0.013090788596598363,768.4970269203186
0.9977477477477478,0.918735921382904,,0.0,0.38681898949809684,0.3358881256550441,3.3584032602040716,0.3358881256550441,,0.48075348075348073,-0.47578322887420654,1.2772148847579956,0.2751842737197876,1.0676569,1.2491794,0.03014741928070085,-0.014869078945765583,766.9738306999207
1.0,1.0,,0.0,0.3541799737706881,0.33266298939025624,3.0848528577669247,0.33266298939025624,,0.4099099099099099,-0.5438735485076904,1.1745578050613403,0.2454954981803894,1.0723763,1.2582661,0.020505050651133287,-0.023127203570027528,768.3080670833588
1.0,1.0,,0.0,0.3376144153561007,0.32212801950655046,2.9889565581405484,0.32212801950655046,,0.4016516516516517,-0.23666593432426453,1.3193167448043823,0.3288288414478302,1.0595237,1.2313458,0.027864477094232516,-0.014435960828138089,764.6250047683716
0.9977477477477478,0.9232505559921265,,0.0,0.4025850249203901,0.3520160501207236,3.1503960088004694,0.3520160501207236,,0.48247758761206194,-0.26706916093826294,1.2226589918136597,0.30562347173690796,1.0682547,1.2276496,0.024361042918202604,-0.011004547219941105,769.6186382770538
