model_returned_smth,valid_cf_disc,dissimilarity_proximity_categorical_hamming,dissimilarity_proximity_categorical_jaccard,dissimilarity_proximity_continuous_manhatan,dissimilarity_proximity_continuous_euclidean,dissimilarity_proximity_continuous_mad,distance_l2_jaccard,distance_mad_hamming,sparsity,flow_log_density_cfs,flow_log_density_xs,flow_prob_condition_acc,lof_scores_xs,lof_scores_cfs,isolation_forest_scores_xs,isolation_forest_scores_cfs,time
0.9977477477477478,0.7810384035110474,,0.0,0.34613597470190605,0.3311200472969751,3.048702626814961,0.3311200472969751,,0.3905191873589165,-0.9052495360374451,1.2074220180511475,0.1286681741476059,1.0462818,1.0583502,0.024333935772539225,-0.013300824091039967,768.4970269203186
0.9977477477477478,0.7562077045440674,,0.0,0.33506226225947416,0.31614554369410974,2.8705682632078164,0.31614554369410974,,0.39503386004514673,-1.2194122076034546,1.24659264087677,0.16027088463306427,1.0460947,1.0567364,0.02973295728879527,-0.015276026339344832,766.9738306999207
1.0,0.7882882952690125,,0.0,0.3541799737706881,0.33266298939025624,3.0848528577669247,0.33266298939025624,,0.4099099099099099,-1.258804202079773,1.1745578050613403,0.14189189672470093,1.0450307,1.0594704,0.0211635396686277,-0.017662192717650085,768.3080670833588
1.0,0.7837837934494019,,0.0,0.3376144153561007,0.32212801950655046,2.9889565581405484,0.32212801950655046,,0.4016516516516517,-0.8397449254989624,1.3193167448043823,0.171171173453331,1.049433,1.0580148,0.029906443808587774,-0.014181934465791237,764.6250047683716
0.9977477477477478,0.7787810564041138,,0.0,0.34710302997725273,0.32798487170546337,2.8155257739547146,0.32798487170546337,,0.4018058690744921,-0.8540462255477905,1.2493150234222412,0.19413092732429504,1.0473987,1.0588893,0.02596918396188016,-0.009966319511937488,769.6186382770538
