model_returned_smth,valid_cf_disc,dissimilarity_proximity_categorical_hamming,dissimilarity_proximity_categorical_jaccard,dissimilarity_proximity_continuous_manhatan,dissimilarity_proximity_continuous_euclidean,dissimilarity_proximity_continuous_mad,distance_l2_jaccard,distance_mad_hamming,sparsity,flow_log_density_cfs,flow_log_density_xs,flow_prob_condition_acc,lof_scores_xs,lof_scores_cfs,isolation_forest_scores_xs,isolation_forest_scores_cfs,time
0.9977477477477478,1.0,,0.0,0.33207368520855834,0.3125561461705173,2.9262595319317373,0.3125561461705173,,0.3942814145974417,-0.5099472999572754,1.2074220180511475,0.2708803713321686,1.0679567,1.2619344,0.025300793516807005,-0.019715091446795292,460.33973503112793
0.9977477477477478,1.0,,0.0,0.32274390777266054,0.3084307556957418,2.751541327542161,0.3084307556957418,,0.3905191873589165,-0.5341997146606445,1.24659264087677,0.2708803713321686,1.0676569,1.2628754,0.03014741928070085,-0.01647959248562652,345.6947059631348
1.0,1.0,,0.0,0.3478087238057072,0.3264309350019939,3.0177968531041532,0.3264309350019939,,0.40615615615615613,-0.6822786927223206,1.1745578050613403,0.23423422873020172,1.0723763,1.2682543,0.020505050651133287,-0.02537762467883004,346.06182193756104
1.0,1.0,,0.0,0.31927014607936144,0.30119483527918944,2.820641217199532,0.30119483527918944,,0.3978978978978979,-0.600400447845459,1.3193167448043823,0.2545045018196106,1.0595237,1.2642245,0.027864477094232516,-0.02146264865311297,344.0847432613373
0.9977477477477478,1.0,,0.0,0.3480403767667425,0.3238116742393297,2.7943852641377975,0.3238116742393297,,0.40105342362678703,-0.4878481924533844,1.2493150234222412,0.2618510127067566,1.0682547,1.2590544,0.024361042918202604,-0.018463854557935887,344.31342577934265
