model_returned_smth,valid_cf_disc,dissimilarity_proximity_categorical_hamming,dissimilarity_proximity_categorical_jaccard,dissimilarity_proximity_continuous_manhatan,dissimilarity_proximity_continuous_euclidean,dissimilarity_proximity_continuous_mad,distance_l2_jaccard,distance_mad_hamming,sparsity,flow_log_density_cfs,flow_log_density_xs,flow_prob_condition_acc,lof_scores_xs,lof_scores_cfs,isolation_forest_scores_xs,isolation_forest_scores_cfs,time
0.9977477477477478,1.0,,0.0,0.33207368520855834,0.3125561461705173,2.9262595319317373,0.3125561461705173,,0.3942814145974417,-0.5099474787712097,1.207422137260437,0.2708803713321686,1.0487897,1.0569837,0.0279672693675063,-0.018592300828324724,460.33973503112793
0.9977477477477478,1.0,,0.0,0.32274390777266054,0.3084307556957418,2.751541327542161,0.3084307556957418,,0.3905191873589165,-0.534199595451355,1.24659264087677,0.2708803713321686,1.0457729,1.0562974,0.030531511164288157,-0.015055777312142705,345.69470596313477
1.0,1.0,,0.0,0.3478087238057072,0.3264309350019939,3.0177968531041532,0.3264309350019939,,0.40615615615615613,-0.6822786927223206,1.1745578050613403,0.23423422873020172,1.04504,1.0580575,0.023160711424367545,-0.022584172660516717,346.06182193756104
1.0,1.0,,0.0,0.31927014607936144,0.30119483527918944,2.820641217199532,0.30119483527918944,,0.3978978978978979,-0.6004002690315247,1.3193167448043823,0.2545045018196106,1.0456319,1.0539275,0.03146934561496609,-0.014546091185641773,344.0847432613373
0.9977477477477478,1.0,,0.0,0.3480403767667425,0.3238116742393297,2.7943852641377975,0.3238116742393297,,0.40105342362678703,-0.48784804344177246,1.2493150234222412,0.2618510127067566,1.0467359,1.0585455,0.02771222531856293,-0.016408858840250538,344.31342577934265
