model_returned_smth,valid_cf_disc,dissimilarity_proximity_categorical_hamming,dissimilarity_proximity_categorical_jaccard,dissimilarity_proximity_continuous_manhatan,dissimilarity_proximity_continuous_euclidean,dissimilarity_proximity_continuous_mad,distance_l2_jaccard,distance_mad_hamming,sparsity,flow_log_density_cfs,flow_log_density_xs,flow_prob_condition_acc,lof_scores_xs,lof_scores_cfs,isolation_forest_scores_xs,isolation_forest_scores_cfs,time
1.0,0.6148648858070374,,0.0,0.2898857413378336,0.2846169631586243,2.446489230773988,0.2846169631586243,,0.3626373626373626,-0.13771893084049225,1.259531855583191,0.26739928126335144,1.0679567,1.2564771,0.025300793516807005,-0.016013151829925312,1507.8743090629578
1.0,0.565315306186676,,0.0,0.28108560378511116,0.2730888055748747,2.3779517170487052,0.2730888055748747,,0.350597609561753,-0.18522337079048157,1.3476200103759766,0.2868525981903076,1.0676569,1.2502828,0.03014741928070085,-0.011782723044265921,1518.898209810257
0.9977477477477478,0.5869074463844299,,0.0,0.3178023393301723,0.30599314241001163,2.6565570273221684,0.30599314241001163,,0.3564102564102564,-0.40209275484085083,1.2910559177398682,0.2576923072338104,1.0723763,1.2686027,0.020505050651133287,-0.021332967382800452,1397.231699705124
1.0,0.6711711883544922,,0.0,0.2859087329507874,0.27738727970808547,2.4488088189055457,0.27738727970808547,,0.37360178970917224,-0.23139531910419464,1.416954517364502,0.2651006579399109,1.0595237,1.2585917,0.027864477094232516,-0.01963587187113037,1309.166217327118
1.0,0.6216216087341309,,0.0,0.29193920906687126,0.2811705907293383,2.362722209884205,0.2811705907293383,,0.3780193236714976,-0.12507355213165283,1.3158177137374878,0.28260868787765503,1.0682547,1.2471141,0.024361042918202604,-0.014882651799115626,1331.9536368846893
