model_returned_smth,valid_cf_disc,dissimilarity_proximity_categorical_hamming,dissimilarity_proximity_categorical_jaccard,dissimilarity_proximity_continuous_manhatan,dissimilarity_proximity_continuous_euclidean,dissimilarity_proximity_continuous_mad,distance_l2_jaccard,distance_mad_hamming,sparsity,flow_log_density_cfs,flow_log_density_xs,flow_prob_condition_acc,lof_scores_xs,lof_scores_cfs,isolation_forest_scores_xs,isolation_forest_scores_cfs,time
0.9459459459459459,1.0,,0.0,0.3098317621630572,0.28761126430520556,2.7444912842341833,0.28761126430520556,,0.38492063492063494,-0.1613701730966568,1.2876555919647217,0.30000001192092896,1.0679567,1.2373219,0.025300793516807005,-0.009668283497291524,2147.1952295303345
0.9752252252252253,1.0,,0.0,0.3254686571468382,0.30169023065181916,2.7825614603507325,0.30169023065181916,,0.38953040800615857,-0.4927264451980591,1.285000205039978,0.29792147874832153,1.0676569,1.2764645,0.03014741928070085,-0.013327471833931221,2122.583480119705
0.9774774774774775,1.0,,0.0,0.35010083851915214,0.3186287696578876,3.03983692145018,0.3186287696578876,,0.41013824884792627,-0.4999653100967407,1.2210103273391724,0.278801828622818,1.0723763,1.2808006,0.020505050651133287,-0.01905672351304629,2098.183124065399
0.9819819819819819,1.0,,0.0,0.3380778032278112,0.3091379224216279,2.972409112874521,0.3091379224216279,,0.39908256880733944,-0.4579816460609436,1.357454776763916,0.28669723868370056,1.0595237,1.2706974,0.027864477094232516,-0.019599908784645934,2076.078924894333
0.972972972972973,1.0,,0.0,0.3460111766881137,0.31185113899912803,2.8234376347865218,0.31185113899912803,,0.3966049382716049,-0.4554338753223419,1.2891335487365723,0.28240740299224854,1.0682547,1.2940348,0.024361042918202604,-0.01867291704105491,2072.4608561992645
