,precision,recall,f1-score,support
0,0.7391304347826086,0.7456140350877193,0.74235807860262,1026.0
1,0.7214514407684098,0.7145877378435518,0.7180031864046734,946.0
accuracy,0.7307302231237323,0.7307302231237323,0.7307302231237323,0.7307302231237323
macro avg,0.7302909377755092,0.7301008864656355,0.7301806325036467,1972.0
weighted avg,0.730649538059773,0.7307302231237323,0.730674646544173,1972.0
