,precision,recall,f1-score,support
0,1.0,0.0019474196689386564,0.003887269193391642,1027.0
1,0.4802231237322515,1.0,0.6488523466940733,947.0
accuracy,0.4807497467071935,0.4807497467071935,0.4807497467071935,0.4807497467071935
macro avg,0.7401115618661258,0.5009737098344693,0.3263698079437325,1974.0
weighted avg,0.7506440213649656,0.4807497467071935,0.31330060677857174,1974.0
