model_returned_smth,valid_cf_disc,dissimilarity_proximity_categorical_hamming,dissimilarity_proximity_categorical_jaccard,dissimilarity_proximity_continuous_manhatan,dissimilarity_proximity_continuous_euclidean,dissimilarity_proximity_continuous_mad,distance_l2_jaccard,distance_mad_hamming,sparsity,flow_log_density_cfs,flow_log_density_xs,flow_prob_condition_acc,lof_scores_xs,lof_scores_cfs,isolation_forest_scores_xs,isolation_forest_scores_cfs,time
1.0,0.7815315127372742,,0.0,0.4784529572163985,0.3531044906362175,4.073779848513302,0.3531044906362175,,0.993993993993994,-0.9674341678619385,1.2017868757247925,0.29054054617881775,1.0530828,1.0553414,0.028815619678228214,0.006126671545455324,684.79558634758
1.0,0.7567567825317383,,0.0,0.4555514563642744,0.3419673805747051,3.740904245827649,0.3419673805747051,,0.9947447447447447,-1.3181673288345337,1.2399526834487915,0.30855855345726013,1.0502717,1.0554488,0.022936832922790657,-0.004055932783902142,683.99631524086
1.0,0.7882882952690125,,0.0,0.4701864657407576,0.3580906179868894,3.94513412853619,0.3580906179868894,,0.9954954954954955,-1.5098053216934204,1.1745578050613403,0.2590090036392212,1.0481889,1.0537893,0.02204151238621545,-0.00920233333549281,682.7834646701813
1.0,0.7837837934494019,,0.0,0.4697298608166543,0.3270824051904982,3.9999711341686077,0.3270824051904982,,0.9947447447447447,-0.4682377278804779,1.3193167448043823,0.3378378450870514,1.0552984,1.0571648,0.03558220615957532,0.01702489941219264,697.4876744747162
1.0,0.7792792916297913,,0.0,0.46777739764090526,0.3615630463182597,3.662331882360819,0.3615630463182597,,0.9924924924924925,-1.143591284751892,1.2359378337860107,0.28828829526901245,1.0516732,1.053469,0.03099996069051902,-0.003210197904934089,690.3489089012146
