model_returned_smth,valid_cf_disc,dissimilarity_proximity_categorical_hamming,dissimilarity_proximity_categorical_jaccard,dissimilarity_proximity_continuous_manhatan,dissimilarity_proximity_continuous_euclidean,dissimilarity_proximity_continuous_mad,distance_l2_jaccard,distance_mad_hamming,sparsity,flow_log_density_cfs,flow_log_density_xs,flow_prob_condition_acc,lof_scores_xs,lof_scores_cfs,isolation_forest_scores_xs,isolation_forest_scores_cfs,time
1.0,1.0,,0.0,0.4784529572163985,0.3531044906362175,4.073779848513302,0.3531044906362175,,0.993993993993994,-0.03712984919548035,1.201786756515503,0.4752252399921417,1.0530645,1.0553517,0.02657247517990529,0.002669991930280385,0
1.0,1.0,,0.0,0.4555514563642744,0.3419673805747051,3.740904245827649,0.3419673805747051,,0.9947447447447447,-0.29618212580680847,1.239952564239502,0.45720720291137695,1.0502338,1.0554516,0.02688035278689419,0.004207110159393024,0
1.0,1.0,,0.0,0.4701864657407576,0.3580906179868894,3.94513412853619,0.3580906179868894,,0.9954954954954955,-0.3850335478782654,1.1745578050613403,0.3918918967247009,1.0481799,1.0537953,0.023161746346792,-0.012183194610694672,0
1.0,1.0,,0.0,0.4697298608166543,0.3270824051904982,3.9999711341686077,0.3270824051904982,,0.9947447447447447,0.2055722028017044,1.3193167448043823,0.5315315127372742,1.0553036,1.0571591,0.02481926423169045,0.008290028449742975,0
1.0,1.0,,0.0,0.46777739764090526,0.3615630463182597,3.662331882360819,0.3615630463182597,,0.9924924924924925,-0.3132229745388031,1.2359378337860107,0.4189189076423645,1.051684,1.0534694,0.025703656867015562,-0.009007593030555374,0
