model_returned_smth,valid_cf_disc,dissimilarity_proximity_categorical_hamming,dissimilarity_proximity_categorical_jaccard,dissimilarity_proximity_continuous_manhatan,dissimilarity_proximity_continuous_euclidean,dissimilarity_proximity_continuous_mad,distance_l2_jaccard,distance_mad_hamming,sparsity,flow_log_density_cfs,flow_log_density_xs,flow_prob_condition_acc,lof_scores_xs,lof_scores_cfs,isolation_forest_scores_xs,isolation_forest_scores_cfs,time
1.0,0.7477477192878723,,0.0,0.3718631271559027,0.2843365689338076,3.1353571440082,0.2843365689338076,,0.9959839357429718,0.546593964099884,1.2485495805740356,0.4186747074127197,1.0679567,1.1506313,0.025300793516807005,0.01173740537929659,2523.309062719345
1.0,0.7004504799842834,,0.0,0.37810910545241605,0.29237699173486015,3.2126976092528685,0.29237699173486015,,0.9967845659163987,0.47315487265586853,1.2132160663604736,0.40192925930023193,1.0676569,1.1531823,0.03014741928070085,0.014534393071928534,2467.828780174256
1.0,0.7139639854431152,,0.0,0.38497584382489275,0.2932212795641404,3.081840264590381,0.2932212795641404,,0.9968454258675079,0.6327847838401794,1.193023443222046,0.42271292209625244,1.0723763,1.1299118,0.020505050651133287,0.015556099026862273,2363.0847024917603
1.0,0.7612612843513489,,0.0,0.3872980635954872,0.29210975305497394,3.386260672433842,0.29210975305497394,,0.9940828402366864,0.6953223347663879,1.3727012872695923,0.4704141914844513,1.0595237,1.1339624,0.027864477094232516,0.01601041206401446,2545.8783991336823
1.0,0.7882882952690125,,0.0,0.36727495103542296,0.27890358998279263,2.9292765273366657,0.27890358998279263,,0.9942857142857143,0.5591612458229065,1.275291085243225,0.39142856001853943,1.0682547,1.1466705,0.024361042918202604,0.010180903781984323,2399.2995686531067
