model_returned_smth,valid_cf_disc,dissimilarity_proximity_categorical_hamming,dissimilarity_proximity_categorical_jaccard,dissimilarity_proximity_continuous_manhatan,dissimilarity_proximity_continuous_euclidean,dissimilarity_proximity_continuous_mad,distance_l2_jaccard,distance_mad_hamming,sparsity,flow_log_density_cfs,flow_log_density_xs,flow_prob_condition_acc,lof_scores_xs,lof_scores_cfs,isolation_forest_scores_xs,isolation_forest_scores_cfs,time
0.9707207207207207,1.0,,0.0,0.3979693504672696,0.2890109283539894,3.4968462311198154,0.2890109283539894,,0.9922660479505027,1.1077113151550293,1.2412594556808472,0.4199535846710205,1.0634625,1.086817,0.032313577220438344,0.028229325985940648,4645.95875620842
0.9954954954954955,1.0,,0.0,0.41415841762836164,0.2901692046605396,3.3132565043091233,0.2901692046605396,,0.9932126696832579,1.258956789970398,1.2495238780975342,0.5158371329307556,1.0669427,1.0752612,0.027546828590123945,0.030847568184267538,4650.145736694336
0.9864864864864865,1.0,,0.0,0.42261183924216045,0.2970965150555537,3.504894041035273,0.2970965150555537,,0.9939117199391172,1.1353576183319092,1.199437141418457,0.4292237460613251,1.069661,1.080219,0.023786289890183224,0.02295317336475802,4369.136550188065
0.990990990990991,1.0,,0.0,0.41392818314277313,0.28810087326086337,3.6371764210137454,0.28810087326086337,,0.9924242424242424,1.125461220741272,1.3343684673309326,0.48636364936828613,1.0586808,1.0854961,0.02931911880383465,0.026189697596970356,4140.485880851746
0.9887387387387387,1.0,,0.0,0.418241903444663,0.289859679881073,3.3673659298305902,0.289859679881073,,0.996962794229309,1.1645007133483887,1.2454544305801392,0.3712984025478363,1.0677738,1.082816,0.02283980396024726,0.021338684579927145,4202.270550251007
