model_returned_smth,valid_cf_disc,dissimilarity_proximity_categorical_hamming,dissimilarity_proximity_categorical_jaccard,dissimilarity_proximity_continuous_manhatan,dissimilarity_proximity_continuous_euclidean,dissimilarity_proximity_continuous_mad,distance_l2_jaccard,distance_mad_hamming,sparsity,flow_log_density_cfs,flow_log_density_xs,flow_prob_condition_acc,lof_scores_xs,lof_scores_cfs,isolation_forest_scores_xs,isolation_forest_scores_cfs,time
1.0,1.0,,0.0,0.44453538893847855,0.3596411859145302,3.817582529675853,0.3596411859145302,,0.9932432432432432,-0.27487272024154663,1.201786756515503,0.37387385964393616,1.0496495,1.0535321,0.03187137903159341,-0.003981799069240654,432.9962158203125
1.0,1.0,,0.0,0.4408338654719226,0.34843894695637084,3.665215754294181,0.34843894695637084,,0.993993993993994,-0.4702373445034027,1.239952564239502,0.4234234094619751,1.0495765,1.0554014,0.029572747641010862,-0.002662275687335135,339.59765100479126
1.0,1.0,,0.0,0.4560346348307658,0.35654212836862625,3.849570752801122,0.35654212836862625,,0.9954954954954955,-0.3545258045196533,1.1745578050613403,0.36486485600471497,1.0461941,1.0541784,0.026251929475404605,-0.006496908864413972,340.66696095466614
1.0,1.0,,0.0,0.44228666605058686,0.3376467974953346,3.802306774500254,0.3376467974953346,,0.9954954954954955,-0.12349297106266022,1.3193167448043823,0.4256756901741028,1.048686,1.0542381,0.027007552280937864,-0.00858084881338828,341.35954570770264
1.0,1.0,,0.0,0.44663584966481,0.3585094671109446,3.5204852089151606,0.3585094671109446,,0.9947447447447447,-0.2418542504310608,1.2359378337860107,0.37612614035606384,1.050769,1.0524207,0.02133508707214367,-0.009919363990694265,340.3806138038635
