model_returned_smth,valid_cf_disc,dissimilarity_proximity_categorical_hamming,dissimilarity_proximity_categorical_jaccard,dissimilarity_proximity_continuous_manhatan,dissimilarity_proximity_continuous_euclidean,dissimilarity_proximity_continuous_mad,distance_l2_jaccard,distance_mad_hamming,sparsity,flow_log_density_cfs,flow_log_density_xs,flow_prob_condition_acc,lof_scores_xs,lof_scores_cfs,isolation_forest_scores_xs,isolation_forest_scores_cfs,time
1.0,1.0,,0.0,0.4784529572163985,0.3531044906362175,4.073779848513302,0.3531044906362175,,0.993993993993994,-0.03712986782193184,1.2017868757247925,0.4752252399921417,1.0679567,1.3011175,0.025300793516807005,0.002602473898577557,625.38445126346
1.0,1.0,,0.0,0.4555514563642744,0.3419673805747051,3.740904245827649,0.3419673805747051,,0.9947447447447447,-0.29618221521377563,1.2399526834487915,0.45720720291137695,1.0676569,1.2966294,0.03014741928070085,0.003769502323579084,655.08648196856
1.0,1.0,,0.0,0.4701864657407576,0.3580906179868894,3.94513412853619,0.3580906179868894,,0.9954954954954955,-0.3850334584712982,1.1745578050613403,0.3918918967247009,1.0723763,1.3252151,0.020505050651133287,-0.010412175805718998,651.2933455028
1.0,1.0,,0.0,0.4697298608166543,0.3270824051904982,3.9999711341686077,0.3270824051904982,,0.9947447447447447,0.205572247505188,1.3193167448043823,0.5315315127372742,1.0595237,1.2390019,0.027864477094232516,0.010687506426906992,662.843782266
1.0,1.0,,0.0,0.46777739764090526,0.3615630463182597,3.662331882360819,0.3615630463182597,,0.9924924924924925,-0.31322309374809265,1.2359378337860107,0.4189189076423645,1.0682547,1.3100929,0.024361042918202604,-0.008722718072487564,653.7963407463
