model_returned_smth,valid_cf_disc,dissimilarity_proximity_categorical_hamming,dissimilarity_proximity_categorical_jaccard,dissimilarity_proximity_continuous_manhatan,dissimilarity_proximity_continuous_euclidean,dissimilarity_proximity_continuous_mad,distance_l2_jaccard,distance_mad_hamming,sparsity,flow_log_density_cfs,flow_log_density_xs,flow_prob_condition_acc,lof_scores_xs,lof_scores_cfs,isolation_forest_scores_xs,isolation_forest_scores_cfs,time
1.0,0.7162162065505981,,0.0,0.3830454063443643,0.29312842873194617,3.196836916436939,0.29312842873194617,,0.9968553459119497,0.4365488588809967,1.249840497970581,0.4150943458080292,1.0539486,1.056945,0.02759188494765242,0.011705501789983528,2523.309062719345
1.0,0.662162184715271,,0.0,0.37594894706873466,0.2914672043481156,3.216460096390069,0.2914672043481156,,0.9965986394557823,0.4190678894519806,1.2153934240341187,0.4047619104385376,1.0512363,1.0585285,0.028116550346877343,0.009440080675816146,2467.8287801742554
1.0,0.7432432174682617,,0.0,0.3793929179904587,0.2888680100780154,3.19451035035379,0.2888680100780154,,0.996969696969697,0.6926168203353882,1.234001874923706,0.42424243688583374,1.0515716,1.0571997,0.027920537894823506,0.02083322881031533,2363.0847024917603
1.0,0.7342342138290405,,0.0,0.3921409331867757,0.2953124750165022,3.313432304222891,0.2953124750165022,,0.9928425357873211,0.6922526955604553,1.340549111366272,0.4601227045059204,1.0530465,1.0591712,0.03320700237790098,0.025742320687463755,2545.8783991336823
1.0,0.75,,0.0,0.3724351792957063,0.28354867688844887,2.884761383807337,0.28354867688844887,,0.995995995995996,0.6016532182693481,1.2755662202835083,0.3843843936920166,1.0509143,1.0559973,0.029113529684196587,0.01489915490523834,2399.2995686531067
