,train_ll,test_ll
0,1.3441914319992065,1.4433952569961548
