,precision,recall,f1-score,support
0,0.8686868686868687,0.8349514563106796,0.8514851485148515,103.0
1,0.839622641509434,0.8725490196078431,0.8557692307692307,102.0
accuracy,0.8536585365853658,0.8536585365853658,0.8536585365853658,0.8536585365853658
macro avg,0.8541547550981514,0.8537502379592614,0.8536271896420411,205.0
weighted avg,0.8542256434571207,0.8536585365853658,0.8536167406609328,205.0
