,train_ll,test_ll
0,-1.8557089567184448,-1.8581578731536865
