,train_ll,test_ll
0,1.3324843645095825,1.4909133911132812
