,train_ll,test_ll
0,1.3271961212158203,1.4616645574569702
