,precision,recall,f1-score,support
0,0.9803921568627451,0.9803921568627451,0.9803921568627451,102.0
1,0.9803921568627451,0.9803921568627451,0.9803921568627451,102.0
accuracy,0.9803921568627451,0.9803921568627451,0.9803921568627451,0.9803921568627451
macro avg,0.9803921568627451,0.9803921568627451,0.9803921568627451,204.0
weighted avg,0.9803921568627451,0.9803921568627451,0.9803921568627451,204.0
