,train_ll,test_ll
0,1.3197288513183594,1.4187835454940796
