,train_ll,test_ll
0,1.3592917919158936,1.4616645574569702
