,train_ll,test_ll
0,-1.8599799871444702,-1.8562960624694824
