,train_ll,test_ll
0,1.2850531339645386,1.4153826236724854
