,train_ll,test_ll
0,1.3156040906906128,1.4187835454940796
