,train_ll,test_ll
0,-1.8574329614639282,-1.855810523033142
