,train_ll,test_ll
0,1.3660389184951782,1.3076913356781006
