,train_ll,test_ll
0,0.4059120714664459,0.4398857653141022
