,train_ll,test_ll
0,1.2398630380630493,1.3041713237762451
