,train_ll,test_ll
0,0.9715093374252319,0.938482940196991
