,train_ll,test_ll
0,1.3079969882965088,1.4187835454940796
