,train_ll,test_ll
0,0.9613254070281982,0.9525438547134399
