,train_ll,test_ll
0,1.3081954717636108,1.4153826236724854
