,precision,recall,f1-score,support
0,0.9801980198019802,0.9705882352941176,0.9753694581280788,102.0
1,0.9711538461538461,0.9805825242718447,0.9758454106280193,103.0
accuracy,0.975609756097561,0.975609756097561,0.975609756097561,0.975609756097561
macro avg,0.9756759329779132,0.9755853797829812,0.9756074343780491,205.0
weighted avg,0.9756538740177958,0.975609756097561,0.9756085952378051,205.0
