,precision,recall,f1-score,support
0,0.9692307692307692,0.6116504854368932,0.75,103.0
1,0.7142857142857143,0.9803921568627451,0.8264462809917356,102.0
accuracy,0.7951219512195122,0.7951219512195122,0.7951219512195122,0.7951219512195122
macro avg,0.8417582417582418,0.796021321149819,0.7882231404958677,205.0
weighted avg,0.8423800589654248,0.7951219512195122,0.7880366861519855,205.0
