,train_ll,test_ll
0,1.2707737684249878,1.3041713237762451
