,precision,recall,f1-score,support
0,0.8969072164948454,0.8446601941747572,0.87,103.0
1,0.8518518518518519,0.9019607843137255,0.8761904761904762,102.0
accuracy,0.8731707317073171,0.8731707317073171,0.8731707317073171,0.8731707317073171
macro avg,0.8743795341733487,0.8733104892442414,0.8730952380952381,205.0
weighted avg,0.8744894253066241,0.8731707317073171,0.8730801393728224,205.0
