,train_ll,test_ll
0,1.2943506240844727,1.4153826236724854
