,train_ll,test_ll
0,1.3675111532211304,1.4616645574569702
