,precision,recall,f1-score,support
0,0.9807692307692307,0.9902912621359223,0.9855072463768116,103.0
1,0.9900990099009901,0.9803921568627451,0.9852216748768473,102.0
accuracy,0.9853658536585366,0.9853658536585366,0.9853658536585366,0.9853658536585366
macro avg,0.9854341203351105,0.9853417094993338,0.9853644606268295,205.0
weighted avg,0.9854113647762525,0.9853658536585366,0.985365157142683,205.0
