,train_ll,test_ll
0,1.3725643157958984,1.5520936250686646
