,train_ll,test_ll
0,0.3993885815143585,0.38847264647483826
