,train_ll,test_ll
0,0.9724999666213989,0.9310712218284607
