,train_ll,test_ll
0,-1.8495731353759766,-1.8502310514450073
