,train_ll,test_ll
0,1.2976760864257812,1.4153826236724854
