,train_ll,test_ll
0,1.305228352546692,1.4153826236724854
