,precision,recall,f1-score,support
0,0.9902912621359223,0.9902912621359223,0.9902912621359223,103.0
1,0.9901960784313726,0.9901960784313726,0.9901960784313726,102.0
accuracy,0.9902439024390244,0.9902439024390244,0.9902439024390244,0.9902439024390244
macro avg,0.9902436702836475,0.9902436702836475,0.9902436702836475,205.0
weighted avg,0.9902439024390244,0.9902439024390244,0.9902439024390244,205.0
