,train_ll,test_ll
0,1.243196725845337,1.3041713237762451
