,precision,recall,f1-score,support
0,1.0,0.9805825242718447,0.9901960784313726,103.0
1,0.9807692307692307,1.0,0.9902912621359223,102.0
accuracy,0.9902439024390244,0.9902439024390244,0.9902439024390244,0.9902439024390244
macro avg,0.9903846153846154,0.9902912621359223,0.9902436702836475,205.0
weighted avg,0.9904315196998125,0.9902439024390244,0.9902434381282704,205.0
