,precision,recall,f1-score,support
0,0.9901960784313726,0.9805825242718447,0.9853658536585366,103.0
1,0.9805825242718447,0.9901960784313726,0.9853658536585366,102.0
accuracy,0.9853658536585366,0.9853658536585366,0.9853658536585366,0.9853658536585366
macro avg,0.9853893013516086,0.9853893013516086,0.9853658536585366,205.0
weighted avg,0.9854127490446808,0.9853658536585366,0.9853658536585366,205.0
