,precision,recall,f1-score,support
0,0.8666666666666667,0.8921568627450981,0.8792270531400966,102.0
1,0.8888888888888888,0.8627450980392157,0.8756218905472637,102.0
accuracy,0.8774509803921569,0.8774509803921569,0.8774509803921569,0.8774509803921569
macro avg,0.8777777777777778,0.8774509803921569,0.8774244718436801,204.0
weighted avg,0.8777777777777778,0.8774509803921569,0.8774244718436802,204.0
