,train_ll,test_ll
0,1.4268383979797363,1.5090904235839844
