,train_ll,test_ll
0,1.315578818321228,1.432798981666565
