,train_ll,test_ll
0,-1.8540831804275513,-1.8520519733428955
