,train_ll,test_ll
0,1.329460620880127,1.3076914548873901
