,precision,recall,f1-score,support
0,0.9711538461538461,0.9901960784313726,0.9805825242718447,102.0
1,0.9900990099009901,0.970873786407767,0.9803921568627451,103.0
accuracy,0.9804878048780488,0.9804878048780488,0.9804878048780488,0.9804878048780488
macro avg,0.9806264280274182,0.9805349324195698,0.9804873405672949,205.0
weighted avg,0.9806726357438744,0.9804878048780488,0.9804868762565409,205.0
