,train_ll,test_ll
0,0.1630813032388687,0.241762176156044
