,precision,recall,f1-score,support
0,0.8166666666666667,0.9514563106796117,0.8789237668161435,103.0
1,0.9411764705882353,0.7843137254901961,0.8556149732620321,102.0
accuracy,0.8682926829268293,0.8682926829268293,0.8682926829268293,0.8682926829268293
macro avg,0.878921568627451,0.8678850180849038,0.8672693700390878,205.0
weighted avg,0.8786178861788618,0.8682926829268293,0.8673262207550734,205.0
