,train_ll,test_ll
0,-1.8555034399032593,-1.8553466796875
