,train_ll,test_ll
0,0.9298560619354248,0.9560803174972534
