,train_ll,test_ll
0,0.5123414993286133,0.42132556438446045
