,precision,recall,f1-score,support
0,0.8557692307692307,0.8725490196078431,0.8640776699029126,102.0
1,0.87,0.8529411764705882,0.8613861386138614,102.0
accuracy,0.8627450980392157,0.8627450980392157,0.8627450980392157,0.8627450980392157
macro avg,0.8628846153846154,0.8627450980392157,0.862731904258387,204.0
weighted avg,0.8628846153846154,0.8627450980392157,0.8627319042583871,204.0
