,train_ll,test_ll
0,-1.850316047668457,-1.8503036499023438
