,train_ll,test_ll
0,1.3224157094955444,1.4616645574569702
