,train_ll,test_ll
0,0.6333926916122437,0.7259356379508972
