,train_ll,test_ll
0,1.3506091833114624,1.4616645574569702
