,precision,recall,f1-score,support
0,1.0,0.9901960784313726,0.9950738916256158,102.0
1,0.9902912621359223,1.0,0.9951219512195122,102.0
accuracy,0.9950980392156863,0.9950980392156863,0.9950980392156863,0.9950980392156863
macro avg,0.9951456310679612,0.9950980392156863,0.9950979214225639,204.0
weighted avg,0.9951456310679611,0.9950980392156863,0.995097921422564,204.0
