,train_ll,test_ll
0,1.3793524503707886,1.5618644952774048
