,precision,recall,f1-score,support
0,0.970873786407767,0.9803921568627451,0.975609756097561,102.0
1,0.9803921568627451,0.970873786407767,0.975609756097561,103.0
accuracy,0.975609756097561,0.975609756097561,0.975609756097561,0.975609756097561
macro avg,0.9756329716352561,0.9756329716352561,0.975609756097561,205.0
weighted avg,0.9756561871729511,0.975609756097561,0.975609756097561,205.0
