,train_ll,test_ll
0,-1.8553301095962524,-1.8537650108337402
