,train_ll,test_ll
0,1.277601718902588,1.3041713237762451
