,train_ll,test_ll
0,0.9612786769866943,0.9685003161430359
