,train_ll,test_ll
0,1.2941184043884277,1.4187835454940796
