,train_ll,test_ll
0,-0.06848972290754318,-0.07904086261987686
