,train_ll,test_ll
0,1.309852123260498,1.4187835454940796
