,train_ll,test_ll
0,1.2955979108810425,1.3041713237762451
