,train_ll,test_ll
0,1.3110897541046143,1.4187835454940796
