,precision,recall,f1-score,support
0,0.9607843137254902,0.9514563106796117,0.9560975609756097,103.0
1,0.9514563106796117,0.9607843137254902,0.9560975609756097,102.0
accuracy,0.9560975609756097,0.9560975609756097,0.9560975609756097,0.9560975609756097
macro avg,0.956120312202551,0.956120312202551,0.9560975609756097,205.0
weighted avg,0.9561430634294921,0.9560975609756097,0.9560975609756097,205.0
