,train_ll,test_ll
0,1.3337457180023193,1.3076914548873901
