,train_ll,test_ll
0,1.3547804355621338,1.312348484992981
