,train_ll,test_ll
0,1.3722227811813354,1.4616645574569702
