,train_ll,test_ll
0,1.4194626808166504,1.3102848529815674
