,train_ll,test_ll
0,1.3302521705627441,1.500009536743164
