,train_ll,test_ll
0,1.3918706178665161,1.5658587217330933
