,precision,recall,f1-score,support
0,0.8113207547169812,0.8349514563106796,0.8229665071770335,103.0
1,0.8282828282828283,0.803921568627451,0.8159203980099502,102.0
accuracy,0.8195121951219512,0.8195121951219512,0.8195121951219512,0.8195121951219512
macro avg,0.8198017914999047,0.8194365124690652,0.8194434525934918,205.0
weighted avg,0.8197604205887685,0.8195121951219512,0.8194606382256067,205.0
