,train_ll,test_ll
0,1.4083346128463745,1.4212112426757812
