,train_ll,test_ll
0,1.3184038400650024,1.4545453786849976
