,train_ll,test_ll
0,1.3708571195602417,1.3076913356781006
