,train_ll,test_ll
0,1.3531807661056519,1.3076913356781006
