,precision,recall,f1-score,support
0,0.9,0.7864077669902912,0.8393782383419689,103.0
1,0.808695652173913,0.9117647058823529,0.8571428571428571,102.0
accuracy,0.848780487804878,0.848780487804878,0.848780487804878,0.848780487804878
macro avg,0.8543478260869566,0.8490862364363221,0.848260547742413,205.0
weighted avg,0.8545705196182397,0.848780487804878,0.8482172194038742,205.0
