,precision,recall,f1-score,support
0,0.8362068965517241,0.941747572815534,0.8858447488584474,103.0
1,0.9325842696629213,0.8137254901960784,0.8691099476439791,102.0
accuracy,0.8780487804878049,0.8780487804878049,0.8780487804878049,0.8780487804878049
macro avg,0.8843955831073227,0.8777365315058062,0.8774773482512133,205.0
weighted avg,0.8841605163436369,0.8780487804878049,0.8775181648395413,205.0
