,train_ll,test_ll
0,0.45693227648735046,0.47847676277160645
