,train_ll,test_ll
0,1.428310751914978,1.5534497499465942
