,train_ll,test_ll
0,1.268282413482666,1.3041713237762451
