,train_ll,test_ll
0,-1.8525707721710205,-1.8497040271759033
