,train_ll,test_ll
0,1.4336985349655151,1.5269041061401367
