,train_ll,test_ll
0,0.823670506477356,0.8119369745254517
