,train_ll,test_ll
0,0.21670249104499817,0.18986862897872925
