,train_ll,test_ll
0,1.3033595085144043,1.4187835454940796
