,train_ll,test_ll
0,1.3389337062835693,1.3076914548873901
