,precision,recall,f1-score,support
0,1.0,0.9803921568627451,0.9900990099009901,102.0
1,0.9809523809523809,1.0,0.9903846153846154,103.0
accuracy,0.9902439024390244,0.9902439024390244,0.9902439024390244,0.9902439024390244
macro avg,0.9904761904761905,0.9901960784313726,0.9902418126428028,205.0
weighted avg,0.9904297328687574,0.9902439024390244,0.9902425092415433,205.0
