,train_ll,test_ll
0,-1.853179693222046,-1.8525627851486206
