,precision,recall,f1-score,support
0,0.8151260504201681,0.9509803921568627,0.8778280542986425,102.0
1,0.9418604651162791,0.7864077669902912,0.8571428571428571,103.0
accuracy,0.8682926829268293,0.8682926829268293,0.8682926829268293,0.8682926829268293
macro avg,0.8784932577682236,0.8686940795735769,0.8674854557207499,205.0
weighted avg,0.8788023660967507,0.8682926829268293,0.8674350040203699,205.0
