,train_ll,test_ll
0,0.6191135048866272,0.5664941072463989
