,precision,recall,f1-score,support
0,0.8461538461538461,0.8627450980392157,0.8543689320388349,102.0
1,0.8613861386138614,0.8446601941747572,0.8529411764705882,103.0
accuracy,0.8536585365853658,0.8536585365853658,0.8536585365853658,0.8536585365853658
macro avg,0.8537699923838538,0.8537026461069865,0.8536550542547116,205.0
weighted avg,0.853807144316683,0.8536585365853658,0.8536515719240572,205.0
