,train_ll,test_ll
0,1.2854193449020386,1.4153826236724854
