model_returned_smth,valid_cf_disc,dissimilarity_proximity_categorical_hamming,dissimilarity_proximity_categorical_jaccard,dissimilarity_proximity_continuous_manhatan,dissimilarity_proximity_continuous_euclidean,dissimilarity_proximity_continuous_mad,distance_l2_jaccard,distance_mad_hamming,sparsity,flow_log_density_cfs,flow_log_density_xs,flow_prob_condition_acc,lof_scores_xs,lof_scores_cfs,isolation_forest_scores_xs,isolation_forest_scores_cfs,time
1.0,1.0,,0.0,0.44252794568438264,0.3527317887416526,2.0529003762617344,0.3527317887416526,,1.0,1.5590975284576416,1.4153826236724854,1.0,1.2735068,1.2598802,0.005205244299257795,0.045433477618366254,21.93206238746643
1.0,1.0,,0.0,0.37643555650805555,0.29348020264672153,2.098598831455882,0.29348020264672153,,1.0,1.6268270015716553,1.3076914548873901,1.0,1.2585759,1.2262075,-0.0017883919034383444,0.027408160968611116,24.02373218536377
1.0,1.0,,0.0,0.4514648547782222,0.3570177725043504,2.3336562325314776,0.3570177725043504,,1.0,1.5993324518203735,1.4187835454940796,0.995121955871582,1.3238629,1.3234133,0.003538410790581521,0.03712502157875218,20.041171312332153
1.0,1.0,,0.0,0.4046883465671094,0.3210298405485796,2.2341317159373584,0.3210298405485796,,1.0,1.5464664697647095,1.3041713237762451,0.995121955871582,1.2193537,1.1972618,0.0021507618118390133,0.032382782013663604,22.19605588912964
1.0,1.0,,0.0,0.40779640189572874,0.314239997316218,2.1682448428051146,0.314239997316218,,1.0,1.6354395151138306,1.4616645574569702,0.9950980544090271,1.1724696,1.2044039,0.001071418020670108,0.019898060218613813,19.62980556488037
