model_returned_smth,valid_cf_disc,dissimilarity_proximity_categorical_hamming,dissimilarity_proximity_categorical_jaccard,dissimilarity_proximity_continuous_manhatan,dissimilarity_proximity_continuous_euclidean,dissimilarity_proximity_continuous_mad,distance_l2_jaccard,distance_mad_hamming,sparsity,flow_log_density_cfs,flow_log_density_xs,flow_prob_condition_acc,lof_scores_xs,lof_scores_cfs,isolation_forest_scores_xs,isolation_forest_scores_cfs,time
1.0,0.9803921580314636,,0.0,0.6081494063918944,0.44136442369380186,4.462256426215172,0.44136442369380186,,1.0,0.7756535410881042,0.38238152861595154,0.8799999952316284,1.0387343,1.446528,0.0006701043843057885,-0.0008756301820690208,102.00044918060303
1.0,1.0,,0.0,0.5119817698483958,0.37241638926916654,3.882714827855428,0.37241638926916654,,1.0,0.6553559899330139,0.21284440159797668,0.8921568393707275,1.07623,1.4029557,0.003133032004896392,-0.00444350456303346,28.521393537521362
1.0,0.9807692170143127,,0.0,0.6059662919370549,0.43914021344290644,3.614864960605023,0.43914021344290644,,1.0,0.8615646362304688,0.16321848332881927,0.8725489974021912,1.0602962,1.4265342,0.0011985505113105523,0.00039781251830438237,96.99209308624268
1.0,1.0,,0.0,0.6047514182157065,0.4462820387899009,3.5107096150225283,0.4462820387899009,,1.0,1.1050044298171997,0.5659923553466797,0.8529411554336548,1.069906,1.3280123,-0.0017771268481000932,0.006584720003855792,94.29545855522156
1.0,1.0,,0.0,0.6520376684618931,0.4711596617804453,4.803301219846688,0.4711596617804453,,1.0,1.0680840015411377,0.5280873775482178,0.9215686321258545,1.0506406,1.263656,0.001305483580274112,0.00599161542576607,41.10015273094177
