model_returned_smth,valid_cf_disc,dissimilarity_proximity_categorical_hamming,dissimilarity_proximity_categorical_jaccard,dissimilarity_proximity_continuous_manhatan,dissimilarity_proximity_continuous_euclidean,dissimilarity_proximity_continuous_mad,distance_l2_jaccard,distance_mad_hamming,sparsity,flow_log_density_cfs,flow_log_density_xs,flow_prob_condition_acc,lof_scores_xs,lof_scores_cfs,isolation_forest_scores_xs,isolation_forest_scores_cfs,time
1.0,1.0,,0.0,0.47597576795861396,0.38421539685208506,2.1696507281646498,0.38421539685208506,,1.0,1.6943395137786865,1.4153826236724854,1.0,1.1588026,1.1191659,-0.00034039861511709686,0.03694555914091935,1.3702948093414307
1.0,1.0,,0.0,0.5499286565929651,0.43672339412828476,2.934001411752003,0.43672339412828476,,1.0,1.856821060180664,1.3076913356781006,1.0,1.1263782,1.1621115,0.0008133523281038068,0.02910848006519627,1.4395191669464111
1.0,1.0,,0.0,0.4492057817897237,0.35876814105626953,2.3129651159774967,0.35876814105626953,,1.0,1.6085255146026611,1.4187835454940796,1.0,1.2646321,1.2097024,0.005285762948335033,0.0350668329132219,1.0643301010131836
1.0,1.0,,0.0,0.4488027910991549,0.35759932759881385,2.455898732564798,0.35759932759881385,,1.0,1.633287787437439,1.3041713237762451,1.0,1.1361747,1.1539369,0.001672954205147289,0.02995193477498777,1.4341049194335938
1.0,1.0,,0.0,0.45967063935948355,0.3562090964602491,2.417484964371896,0.3562090964602491,,1.0,1.745398998260498,1.4616645574569702,1.0,1.1119844,1.122724,0.008549278640980536,0.03719586035568852,1.3852770328521729
