model_returned_smth,valid_cf_disc,dissimilarity_proximity_categorical_hamming,dissimilarity_proximity_categorical_jaccard,dissimilarity_proximity_continuous_manhatan,dissimilarity_proximity_continuous_euclidean,dissimilarity_proximity_continuous_mad,distance_l2_jaccard,distance_mad_hamming,sparsity,flow_log_density_cfs,flow_log_density_xs,flow_prob_condition_acc,lof_scores_xs,lof_scores_cfs,isolation_forest_scores_xs,isolation_forest_scores_cfs,time
1.0,1.0,,0.0,0.4690448475496207,0.3795934282873852,2.136593257508627,0.3795934282873852,,1.0,1.6740074157714844,1.4153826236724854,1.0,1.045943,0.99917734,-0.0005268676476471984,0.036897987522711014,1.3702948093414309
1.0,1.0,,0.0,0.5471348747338464,0.4341670507771776,2.917758138586835,0.4341670507771776,,1.0,1.8422006368637085,1.3076914548873901,1.0,1.084471,1.0271536,-0.0010762087434659318,0.020473885303745904,1.4395191669464111
1.0,1.0,,0.0,0.4438569536818782,0.3541145616616952,2.2863120033973603,0.3541145616616952,,1.0,1.592544436454773,1.4187835454940796,0.9902439117431641,1.0458289,0.9741607,0.0044313801402887905,0.0424673548621555,1.0643301010131836
1.0,1.0,,0.0,0.44566431761458064,0.35631399983701495,2.4377266140972695,0.35631399983701495,,1.0,1.6529377698898315,1.3041713237762451,1.0,1.0599597,1.0383381,0.0027541499283298514,0.034938038128492825,1.4341049194335938
1.0,1.0,,0.0,0.45752185195976613,0.3551754079073852,2.4041629905502,0.3551754079073852,,1.0,1.7399557828903198,1.4616645574569702,0.9950980544090271,1.0473603,1.0538735,0.0050090523921422605,0.029089065231215426,1.3852770328521729
