model_returned_smth,valid_cf_disc,dissimilarity_proximity_categorical_hamming,dissimilarity_proximity_categorical_jaccard,dissimilarity_proximity_continuous_manhatan,dissimilarity_proximity_continuous_euclidean,dissimilarity_proximity_continuous_mad,distance_l2_jaccard,distance_mad_hamming,sparsity,flow_log_density_cfs,flow_log_density_xs,flow_prob_condition_acc,lof_scores_xs,lof_scores_cfs,isolation_forest_scores_xs,isolation_forest_scores_cfs,time
1.0,1.0,,0.0,0.49053130285378926,0.35314208050878515,3.6456067068157374,0.35314208050878515,,1.0,0.8310307860374451,0.09693781286478043,0.8888888955116272,1.0378119,1.181419,0.0028909804358039355,0.015549712205445152,34.917691469192505
1.0,1.0,,0.0,0.5876486898553603,0.4173507667446444,4.8444965800035344,0.4173507667446444,,1.0,1.0177953243255615,0.7284035086631775,0.8640776872634888,1.0731748,1.3049897,0.003861861938178885,0.0002257619471369661,41.746827602386475
1.0,1.0,,0.0,0.5221831379734344,0.3772304859054801,3.521206751312177,0.3772304859054801,,1.0,0.7735891938209534,0.5537432432174683,0.9278350472450256,1.0632604,1.2798797,-1.8850945178018135e-06,0.010247160202781753,35.55744171142578
1.0,1.0,,0.0,0.5296901449048443,0.3794000165689195,3.7013490294607787,0.3794000165689195,,1.0,0.7239735126495361,0.35937264561653137,0.9711538553237915,1.0664157,1.4794297,0.0003264332190013784,0.004405224057132602,35.058337926864624
1.0,1.0,,0.0,0.49509357193521425,0.3566607982877049,3.7753528634122775,0.3566607982877049,,1.0,0.8120911717414856,0.5020535588264465,0.8823529481887817,1.0501333,1.2530605,1.8257731835934726e-05,0.01746971158238429,58.04514026641846
