model_returned_smth,valid_cf_disc,dissimilarity_proximity_categorical_hamming,dissimilarity_proximity_categorical_jaccard,dissimilarity_proximity_continuous_manhatan,dissimilarity_proximity_continuous_euclidean,dissimilarity_proximity_continuous_mad,distance_l2_jaccard,distance_mad_hamming,sparsity,flow_log_density_cfs,flow_log_density_xs,flow_prob_condition_acc,lof_scores_xs,lof_scores_cfs,isolation_forest_scores_xs,isolation_forest_scores_cfs,time
1.0,0.9804878234863281,,0.0,0.44037771513117985,0.35633303960084567,2.0681727796941254,0.35633303960084567,,1.0,1.5935509204864502,1.4253135919570923,0.9950248599052429,1.045943,0.99882865,-0.0005268676476471984,0.03783242366471946,1.085205078125
1.0,0.7804877758026123,,0.0,0.41212071740301326,0.32203818094772285,2.3206664870027454,0.32203818094772285,,1.0,1.724576711654663,1.2096818685531616,0.987500011920929,1.084471,1.0113543,-0.0010762087434659318,0.030341460593600354,1.0938339233398438
1.0,1.0,,0.0,0.4335779711036239,0.34665691506623514,2.2319672916720554,0.34665691506623514,,1.0,1.5888092517852783,1.4187835454940796,0.8634146451950073,1.0458289,0.982114,0.0044313801402887905,0.0420221865597153,1.0865678787231445
1.0,0.9902439117431641,,0.0,0.4261846368016418,0.33971630754959,2.3491574859090627,0.33971630754959,,1.0,1.5560657978057861,1.3107041120529175,0.9901477694511414,1.0599597,1.0379682,0.0027541499283298522,0.03468229777474679,1.0963261127471924
1.0,1.0,,0.0,0.4349147752657825,0.33821781175890564,2.284658719986385,0.33821781175890564,,1.0,1.6884487867355347,1.4616645574569702,0.9901960492134094,1.0473603,1.036093,0.005009052392142261,0.027862356928812088,1.090602159500122
