model_returned_smth,valid_cf_disc,dissimilarity_proximity_categorical_hamming,dissimilarity_proximity_categorical_jaccard,dissimilarity_proximity_continuous_manhatan,dissimilarity_proximity_continuous_euclidean,dissimilarity_proximity_continuous_mad,distance_l2_jaccard,distance_mad_hamming,sparsity,flow_log_density_cfs,flow_log_density_xs,flow_prob_condition_acc,lof_scores_xs,lof_scores_cfs,isolation_forest_scores_xs,isolation_forest_scores_cfs,time
1.0,1.0,,0.0,0.4495245741083991,0.3578954876387946,2.086185700137441,0.3578954876387946,,1.0,1.5838791131973267,1.4153826236724854,0.995121955871582,1.3502527,1.2935631,-0.0022413630996964418,0.04272550113079627,45.42815804481506
1.0,1.0,,0.0,0.3881772266746294,0.30262074073918105,2.163027670761434,0.30262074073918105,,1.0,1.6113688945770264,1.3076914548873901,0.9902439117431641,1.3130577,1.2540745,-0.000805731503066457,0.0290761893764893,42.18824768066406
1.0,1.0,,0.0,0.4583270438356189,0.3619163104609672,2.36887842329537,0.3619163104609672,,1.0,1.6044782400131226,1.4187835454940796,0.9902439117431641,1.2854058,1.2891101,0.00014253596126030928,0.03679646392617123,33.475239753723145
1.0,1.0,,0.0,0.4083064164688084,0.32444873249557843,2.251984448549224,0.32444873249557843,,1.0,1.5619310140609741,1.3041713237762451,1.0,1.2169131,1.1861575,0.001792828333902551,0.030985449419350997,39.0734076499939
1.0,1.0,,0.0,0.4122736243640675,0.3180850046686019,2.1959198140630534,0.3180850046686019,,1.0,1.6358346939086914,1.4616645574569702,0.9950980544090271,1.1696167,1.2326572,0.005168931494031259,0.030472744425366877,38.24010705947876
