model_returned_smth,valid_cf_disc,dissimilarity_proximity_categorical_hamming,dissimilarity_proximity_categorical_jaccard,dissimilarity_proximity_continuous_manhatan,dissimilarity_proximity_continuous_euclidean,dissimilarity_proximity_continuous_mad,distance_l2_jaccard,distance_mad_hamming,sparsity,flow_log_density_cfs,flow_log_density_xs,flow_prob_condition_acc,lof_scores_xs,lof_scores_cfs,isolation_forest_scores_xs,isolation_forest_scores_cfs,plausibility,cf_belongs_to_group,K_vectors,time
1.0,0.10185185074806213,,0.0,0.04236917333169417,0.03134081187982541,1.9620927680622449,0.03134081187982541,,1.0,1.1912834644317627,0.9794152975082397,0.9090909361839294,1.0378119,1.0678264,0.0028909804358039355,0.011150772615537237,0.026665807643947468,1.0,108,0.9272489547729492
1.0,0.10679611563682556,,0.0,0.06408948519013145,0.048893290692377536,1.226806478066878,0.048893290692377536,,1.0,0.9367651343345642,0.7827949523925781,0.27272728085517883,1.0731748,1.133888,0.003861861938178885,0.00862177205800029,0.019418076360131105,1.0,103,0.8527233600616455
1.0,0.07216494530439377,,0.0,0.06131617512021746,0.04532054146476061,0.5375830105372837,0.04532054146476061,,1.0,0.6100720167160034,0.5481573939323425,0.4285714328289032,1.0632604,1.0888689,-1.8850945178018135e-06,0.00869507795083564,0.04291977898473256,1.0,97,0.842911958694458
1.0,0.06730769574642181,,0.0,0.07379870542458125,0.0525507318397727,0.5421627759933472,0.0525507318397727,,1.0,0.13413694500923157,0.8150192499160767,0.2857142984867096,1.0664157,1.0835869,0.0003264332190013784,0.004077901036856932,0.020535235201158776,1.0,104,0.8381009101867676
1.0,0.0784313753247261,,0.0,0.07762392703443766,0.05618321872232265,0.9512104913592339,0.05618321872232265,,1.0,0.8572852611541748,0.31444984674453735,0.125,1.0501333,1.1262026,1.8257731835935814e-05,0.0042769001175780134,0.032965683553508984,1.0,102,0.9635441303253174
