model_returned_smth,valid_cf_disc,dissimilarity_proximity_categorical_hamming,dissimilarity_proximity_categorical_jaccard,dissimilarity_proximity_continuous_manhatan,dissimilarity_proximity_continuous_euclidean,dissimilarity_proximity_continuous_mad,distance_l2_jaccard,distance_mad_hamming,sparsity,flow_log_density_cfs,flow_log_density_xs,flow_prob_condition_acc,lof_scores_xs,lof_scores_cfs,isolation_forest_scores_xs,isolation_forest_scores_cfs,time
1.0,1.0,,0.0,0.46056208532337645,0.37144109175903767,2.108341687626955,0.37144109175903767,,1.0,1.6667841672897339,1.4153826236724854,1.0,1.2046597,1.1831901,0.0005380832036006843,0.039394526937355234,1.856632947921753
1.0,1.0,,0.0,0.44536573895048803,0.3530329986810313,2.4200813876419534,0.3530329986810313,,1.0,1.783288836479187,1.3076913356781006,1.0,1.117188,1.1431384,-0.002282081225357606,0.030326113181957333,1.8701510429382324
1.0,1.0,,0.0,0.44785022413721537,0.3581777868017245,2.3037027213631607,0.3581777868017245,,1.0,1.6166646480560303,1.4187835454940796,1.0,1.3033924,1.2310896,0.0008546114172407473,0.034145052026634315,1.8516128063201904
1.0,1.0,,0.0,0.4397314446359282,0.35121456972504017,2.4069389029247006,0.35121456972504017,,1.0,1.646833896636963,1.3041713237762451,1.0,1.2388304,1.2169698,0.0031996832531721807,0.028692215652155444,1.8420557975769043
1.0,1.0,,0.0,0.44931009627294305,0.34772352357074043,2.3644049587641276,0.34772352357074043,,1.0,1.723397970199585,1.4616645574569702,1.0,1.1392322,1.1378341,0.0061408882717884335,0.02864240092018764,1.8539090156555176
