model_returned_smth,valid_cf_disc,dissimilarity_proximity_categorical_hamming,dissimilarity_proximity_categorical_jaccard,dissimilarity_proximity_continuous_manhatan,dissimilarity_proximity_continuous_euclidean,dissimilarity_proximity_continuous_mad,distance_l2_jaccard,distance_mad_hamming,sparsity,flow_log_density_cfs,flow_log_density_xs,flow_prob_condition_acc,lof_scores_xs,lof_scores_cfs,isolation_forest_scores_xs,isolation_forest_scores_cfs,plausibility,cf_belongs_to_group,K_vectors,time
1.0,0.019607843831181526,,0.0,0.12118755280971527,0.08594774540764558,11.484959602355957,0.08594774540764558,,1.0,-0.3484177589416504,0.37625908851623535,0.0,1.0393983,1.209332,0.0004266122988019526,0.00522529113534819,0.06228987869508427,0.0,89,1.9279999732971191
1.0,0.03921568766236305,,0.0,0.14237260818481445,0.10069947143594243,2.546935796737671,0.10069947143594243,,1.0,-1.2156217098236084,0.12808984518051147,0.0,1.07912,1.2712827,0.00365956826616164,0.0034729729605314785,0.05178409705788001,0.0,99,1.9608628749847412
