model_returned_smth,valid_cf_disc,dissimilarity_proximity_categorical_hamming,dissimilarity_proximity_categorical_jaccard,dissimilarity_proximity_continuous_manhatan,dissimilarity_proximity_continuous_euclidean,dissimilarity_proximity_continuous_mad,distance_l2_jaccard,distance_mad_hamming,sparsity,flow_log_density_cfs,flow_log_density_xs,flow_prob_condition_acc,lof_scores_xs,lof_scores_cfs,isolation_forest_scores_xs,isolation_forest_scores_cfs,time
1.0,0.9901960492134094,,0.0,0.5440962313660559,0.42818660136044223,4.243769303406819,0.42818660136044223,,1.0,0.327969491481781,-0.24281227588653564,0.8910890817642212,1.0393983,1.255728,0.0004266122988019526,0.006685186350830599,47.76739263534546
1.0,0.9900990128517151,,0.0,0.3706874557211995,0.30532275710994483,3.053736803531647,0.30532275710994483,,1.0,0.6721689701080322,0.2763482630252838,0.9399999976158142,1.0718315,1.2978474,0.0030915819464106416,0.011463788258561602,46.53262233734131
1.0,0.9902912378311157,,0.0,0.5831728180785956,0.43013858408109273,3.451521699335061,0.43013858408109273,,1.0,0.7141473889350891,0.31472617387771606,0.8235294222831726,1.0579494,1.1904746,0.0011889732076440253,0.00844777622756362,45.375853300094604
1.0,0.9223300814628601,,0.0,0.6133763001533226,0.4846048383799889,3.9139650369945325,0.4846048383799889,,1.0,0.7590575218200684,0.6494739651679993,0.7157894968986511,1.0717262,1.5874211,-0.001583748171466037,-0.010469242256997264,32.87108850479126
1.0,1.0,,0.0,0.5331896783090105,0.4040661070061215,4.065159444715462,0.4040661070061215,,1.0,0.6276954412460327,0.190964475274086,0.9411764740943909,1.0506406,1.2756062,0.001305483580274112,0.0032472078464484727,32.7346396446228
