model_returned_smth,valid_cf_disc,dissimilarity_proximity_categorical_hamming,dissimilarity_proximity_categorical_jaccard,dissimilarity_proximity_continuous_manhatan,dissimilarity_proximity_continuous_euclidean,dissimilarity_proximity_continuous_mad,distance_l2_jaccard,distance_mad_hamming,sparsity,flow_log_density_cfs,flow_log_density_xs,flow_prob_condition_acc,lof_scores_xs,lof_scores_cfs,isolation_forest_scores_xs,isolation_forest_scores_cfs,time
1.0,1.0,,0.0,0.509098334446345,0.4063934534961181,2.341174368160527,0.4063934534961181,,1.0,1.7123193740844727,1.4153826236724854,1.0,1.1580201,1.116288,0.0032340601939108956,0.035095483647843886,2.197455883026123
1.0,0.9707317352294922,,0.0,0.5520940778549851,0.4328508788809395,2.9756105928886227,0.4328508788809395,,1.0,1.8129764795303345,1.3076914548873901,1.0,1.0962089,1.1433835,-0.0012677405086741421,0.02373995099173785,2.184666872024536
1.0,1.0,,0.0,0.4691246439203075,0.37044920367520595,2.423965878021426,0.37044920367520595,,1.0,1.6340805292129517,1.4187835454940796,1.0,1.261753,1.2167344,0.0014384841310089113,0.034116539381939814,2.1895391941070557
1.0,1.0,,0.0,0.4797559034164495,0.3774135260082428,2.633418437911243,0.3774135260082428,,1.0,1.6649261713027954,1.3041713237762451,1.0,1.1323588,1.1478914,0.0037222511625294445,0.028098547550172513,2.1850016117095947
1.0,1.0,,0.0,0.49244025473793346,0.3784996742515263,2.6003343048048952,0.3784996742515263,,1.0,1.7532358169555664,1.4616645574569702,1.0,1.1054167,1.1043924,0.00823493945359333,0.03079988786735687,2.169046640396118
