model_returned_smth,valid_cf_disc,dissimilarity_proximity_categorical_hamming,dissimilarity_proximity_categorical_jaccard,dissimilarity_proximity_continuous_manhatan,dissimilarity_proximity_continuous_euclidean,dissimilarity_proximity_continuous_mad,distance_l2_jaccard,distance_mad_hamming,sparsity,flow_log_density_cfs,flow_log_density_xs,flow_prob_condition_acc,lof_scores_xs,lof_scores_cfs,isolation_forest_scores_xs,isolation_forest_scores_cfs,time
1.0,0.9658536314964294,,0.0,0.43670397540589684,0.3534407780659569,2.0787400990122498,0.3534407780659569,,1.0,1.572593331336975,1.4273030757904053,0.9646464586257935,1.045943,1.0012813,-0.0005268676476471984,0.03752680884141854,1.3441507816314697
1.0,0.7414634227752686,,0.0,0.404544350556343,0.31654842855335735,2.294670142527474,0.31654842855335735,,1.0,1.6817259788513184,1.2041654586791992,0.9671052694320679,1.084471,1.0165246,-0.0010762087434659318,0.029969172643733832,1.088681936264038
1.0,1.0,,0.0,0.4326715543298278,0.34615385829935325,2.227495597920767,0.34615385829935325,,1.0,1.5855575799942017,1.4187835454940796,0.800000011920929,1.0458289,0.98255986,0.0044313801402887905,0.041869908325760825,1.0903658866882324
1.0,0.9804878234863281,,0.0,0.42417230397701466,0.3376612565761338,2.3471682228852266,0.3376612565761338,,1.0,1.535783290863037,1.3110333681106567,0.9502487778663635,1.0599597,1.0439852,0.0027541499283298522,0.034732089925559116,1.091977834701538
1.0,0.9852941036224365,,0.0,0.4300731050953343,0.33416376698756234,2.3002643420995765,0.33416376698756234,,1.0,1.6569297313690186,1.455741047859192,0.9353233575820923,1.0473603,1.0503589,0.005009052392142261,0.027840020705057332,1.083047866821289
