model_returned_smth,valid_cf_disc,dissimilarity_proximity_categorical_hamming,dissimilarity_proximity_categorical_jaccard,dissimilarity_proximity_continuous_manhatan,dissimilarity_proximity_continuous_euclidean,dissimilarity_proximity_continuous_mad,distance_l2_jaccard,distance_mad_hamming,sparsity,flow_log_density_cfs,flow_log_density_xs,flow_prob_condition_acc,lof_scores_xs,lof_scores_cfs,isolation_forest_scores_xs,isolation_forest_scores_cfs,time
1.0,1.0,,0.0,0.45389350516346805,0.360420120273399,2.1079131626501315,0.360420120273399,,1.0,1.6032541990280151,1.4153826236724854,1.0,1.490983,1.39735,6.177268626405457e-05,0.03832767594982799,25.39769148826599
1.0,1.0,,0.0,0.39508752060554375,0.30670293044714014,2.2002134009105405,0.30670293044714014,,1.0,1.6255230903625488,1.3076914548873901,1.0,1.5790992,1.285826,-0.003740629036043193,0.024144493737638207,19.519764184951782
1.0,1.0,,0.0,0.460735959739129,0.3633263437014752,2.3823947452917333,0.3633263437014752,,1.0,1.6197068691253662,1.4187835454940796,1.0,1.5324876,1.4579033,-0.0009342236635076257,0.03279515566475265,26.327399969100952
1.0,1.0,,0.0,0.4116678313142052,0.32741290009567237,2.2737093358505063,0.32741290009567237,,1.0,1.5947188138961792,1.3041713237762451,1.0,1.4911194,1.4118469,0.005568902459290398,0.03422901223977188,19.771053791046143
1.0,1.0,,0.0,0.42163989225438997,0.32412245993779665,2.245178645147997,0.32412245993779665,,1.0,1.654006838798523,1.4616645574569702,1.0,1.2673874,1.3468852,0.008345373731868996,0.03552649723985405,21.658123016357422
