model_returned_smth,valid_cf_disc,dissimilarity_proximity_categorical_hamming,dissimilarity_proximity_categorical_jaccard,dissimilarity_proximity_continuous_manhatan,dissimilarity_proximity_continuous_euclidean,dissimilarity_proximity_continuous_mad,distance_l2_jaccard,distance_mad_hamming,sparsity,flow_log_density_cfs,flow_log_density_xs,flow_prob_condition_acc,lof_scores_xs,lof_scores_cfs,isolation_forest_scores_xs,isolation_forest_scores_cfs,time
1.0,0.995121955871582,,0.0,0.4705737348019337,0.3799872322214767,2.1758302450180054,0.3799872322214767,,1.0,1.69044828414917,1.4191430807113647,1.0,1.045943,0.99330294,-0.0005268676476471984,0.03723074456300518,1.0936262607574463
1.0,0.8487805128097534,,0.0,0.44312740820620594,0.3462749799550533,2.495421419027208,0.3462749799550533,,1.0,1.7864952087402344,1.258367657661438,1.0,1.084471,1.0185397,-0.0010762087434659318,0.03026207463148787,1.0997908115386963
1.0,1.0,,0.0,0.4568445511866452,0.36513831354229254,2.34920937971371,0.36513831354229254,,1.0,1.633836269378662,1.4187835454940796,1.0,1.0458289,0.9850713,0.0044313801402887905,0.04153372839585449,1.110746145248413
1.0,0.995121955871582,,0.0,0.4514048302942184,0.35974122529582514,2.5088507725911984,0.35974122529582514,,1.0,1.6598786115646362,1.309076189994812,1.0,1.0599597,1.034443,0.0027541499283298522,0.034057387721721594,1.1016480922698975
1.0,1.0,,0.0,0.4598389939569375,0.35530640359856386,2.418004677722267,0.35530640359856386,,1.0,1.7261090278625488,1.4616645574569702,1.0,1.0473603,1.0387176,0.005009052392142261,0.0284961004489994,1.1030960083007812
