model_returned_smth,valid_cf_disc,dissimilarity_proximity_categorical_hamming,dissimilarity_proximity_categorical_jaccard,dissimilarity_proximity_continuous_manhatan,dissimilarity_proximity_continuous_euclidean,dissimilarity_proximity_continuous_mad,distance_l2_jaccard,distance_mad_hamming,sparsity,flow_log_density_cfs,flow_log_density_xs,flow_prob_condition_acc,lof_scores_xs,lof_scores_cfs,isolation_forest_scores_xs,isolation_forest_scores_cfs,time
1.0,0.995121955871582,,0.0,0.46563990963748475,0.37609594534733687,2.153845377047272,0.37609594534733687,,1.0,1.6821649074554443,1.4191430807113647,1.0,1.045943,0.9922698,-0.0005268676476471984,0.03733760575847884,1.1043689250946045
1.0,0.8487805128097534,,0.0,0.43767486076973294,0.34248139264375754,2.465244314536966,0.34248139264375754,,1.0,1.7842063903808594,1.258367657661438,1.0,1.084471,1.0180029,-0.0010762087434659318,0.030321045966654386,1.0987682342529297
1.0,1.0,,0.0,0.45197337896494966,0.36135065723716625,2.3245430313959354,0.36135065723716625,,1.0,1.6267040967941284,1.4187835454940796,1.0,1.0458289,0.9844477,0.0044313801402887905,0.04167624214374854,1.0944488048553467
1.0,0.995121955871582,,0.0,0.44539230042901895,0.3554131373557042,2.4756093105556918,0.3554131373557042,,1.0,1.6579269170761108,1.309076189994812,1.0,1.0599597,1.0298876,0.0027541499283298522,0.034569150009398635,1.1043829917907715
1.0,1.0,,0.0,0.45487832979244347,0.35175017213261484,2.3930673762863757,0.35175017213261484,,1.0,1.723731517791748,1.4616645574569702,1.0,1.0473603,1.0367943,0.005009052392142261,0.02817213335775298,1.0943889617919922
