model_returned_smth,valid_cf_disc,dissimilarity_proximity_categorical_hamming,dissimilarity_proximity_categorical_jaccard,dissimilarity_proximity_continuous_manhatan,dissimilarity_proximity_continuous_euclidean,dissimilarity_proximity_continuous_mad,distance_l2_jaccard,distance_mad_hamming,sparsity,flow_log_density_cfs,flow_log_density_xs,flow_prob_condition_acc,lof_scores_xs,lof_scores_cfs,isolation_forest_scores_xs,isolation_forest_scores_cfs,time
1.0,1.0,,0.0,0.6637147748329238,0.48886188637745864,4.9266014677636765,0.48886188637745864,,1.0,0.853480339050293,0.4111303687095642,0.8529411554336548,1.0393983,1.3681083,0.0004266122988019526,-0.0016376967189024266,191.29958581924438
1.0,1.0,,0.0,0.5210412815574882,0.3828309509443861,4.3806663005097395,0.3828309509443861,,1.0,0.9797109961509705,0.6010645031929016,0.8640776872634888,1.0736533,1.3266029,0.003229532514290294,0.008388906514674162,141.91009640693665
1.0,1.0,,0.0,0.4491830578580326,0.3254240436064016,3.1210392836442926,0.3254240436064016,,1.0,1.0273668766021729,0.3437308073043823,0.9484536051750183,1.0579808,1.284137,0.001437538071085136,0.008627311692236534,60.97406077384949
1.0,1.0,,0.0,0.5672902216867763,0.43402192529674966,3.422301471817727,0.43402192529674966,,1.0,1.0984126329421997,0.6674522161483765,0.7745097875595093,1.0650865,1.33384,-0.0007106938568488644,-0.00030270134290588994,153.603666305542
1.0,1.0,,0.0,0.3994930675801109,0.3012441441994789,2.949369175761354,0.3012441441994789,,1.0,0.38024887442588806,-0.14595995843410492,0.9117646813392639,1.0506406,1.3115047,0.001305483580274112,0.002007214352854133,107.35208535194397
