model_returned_smth,valid_cf_disc,dissimilarity_proximity_categorical_hamming,dissimilarity_proximity_categorical_jaccard,dissimilarity_proximity_continuous_manhatan,dissimilarity_proximity_continuous_euclidean,dissimilarity_proximity_continuous_mad,distance_l2_jaccard,distance_mad_hamming,sparsity,flow_log_density_cfs,flow_log_density_xs,flow_prob_condition_acc,lof_scores_xs,lof_scores_cfs,isolation_forest_scores_xs,isolation_forest_scores_cfs,plausibility,cf_belongs_to_group,K_vectors,time
1.0,0.14814814925193787,,0.0,0.09210042050108314,0.06512603585366028,1.6115109249949455,0.06512603585366028,,1.0,0.43522536754608154,0.9724917411804199,0.3125,1.0378119,1.0923305,0.0028909804358039355,0.008641862622596815,0.04759488044931265,1.0,1,0.851921796798706
1.0,0.12621359527111053,,0.0,0.0895635737822606,0.063333178468616,1.1013548053227937,0.063333178468616,,1.0,0.11300376802682877,0.19993887841701508,0.3076923191547394,1.0731748,1.1634331,0.003861861938178885,0.005350139893579561,0.030094353922504678,1.0,1,0.8626911640167236
1.0,0.09278350323438644,,0.0,0.08136446442868975,0.057535632543913556,0.6882704959975349,0.057535632543913556,,1.0,-0.0820486843585968,0.3387826085090637,0.2222222238779068,1.0632604,1.1216645,-1.8850945178018135e-06,0.005700709784896545,0.0752805494969268,1.0,1,0.8851697444915771
1.0,0.09615384787321091,,0.0,0.08276238068938255,0.05852423962799994,1.051171898841858,0.05852423962799994,,1.0,-0.38647764921188354,0.6782117486000061,0.20000000298023224,1.0664157,1.1067723,0.0003264332190013784,0.009406856104865049,0.024365388229305028,1.0,1,0.9076569080352783
1.0,0.0784313753247261,,0.0,0.09501466620713472,0.06718572323948865,1.1365463882684708,0.06718572323948865,,1.0,0.6870760917663574,0.31444984674453735,0.375,1.0501333,1.1446266,1.8257731835935814e-05,0.0020772338139379877,0.04478258493587094,1.0,1,0.9717698097229004
