model_returned_smth,valid_cf_disc,dissimilarity_proximity_categorical_hamming,dissimilarity_proximity_categorical_jaccard,dissimilarity_proximity_continuous_manhatan,dissimilarity_proximity_continuous_euclidean,dissimilarity_proximity_continuous_mad,distance_l2_jaccard,distance_mad_hamming,sparsity,flow_log_density_cfs,flow_log_density_xs,flow_prob_condition_acc,lof_scores_xs,lof_scores_cfs,isolation_forest_scores_xs,isolation_forest_scores_cfs,time
1.0,0.995121955871582,,0.0,0.4475433351101089,0.362232754136297,2.068820308090425,0.362232754136297,,1.0,1.6300917863845825,1.4191430807113647,0.9852941036224365,1.045943,0.99291563,-0.0005268676476471984,0.03793344014622847,1.102332353591919
1.0,0.8292682766914368,,0.0,0.42089841998017885,0.3286750470213055,2.3262192449148964,0.3286750470213055,,1.0,1.7603707313537598,1.245261549949646,0.9941176176071167,1.084471,1.0070004,-0.0010762087434659318,0.030862489371998526,1.1007280349731445
1.0,1.0,,0.0,0.435614829653556,0.34790275572636237,2.242290059604296,0.34790275572636237,,1.0,1.5958993434906006,1.4187835454940796,0.9658536314964294,1.0458289,0.9810316,0.0044313801402887905,0.0424877831611375,1.1134672164916992
1.0,0.9902439117431641,,0.0,0.42900885234121233,0.3425672606335217,2.3641523178575072,0.3425672606335217,,1.0,1.5947586297988892,1.3107041120529175,1.0,1.0599597,1.0280113,0.0027541499283298522,0.0350630595357795,1.0858690738677979
1.0,1.0,,0.0,0.4400341217862625,0.34123646828663384,2.3141092529849097,0.34123646828663384,,1.0,1.7044613361358643,1.4616645574569702,1.0,1.0473603,1.0270393,0.005009052392142261,0.02774520763705983,1.1000659465789795
