model_returned_smth,valid_cf_disc,dissimilarity_proximity_categorical_hamming,dissimilarity_proximity_categorical_jaccard,dissimilarity_proximity_continuous_manhatan,dissimilarity_proximity_continuous_euclidean,dissimilarity_proximity_continuous_mad,distance_l2_jaccard,distance_mad_hamming,sparsity,flow_log_density_cfs,flow_log_density_xs,flow_prob_condition_acc,lof_scores_xs,lof_scores_cfs,isolation_forest_scores_xs,isolation_forest_scores_cfs,plausibility,cf_belongs_to_group,K_vectors,time
1.0,0.14814814925193787,,0.0,0.09279946470633149,0.06562014009868529,1.6238404512405396,0.06562014009868529,,1.0,0.3910789489746094,0.9724917411804199,0.25,1.0378119,1.0840452,0.0028909804358039355,0.008249984483780358,0.04819942590434058,1.0,1,0.835658073425293
1.0,0.12621359527111053,,0.0,0.08594978314179641,0.06077771418433266,1.0569460758796105,0.06077771418433266,,1.0,0.05115191638469696,0.19993887841701508,0.3076923191547394,1.0731748,1.1552788,0.003861861938178885,0.005047074537484292,0.030000480178915375,1.0,1,0.8902599811553955
1.0,0.0824742242693901,,0.0,0.0783896017819643,0.05543176908681925,0.8679022192955017,0.05543176908681925,,1.0,-0.0992046594619751,0.3233897089958191,0.25,1.0632604,1.115002,-1.8850945178018135e-06,0.006159915680155336,0.08359448566915836,1.0,1,0.8482499122619629
1.0,0.08653846383094788,,0.0,0.0805518486433559,0.05696142167145636,1.6771171622806125,0.05696142167145636,,1.0,-0.47568538784980774,0.5792162418365479,0.2222222238779068,1.0664157,1.1029432,0.0003264332190013784,0.008964707673812041,0.02554113607149981,1.0,1,0.8545339107513428
1.0,0.0784313753247261,,0.0,0.09079403709620237,0.06420125869709067,1.0860105454921722,0.06420125869709067,,1.0,0.6793251633644104,0.31444984674453735,0.125,1.0501333,1.1348687,1.8257731835935814e-05,0.002650074491967551,0.04510211505072266,1.0,1,0.8398499488830566
