model_returned_smth,valid_cf_disc,dissimilarity_proximity_categorical_hamming,dissimilarity_proximity_categorical_jaccard,dissimilarity_proximity_continuous_manhatan,dissimilarity_proximity_continuous_euclidean,dissimilarity_proximity_continuous_mad,distance_l2_jaccard,distance_mad_hamming,sparsity,flow_log_density_cfs,flow_log_density_xs,flow_prob_condition_acc,lof_scores_xs,lof_scores_cfs,isolation_forest_scores_xs,isolation_forest_scores_cfs,time
1.0,1.0,,0.0,0.4503450985537933,0.35801973140910737,2.0917644250683667,0.35801973140910737,,1.0,1.5918487310409546,1.4153826236724854,1.0,1.4035313,1.3096248,-0.0019895033515213165,0.028841600075302617,68.75511121749878
1.0,1.0,,0.0,0.3894260818729313,0.3030848505976522,2.1709723908726763,0.3030848505976522,,1.0,1.615599274635315,1.3076913356781006,1.0,1.2937112,1.2513479,-0.000747929242292022,0.029526472715241885,94.44142532348633
1.0,1.0,,0.0,0.4579462143501676,0.36129826016450106,2.3680019925280313,0.36129826016450106,,1.0,1.613707423210144,1.4187835454940796,0.995121955871582,1.3631467,1.3671703,0.0028980253065218585,0.0400961999969313,68.9059317111969
1.0,1.0,,0.0,0.40908080241245376,0.32487785628060684,2.259045033338593,0.32487785628060684,,1.0,1.5826177597045898,1.3041713237762451,1.0,1.2515503,1.2221014,0.0033943778797144537,0.030587337108061267,69.88585901260376
1.0,1.0,,0.0,0.4149469743464507,0.3195439989292683,2.2102566472455565,0.3195439989292683,,1.0,1.6410692930221558,1.4616645574569702,1.0,1.1787534,1.2361512,0.006310063915054433,0.031341294902883725,88.99313402175903
