model_returned_smth,valid_cf_disc,dissimilarity_proximity_categorical_hamming,dissimilarity_proximity_categorical_jaccard,dissimilarity_proximity_continuous_manhatan,dissimilarity_proximity_continuous_euclidean,dissimilarity_proximity_continuous_mad,distance_l2_jaccard,distance_mad_hamming,sparsity,flow_log_density_cfs,flow_log_density_xs,flow_prob_condition_acc,lof_scores_xs,lof_scores_cfs,isolation_forest_scores_xs,isolation_forest_scores_cfs,time
1.0,1.0,,0.0,0.44368159154872977,0.3531418140832652,2.0577938643897453,0.3531418140832652,,1.0,1.5678002834320068,1.4153826236724854,0.995121955871582,1.045943,0.98170644,-0.0005268676476471984,0.04030435153998326,22.739559412002563
1.0,0.9902439117431641,,0.0,0.3865858047851935,0.299629293585846,2.1615585643669655,0.299629293585846,,1.0,1.628562092781067,1.3098931312561035,0.9950739145278931,1.084471,0.9992988,-0.0010762087434659318,0.02903662022198857,21.83265280723572
1.0,0.9804878234863281,,0.0,0.5202148113914057,0.41204345267886755,2.6273239471426058,0.41204345267886755,,1.0,1.6700705289840698,1.4171087741851807,0.9950248599052429,1.0458289,0.98210156,0.0044313801402887905,0.035683757722459214,19.77558469772339
1.0,0.9707317352294922,,0.0,0.42568733086329813,0.3406027413114702,2.298942977684227,0.3406027413114702,,1.0,1.6228615045547485,1.307296872138977,1.0,1.0599597,0.9787597,0.0027541499283298514,0.03439583900309943,18.955410718917847
1.0,0.9852941036224365,,0.0,0.41182190758078846,0.3174021000866918,2.1487546577975523,0.3174021000866918,,1.0,1.6365708112716675,1.4824053049087524,1.0,1.0473603,1.0152413,0.0050090523921422605,0.02835745251820638,18.890867948532104
