model_returned_smth,valid_cf_disc,dissimilarity_proximity_categorical_hamming,dissimilarity_proximity_categorical_jaccard,dissimilarity_proximity_continuous_manhatan,dissimilarity_proximity_continuous_euclidean,dissimilarity_proximity_continuous_mad,distance_l2_jaccard,distance_mad_hamming,sparsity,flow_log_density_cfs,flow_log_density_xs,flow_prob_condition_acc,lof_scores_xs,lof_scores_cfs,isolation_forest_scores_xs,isolation_forest_scores_cfs,time
1.0,0.995121955871582,,0.0,0.4518875093467524,0.36515472040852665,2.0914221564490423,0.36515472040852665,,1.0,1.6486048698425293,1.4191430807113647,0.9950980544090271,1.045943,0.9905417,-0.0005268676476471984,0.03856533201629963,1.0816929340362549
1.0,0.8390243649482727,,0.0,0.4245579836262,0.3324250074612436,2.36778124924316,0.3324250074612436,,1.0,1.7648674249649048,1.2519835233688354,0.9883720874786377,1.084471,1.009673,-0.0010762087434659318,0.03085637365717023,1.0959041118621826
1.0,1.0,,0.0,0.43780951701422655,0.34946625078922733,2.253765931216682,0.34946625078922733,,1.0,1.6011760234832764,1.4187835454940796,0.9902439117431641,1.0458289,0.98129153,0.0044313801402887905,0.04262229417614246,1.1004149913787842
1.0,0.995121955871582,,0.0,0.4323544377711026,0.3454107692015208,2.4037780378963434,0.3454107692015208,,1.0,1.6187050342559814,1.309076189994812,0.9950980544090271,1.0599597,1.0244979,0.0027541499283298522,0.03588093267294845,1.1017489433288574
1.0,1.0,,0.0,0.443515663601312,0.3433533032457951,2.334234350452236,0.3433533032457951,,1.0,1.7124807834625244,1.4616645574569702,0.9950980544090271,1.0473603,1.0264137,0.005009052392142261,0.027941971341215954,1.0959482192993164
