model_returned_smth,valid_cf_disc,dissimilarity_proximity_categorical_hamming,dissimilarity_proximity_categorical_jaccard,dissimilarity_proximity_continuous_manhatan,dissimilarity_proximity_continuous_euclidean,dissimilarity_proximity_continuous_mad,distance_l2_jaccard,distance_mad_hamming,sparsity,flow_log_density_cfs,flow_log_density_xs,flow_prob_condition_acc,lof_scores_xs,lof_scores_cfs,isolation_forest_scores_xs,isolation_forest_scores_cfs,time
1.0,1.0,,0.0,0.5499254723146334,0.3969407534104367,4.076888782144697,0.3969407534104367,,1.0,0.9054672122001648,0.603783905506134,0.9351851940155029,1.0378119,1.2551256,0.0028909804358039355,0.005865140707025739,34.109155893325806
1.0,1.0,,0.0,0.456605507729991,0.3328606037441492,3.758632809213064,0.3328606037441492,,1.0,0.9331333041191101,0.5303145051002502,0.9514563083648682,1.0731748,1.3078237,0.003861861938178885,0.013823041154940461,12.694625616073608
1.0,1.0,,0.0,0.6387894974491012,0.4588743253927448,4.340746799080642,0.4588743253927448,,1.0,0.8614983558654785,0.5036532878875732,0.8865979313850403,1.0632604,1.2027498,-1.8850945178018135e-06,0.007012104539332674,12.196091890335083
1.0,1.0,,0.0,0.6319748107690919,0.45148729513142016,4.43977417739538,0.45148729513142016,,1.0,1.0668011903762817,0.7975890636444092,0.8846153616905212,1.0664157,1.3049474,0.0003264332190013784,0.004721568387925359,14.717267990112305
1.0,1.0,,0.0,0.5171541197627199,0.37050270128806795,3.959748733277414,0.37050270128806795,,1.0,0.574187695980072,0.17746387422084808,0.9117646813392639,1.0501333,1.418524,1.8257731835935814e-05,0.0030328669411593674,13.28274416923523
