model_returned_smth,valid_cf_disc,dissimilarity_proximity_categorical_hamming,dissimilarity_proximity_categorical_jaccard,dissimilarity_proximity_continuous_manhatan,dissimilarity_proximity_continuous_euclidean,dissimilarity_proximity_continuous_mad,distance_l2_jaccard,distance_mad_hamming,sparsity,flow_log_density_cfs,flow_log_density_xs,flow_prob_condition_acc,lof_scores_xs,lof_scores_cfs,isolation_forest_scores_xs,isolation_forest_scores_cfs,time
1.0,1.0,,0.0,0.44368159154872977,0.3531418140832652,2.0577938643897453,0.3531418140832652,,1.0,1.5678002834320068,1.4153826236724854,0.995121955871582,1.3953599,1.4077462,0.0006799713851124,0.04307123849536373,22.739559412002563
1.0,0.9902439117431641,,0.0,0.38677862962808807,0.30010920578976674,2.162120847279215,0.30010920578976674,,1.0,1.6285589933395386,1.318045973777771,0.9950739145278931,1.3836237,1.2897012,0.0018731777429761886,0.029430586418667904,21.832652807235718
1.0,0.9756097793579102,,0.0,0.5201883076666854,0.41195688981531264,2.6207282795011997,0.41195688981531264,,1.0,1.670503854751587,1.4236561059951782,0.9950000047683716,1.3054113,1.2372917,-0.0005484559244751302,0.02301283486945632,19.77558469772339
1.0,0.9804878234863281,,0.0,0.4238455360425191,0.33928801191848296,2.3203019058674723,0.33928801191848296,,1.0,1.6227465867996216,1.3182600736618042,1.0,1.1764994,1.1931336,0.005186300509946706,0.032379517748217304,18.955410718917847
1.0,0.9901960492134094,,0.0,0.41032969306158545,0.3158532909332941,2.1892997941168226,0.3158532909332941,,1.0,1.6390682458877563,1.4707422256469727,1.0,1.2061834,1.2628007,0.0056208652403696695,0.03101102519104954,18.890867948532104
