model_returned_smth,valid_cf_disc,dissimilarity_proximity_categorical_hamming,dissimilarity_proximity_categorical_jaccard,dissimilarity_proximity_continuous_manhatan,dissimilarity_proximity_continuous_euclidean,dissimilarity_proximity_continuous_mad,distance_l2_jaccard,distance_mad_hamming,sparsity,flow_log_density_cfs,flow_log_density_xs,flow_prob_condition_acc,lof_scores_xs,lof_scores_cfs,isolation_forest_scores_xs,isolation_forest_scores_cfs,plausibility,cf_belongs_to_group,K_vectors,time
1.0,0.12962962687015533,,0.0,0.07961595058441162,0.056297356748197296,1.662139586039952,0.056297356748197296,,1.0,0.971557080745697,1.0092228651046753,0.4285714328289032,1.0378119,1.1335802,0.0028909804358039355,0.008637987879645228,0.03156020248850018,0.0,100,2.388902187347412
1.0,0.12621359527111053,,0.0,0.09654673246236947,0.06827015921079989,1.1881151107641368,0.06827015921079989,,1.0,0.3573276698589325,0.2202499508857727,0.38461539149284363,1.0731748,1.2002121,0.003861861938178885,0.004507512364365787,0.028535277721129907,0.0,103,1.8618559837341309
1.0,0.10309278219938278,,0.0,0.08550035133957863,0.06046091864433362,1.1183016836643218,0.06046091864433362,,1.0,0.12196080386638641,0.3850870728492737,0.20000000298023224,1.0632604,1.149523,-1.8850945178018135e-06,0.0060666044421108616,0.07006457122423984,0.0,95,1.8001668453216553
1.0,0.11538461595773697,,0.0,0.09174199650684993,0.0648770441208723,2.052369217077891,0.0648770441208723,,1.0,0.47343969345092773,0.8291764855384827,0.25,1.0664157,1.101104,0.0003264332190013784,0.009703559218720672,0.02125455166562813,0.0,104,1.8727819919586182
1.0,0.10784313827753067,,0.0,0.10218249464576895,0.07225409143130004,1.2651141285896301,0.07225409143130004,,1.0,0.6020524501800537,0.6066749095916748,0.27272728085517883,1.0501333,1.1851412,1.8257731835935814e-05,0.0007743450367647408,0.051357456703799424,0.0,102,1.8215248584747314
