model_returned_smth,valid_cf_disc,dissimilarity_proximity_categorical_hamming,dissimilarity_proximity_categorical_jaccard,dissimilarity_proximity_continuous_manhatan,dissimilarity_proximity_continuous_euclidean,dissimilarity_proximity_continuous_mad,distance_l2_jaccard,distance_mad_hamming,sparsity,flow_log_density_cfs,flow_log_density_xs,flow_prob_condition_acc,lof_scores_xs,lof_scores_cfs,isolation_forest_scores_xs,isolation_forest_scores_cfs,time
1.0,1.0,,0.0,0.46056208532337645,0.37144109175903767,2.108341687626955,0.37144109175903767,,1.0,1.6667841672897339,1.4153826236724854,1.0,1.045943,0.9907445,-0.0005268676476471984,0.03828363108976641,1.856632947921753
1.0,1.0,,0.0,0.44536573895048803,0.3530329986810313,2.4200813876419534,0.3530329986810313,,1.0,1.783288836479187,1.3076914548873901,1.0,1.084471,1.0179598,-0.0010762087434659318,0.030558431715542546,1.8701510429382324
1.0,1.0,,0.0,0.44785022413721537,0.3581777868017245,2.3037027213631607,0.3581777868017245,,1.0,1.6166646480560303,1.4187835454940796,1.0,1.0458289,0.9823026,0.0044313801402887905,0.04110377205438941,1.8516128063201904
1.0,1.0,,0.0,0.4397314446359282,0.35121456972504017,2.4069389029247006,0.35121456972504017,,1.0,1.646833896636963,1.3041713237762451,1.0,1.0599597,1.0253906,0.0027541499283298514,0.035645807259753706,1.8420557975769043
1.0,1.0,,0.0,0.44931009627294305,0.34772352357074043,2.3644049587641276,0.34772352357074043,,1.0,1.7233978509902954,1.4616645574569702,1.0,1.0473603,1.0283172,0.0050090523921422605,0.02775541848659168,1.8539090156555176
