model_returned_smth,valid_cf_disc,dissimilarity_proximity_categorical_hamming,dissimilarity_proximity_categorical_jaccard,dissimilarity_proximity_continuous_manhatan,dissimilarity_proximity_continuous_euclidean,dissimilarity_proximity_continuous_mad,distance_l2_jaccard,distance_mad_hamming,sparsity,flow_log_density_cfs,flow_log_density_xs,flow_prob_condition_acc,lof_scores_xs,lof_scores_cfs,isolation_forest_scores_xs,isolation_forest_scores_cfs,time
1.0,1.0,,0.0,0.9207157958020661,0.7134756170338931,4.210723621670793,0.7134756170338931,,1.0,1.6466476917266846,1.4153826236724854,0.9902439117431641,1.045943,1.0191481,-0.0005268676476471984,-0.0036179529134855205,2.7057151794433594
1.0,1.0,,0.0,0.8485174241135033,0.6556463520944302,4.549260560477652,0.6556463520944302,,1.0,1.844382405281067,1.3076913356781006,0.995121955871582,1.084471,1.0512311,-0.0010762087434659318,-0.0035689074100993647,2.465531349182129
1.0,1.0,,0.0,0.8972923170843321,0.6849899256928013,4.612668542164128,0.6849899256928013,,1.0,1.6976573467254639,1.4187835454940796,0.9902439117431641,1.0458289,1.0168407,0.0044313801402887905,0.0017611912463675662,2.4655323028564453
1.0,1.0,,0.0,0.9134095995158821,0.6960208204262192,4.998889845173533,0.6960208204262192,,1.0,1.6830146312713623,1.3041713237762451,0.995121955871582,1.0599597,1.0776757,0.0027541499283298522,-0.024390140557947002,2.468596935272217
1.0,1.0,,0.0,0.8784250683680761,0.6730437069302052,4.570965485245574,0.6730437069302052,,1.0,1.812288761138916,1.4616645574569702,1.0,1.0473603,1.019868,0.005009052392142261,0.0029047422461485717,2.4217329025268555
