,precision,recall,f1-score,support
0,0.7520325203252033,0.8333333333333334,0.7905982905982906,222.0
1,0.8131313131313131,0.7252252252252253,0.7666666666666667,222.0
accuracy,0.7792792792792793,0.7792792792792793,0.7792792792792793,0.7792792792792793
macro avg,0.7825819167282582,0.7792792792792793,0.7786324786324786,444.0
weighted avg,0.7825819167282583,0.7792792792792793,0.7786324786324785,444.0
