model_returned_smth,valid_cf_disc,dissimilarity_proximity_categorical_hamming,dissimilarity_proximity_categorical_jaccard,dissimilarity_proximity_continuous_manhatan,dissimilarity_proximity_continuous_euclidean,dissimilarity_proximity_continuous_mad,distance_l2_jaccard,distance_mad_hamming,sparsity,flow_log_density_cfs,flow_log_density_xs,flow_prob_condition_acc,lof_scores_xs,lof_scores_cfs,isolation_forest_scores_xs,isolation_forest_scores_cfs,time
1.0,1.0,,0.0,0.5200842344355429,0.3677550907703065,2.529156773846324,0.3677550907703065,,1.0,-8.84732723236084,1.4153826236724854,0.10731707513332367,1.045943,1.3271251,-0.0005268676476471984,0.0028098959476535947,300.1894145012
1.0,0.9560975432395935,,0.0,0.48742003403413964,0.34465802236447496,2.691393729983544,0.34465802236447496,,1.0,-5.677718162536621,1.30707848072052,0.12244898080825806,1.08323,1.4675188,-0.0005089415829238789,-0.0011253036381027775,296.970903794
1.0,0.8341463208198547,,0.0,0.5362939962447343,0.3792171218126393,2.549944225110506,0.3792171218126393,,1.0,-6.594690322875977,1.379625678062439,0.05847953259944916,1.051412,1.3809552,0.0006072214996521506,0.00376685052618567,295.4824703534
1.0,0.995121955871582,,0.0,0.48103747491247717,0.3401448606242101,2.68858591540187,0.3401448606242101,,1.0,-4.11189079284668,1.3020052909851074,0.11764705926179886,1.0598927,1.3906639,0.0026121523242050326,0.004759969055474209,300.2897896767
1.0,1.0,,0.0,0.4705538362191588,0.3327318154227685,2.5472294962873647,0.3327318154227685,,1.0,-4.303955554962158,1.4616645574569702,0.10294117778539658,1.0473603,1.3703624,0.0050090523921422605,0.003082609130514613,297.9916369915
