model_returned_smth,valid_cf_disc,dissimilarity_proximity_categorical_hamming,dissimilarity_proximity_categorical_jaccard,dissimilarity_proximity_continuous_manhatan,dissimilarity_proximity_continuous_euclidean,dissimilarity_proximity_continuous_mad,distance_l2_jaccard,distance_mad_hamming,sparsity,flow_log_density_cfs,flow_log_density_xs,flow_prob_condition_acc,lof_scores_xs,lof_scores_cfs,isolation_forest_scores_xs,isolation_forest_scores_cfs,time
0.9853658536585366,0.5891088843345642,,0.0,0.21821708650672572,0.18277843269848693,1.0324319067622434,0.18277843269848693,,1.0,-1.493730902671814,1.3812634944915771,0.008403361774981022,1.0446063,1.0582446,0.0035042984535841033,0.018704428791089266,1584.3612475395203
1.0,0.5268292427062988,,0.0,0.22873045460976385,0.19524205122064464,1.1562416847381327,0.19524205122064464,,1.0,-2.2006444931030273,1.2988669872283936,0.009259259328246117,1.0371835,1.0678082,0.0009073538707653457,-0.002272514226070805,1386.7754304409027
1.0,0.5219511985778809,,0.0,0.405152617558776,0.3495549865047923,1.8563495158592118,0.3495549865047923,,1.0,-6.896618366241455,1.4631463289260864,0.11214952915906906,1.0576571,1.074236,0.005956764374876209,-0.018009291004964803,1405.308449268341
1.0,0.6048780679702759,,0.0,0.33871652538824315,0.30263536321939893,1.6898773173771557,0.30263536321939893,,1.0,-2.72802472114563,1.3439444303512573,0.11290322244167328,1.0529191,1.062724,0.004574717446526904,0.0005753549066366064,1528.7091341018677
0.9950980392156863,0.5517241358757019,,0.0,0.22307706950232387,0.19385482509227853,1.2398842192654098,0.19385482509227853,,1.0,-1.803097128868103,1.4809494018554688,0.0,1.0477647,1.0704246,0.007475155214246988,0.004764041423210492,1354.8991601467133
