model_returned_smth,valid_cf_disc,dissimilarity_proximity_categorical_hamming,dissimilarity_proximity_categorical_jaccard,dissimilarity_proximity_continuous_manhatan,dissimilarity_proximity_continuous_euclidean,dissimilarity_proximity_continuous_mad,distance_l2_jaccard,distance_mad_hamming,sparsity,flow_log_density_cfs,flow_log_density_xs,flow_prob_condition_acc,lof_scores_xs,lof_scores_cfs,isolation_forest_scores_xs,isolation_forest_scores_cfs,time
1.0,1.0,,0.0,0.5203980919240587,0.378477697381097,2.4968891684601946,0.378477697381097,,1.0,-9.447894096374512,1.4153826236724854,0.08292683213949203,1.0507475,1.0743929,-0.006807273081448125,-0.010650324063809098,201.2670271396637
0.926829268292683,0.9894737005233765,,0.0,0.4741004808964406,0.36467861906592947,2.5367986654981656,0.36467861906592947,,1.0,-4.9055657386779785,1.3008710145950317,0.17553190886974335,1.0381852,1.0782564,-0.0015713674697081727,-0.013037287793585971,192.93483901023865
0.9560975609756097,1.0,,0.0,0.4914798094381398,0.36465538966433264,2.570490758029782,0.36465538966433264,,1.0,-8.423288345336914,1.4236292839050293,0.040816325694322586,1.0488952,1.0765743,0.006534995213099954,-0.0032561108924806918,196.24482679367065
1.0,1.0,,0.0,0.4741836325055352,0.34120382483018324,2.6523176507252018,0.34120382483018324,,1.0,-4.767749786376953,1.3041713237762451,0.10731707513332367,1.0508687,1.0738134,0.0012465723010145057,-0.009084578154257865,201.5341808795929
1.0,1.0,,0.0,0.4730157807980682,0.365258028570562,2.4834964292890884,0.365258028570562,,1.0,-4.1672492027282715,1.4616645574569702,0.15196079015731812,1.0406871,1.0806731,0.005936166568358535,-0.010990498970193597,199.4607129096985
