model_returned_smth,valid_cf_disc,dissimilarity_proximity_categorical_hamming,dissimilarity_proximity_categorical_jaccard,dissimilarity_proximity_continuous_manhatan,dissimilarity_proximity_continuous_euclidean,dissimilarity_proximity_continuous_mad,distance_l2_jaccard,distance_mad_hamming,sparsity,flow_log_density_cfs,flow_log_density_xs,flow_prob_condition_acc,lof_scores_xs,lof_scores_cfs,isolation_forest_scores_xs,isolation_forest_scores_cfs,time
1.0,1.0,,0.0,0.34269033824831885,0.2688378881180822,1.598025089938466,0.2688378881180822,,1.0,-0.916931688785553,1.4153826236724854,0.0,1.045943,1.2212025,-0.002793039846175785,0.004601941135852099,1766.9550640583038
1.0,1.0,,0.0,0.3303447358582805,0.2598062867590471,1.7940711190060872,0.2598062867590471,,1.0,-0.31372442841529846,1.3076914548873901,0.04878048598766327,1.084471,1.3041853,0.001960640381503429,0.0024595376790360834,1728.5913970470428
1.0,1.0,,0.0,0.32767930632093695,0.256095408667365,1.695935787224188,0.256095408667365,,1.0,-0.7072024941444397,1.4187835454940796,0.0,1.0458289,1.3047072,0.010450536963396364,0.015035401806586019,1721.862821340561
1.0,1.0,,0.0,0.32675918533250964,0.25896080148505196,1.7994864481251414,0.25896080148505196,,1.0,-0.3429816961288452,1.3041713237762451,0.03414634242653847,1.0599597,1.2868975,0.008852866504537446,0.02041966302272189,1744.4379618167877
1.0,1.0,,0.0,0.33462354785525333,0.2651044417307569,1.7484645361409468,0.2651044417307569,,1.0,-0.10277488082647324,1.4616645574569702,0.029411764815449715,1.0473603,1.3114529,0.012916895849792826,0.017222141443233207,1720.871127128601
