model_returned_smth,valid_cf_disc,dissimilarity_proximity_categorical_hamming,dissimilarity_proximity_categorical_jaccard,dissimilarity_proximity_continuous_manhatan,dissimilarity_proximity_continuous_euclidean,dissimilarity_proximity_continuous_mad,distance_l2_jaccard,distance_mad_hamming,sparsity,flow_log_density_cfs,flow_log_density_xs,flow_prob_condition_acc,lof_scores_xs,lof_scores_cfs,isolation_forest_scores_xs,isolation_forest_scores_cfs,time
1.0,1.0,,0.0,0.5200842344355429,0.3677550907703065,2.529156773846324,0.3677550907703065,,1.0,-8.847326278686523,1.4153826236724854,0.10731707513332367,1.0515802,1.0655905,0.00016783662507114695,0.0018620975761108563,0
1.0,0.9560975432395935,,0.0,0.48742003403413964,0.34465802236447496,2.691393729983544,0.34465802236447496,,1.0,-5.677718639373779,1.3070783615112305,0.12244898080825806,1.0394956,1.070787,-0.0020656442116058983,-0.0012811115336437695,0
1.0,0.8341463208198547,,0.0,0.5362939962447343,0.3792171218126393,2.549944225110506,0.3792171218126393,,1.0,-6.594688892364502,1.379625678062439,0.05847953259944916,1.0380943,1.0661862,-0.001403535965046433,0.0016412379444601048,0
1.0,0.995121955871582,,0.0,0.48103747491247717,0.3401448606242101,2.68858591540187,0.3401448606242101,,1.0,-4.1118903160095215,1.3020052909851074,0.11764705926179886,1.0507973,1.0683079,0.007960237021250668,0.01106120447509145,0
1.0,1.0,,0.0,0.4705538362191588,0.3327318154227685,2.5472294962873647,0.3327318154227685,,1.0,-4.303955554962158,1.4616645574569702,0.10294117778539658,1.0408937,1.0695046,0.007521113670101965,0.0023585015903318384,0
