model_returned_smth,valid_cf_disc,dissimilarity_proximity_categorical_hamming,dissimilarity_proximity_categorical_jaccard,dissimilarity_proximity_continuous_manhatan,dissimilarity_proximity_continuous_euclidean,dissimilarity_proximity_continuous_mad,distance_l2_jaccard,distance_mad_hamming,sparsity,flow_log_density_cfs,flow_log_density_xs,flow_prob_condition_acc,lof_scores_xs,lof_scores_cfs,isolation_forest_scores_xs,isolation_forest_scores_cfs,time
0.9853658536585366,0.6633663177490234,,0.0,0.21818701147775985,0.18364866025379498,1.1080026677740153,0.18364866025379498,,1.0,-2.0445215702056885,1.4043638706207275,0.007462686393409967,1.045943,1.409729,-0.0005268676476471984,0.0015472432510883123,1584.3612475395205
1.0,0.5268292427062988,,0.0,0.21531524835154414,0.1817163024762608,1.1378288634673313,0.1817163024762608,,1.0,-3.669484853744507,1.2490118741989136,0.009259259328246117,1.084471,1.6426165,-0.0010762087434659318,-0.01139188759163343,1386.7754304409027
1.0,0.49268293380737305,,0.0,0.40525230635902704,0.34796606577312356,1.9478058295674843,0.34796606577312356,,1.0,-8.020708084106445,1.4799460172653198,0.0891089141368866,1.0458289,1.6451929,0.0044313801402887905,-0.024171189783676834,1405.308449268341
1.0,0.5463414788246155,,0.0,0.3388221490552366,0.2983042591284159,1.6342300320310252,0.2983042591284159,,1.0,-3.101597309112549,1.3973491191864014,0.1071428582072258,1.0599597,1.428861,0.0027541499283298514,-0.00682316205819914,1528.7091341018677
0.9950980392156863,0.5665024518966675,,0.0,0.23415421095231306,0.20305613128251132,1.30383786999661,0.20305613128251132,,1.0,-1.6973762512207031,1.5223897695541382,0.0,1.0473603,1.4800953,0.0050090523921422605,-0.006169695498017651,1354.8991601467133
