,precision,recall,f1-score,support
0,0.8514851485148515,0.8686868686868687,0.86,99.0
1,0.8686868686868687,0.8514851485148515,0.86,101.0
accuracy,0.86,0.86,0.86,0.86
macro avg,0.8600860086008602,0.8600860086008602,0.86,200.0
weighted avg,0.8601720172017201,0.86,0.86,200.0
