,precision,recall,f1-score,support
0,0.78125,0.7882882882882883,0.7847533632286996,222.0
1,0.7863636363636364,0.7792792792792793,0.7828054298642534,222.0
accuracy,0.7837837837837838,0.7837837837837838,0.7837837837837838,0.7837837837837838
macro avg,0.7838068181818182,0.7837837837837838,0.7837793965464765,444.0
weighted avg,0.7838068181818182,0.7837837837837838,0.7837793965464764,444.0
