,precision,recall,f1-score,support
0,0.7971698113207547,0.7612612612612613,0.7788018433179723,222.0
1,0.771551724137931,0.8063063063063063,0.788546255506608,222.0
accuracy,0.7837837837837838,0.7837837837837838,0.7837837837837838,0.7837837837837838
macro avg,0.7843607677293429,0.7837837837837838,0.7836740494122901,444.0
weighted avg,0.7843607677293428,0.7837837837837838,0.7836740494122901,444.0
