,precision,recall,f1-score,support
0,0.7783018867924528,0.7432432432432432,0.7603686635944701,222.0
1,0.7543103448275862,0.7882882882882883,0.7709251101321586,222.0
accuracy,0.7657657657657657,0.7657657657657657,0.7657657657657657,0.7657657657657657
macro avg,0.7663061158100195,0.7657657657657657,0.7656468868633144,444.0
weighted avg,0.7663061158100196,0.7657657657657657,0.7656468868633144,444.0
