,precision,recall,f1-score,support
0,0.7318982387475538,0.7283349561830574,0.7301122498779893,1027.0
1,0.7069327731092437,0.7106652587117213,0.708794102159031,947.0
accuracy,0.7198581560283688,0.7198581560283688,0.7198581560283688,0.7198581560283688
macro avg,0.7194155059283988,0.7195001074473893,0.7194531760185101,1974.0
weighted avg,0.719921391756936,0.7198581560283688,0.7198851546956927,1974.0
