,train_ll,test_ll
0,10.038543701171875,6.811227798461914
