,precision,recall,f1-score,support
0,0.8640776699029126,0.8725490196078431,0.8682926829268293,102.0
1,0.8725490196078431,0.8640776699029126,0.8682926829268293,103.0
accuracy,0.8682926829268293,0.8682926829268293,0.8682926829268293,0.8682926829268293
macro avg,0.8683133447553779,0.8683133447553779,0.8682926829268293,205.0
weighted avg,0.8683340065839265,0.8682926829268293,0.8682926829268293,205.0
