,precision,recall,f1-score,support
0,0.9901960784313726,0.9901960784313726,0.9901960784313726,102.0
1,0.9901960784313726,0.9901960784313726,0.9901960784313726,102.0
accuracy,0.9901960784313726,0.9901960784313726,0.9901960784313726,0.9901960784313726
macro avg,0.9901960784313726,0.9901960784313726,0.9901960784313726,204.0
weighted avg,0.9901960784313726,0.9901960784313726,0.9901960784313726,204.0
