model_returned_smth,valid_cf_disc,dissimilarity_proximity_categorical_hamming,dissimilarity_proximity_categorical_jaccard,dissimilarity_proximity_continuous_manhatan,dissimilarity_proximity_continuous_euclidean,dissimilarity_proximity_continuous_mad,distance_l2_jaccard,distance_mad_hamming,sparsity,flow_log_density_cfs,flow_log_density_xs,flow_prob_condition_acc,lof_scores_xs,lof_scores_cfs,isolation_forest_scores_xs,isolation_forest_scores_cfs,time
1.0,1.0,,0.0,0.6210781101222581,0.47810735028603585,3.068435614574246,0.47810735028603585,,1.0,-7.2871904373168945,1.4153826236724854,0.0,6426482.5,6131902.5,-0.00042411000087657177,0.02656513618451457,0.07860994338989258
1.0,1.0,,0.0,0.5690038410719575,0.448887102812776,3.134526272808633,0.448887102812776,,1.0,-0.6958135962486267,1.3076913356781006,0.5170731544494629,3958303.8,5760331.5,0.0013329199905138473,0.026301874377719105,0.06499505043029785
1.0,1.0,,0.0,0.6073301191532575,0.4694380985092014,3.229258698951907,0.4694380985092014,,1.0,-10.86812686920166,1.4187835454940796,0.0,6072427.5,5960537.0,0.0018085864753795266,0.0306598537099164,0.0637810230255127
1.0,1.0,,0.0,0.7364482627040139,0.5566563293594111,4.169463270757256,0.5566563293594111,,1.0,-4.430243968963623,1.3041713237762451,0.0,8656476.0,5228174.5,-0.0003469097189856007,0.007816366946773245,0.06469321250915527
1.0,1.0,,0.0,0.5736903202373023,0.44327942699301986,3.1356027973633185,0.44327942699301986,,1.0,-5.750761032104492,1.4616645574569702,0.0,5644420.5,6039943.0,0.004763367059739389,0.018432406613648485,0.06304407119750977
