model_returned_smth,valid_cf_disc,dissimilarity_proximity_categorical_hamming,dissimilarity_proximity_categorical_jaccard,dissimilarity_proximity_continuous_manhatan,dissimilarity_proximity_continuous_euclidean,dissimilarity_proximity_continuous_mad,distance_l2_jaccard,distance_mad_hamming,sparsity,flow_log_density_cfs,flow_log_density_xs,flow_prob_condition_acc,lof_scores_xs,lof_scores_cfs,isolation_forest_scores_xs,isolation_forest_scores_cfs,time
1.0,0.8536585569381714,,0.0,0.6235929588895155,0.480163052866479,3.0862634379689284,0.480163052866479,,1.0,-0.26895225048065186,1.4153826236724854,0.0,6426482.5,6131902.5,0.0003435510493906335,0.024112941600704665,0.21310925483703613
1.0,0.8634146451950073,,0.0,0.5690038410719575,0.448887102812776,3.134526272808633,0.448887102812776,,1.0,-5.737917423248291,1.3076914548873901,0.07804878056049347,3958303.8,5760331.5,0.002890758628295712,0.03599055547404429,0.1769111156463623
1.0,0.8731707334518433,,0.0,0.6052344803198627,0.46744377994290426,3.2156772084352445,0.46744377994290426,,1.0,-0.4106113612651825,1.4187835454940796,0.0,6072427.5,5960537.0,0.003352960662851214,0.019405236521587054,0.17537236213684082
1.0,0.8195121884346008,,0.0,0.7400710862215109,0.5595395042671346,4.194986796960598,0.5595395042671346,,1.0,-2.2941765785217285,1.3041713237762451,0.0,8656476.0,5228174.5,0.0037087481073186136,0.023585817844355816,0.17447495460510254
1.0,0.8627451062202454,,0.0,0.5761121358430269,0.4453397296291162,3.151298494899974,0.4453397296291162,,1.0,0.14887671172618866,1.4616645574569702,0.0,5644420.5,6039943.0,0.008097912849877126,0.033341370282454166,0.18050765991210938
