model_returned_smth,valid_cf_disc,dissimilarity_proximity_categorical_hamming,dissimilarity_proximity_categorical_jaccard,dissimilarity_proximity_continuous_manhatan,dissimilarity_proximity_continuous_euclidean,dissimilarity_proximity_continuous_mad,distance_l2_jaccard,distance_mad_hamming,sparsity,flow_log_density_cfs,flow_log_density_xs,flow_prob_condition_acc,lof_scores_xs,lof_scores_cfs,isolation_forest_scores_xs,isolation_forest_scores_cfs,time
1.0,1.0,,0.0,0.586567465033632,0.457277952635946,2.976879661839183,0.457277952635946,,1.0,1.0614500045776367,1.4153826236724854,0.497560977935791,4729699.0,6984290.0,-0.00321853293851064,0.01065142525404993,0.08060288429260254
1.0,0.9902439117431641,,0.0,0.6239349289425635,0.46815603171809833,3.538747200824944,0.46815603171809833,,1.0,1.4949307441711426,1.326613426208496,0.49753695726394653,1831037.4,6255798.0,-0.0006529714709497144,0.011490975807810335,0.08068299293518066
1.0,1.0,,0.0,0.6414351073502585,0.4777407166265108,3.3819258076388663,0.4777407166265108,,1.0,1.1933162212371826,1.4187835454940796,0.497560977935791,3804390.5,6124745.5,-0.0012297233012783409,0.012267440854868875,0.08154797554016113
1.0,0.995121955871582,,0.0,0.7008301594161073,0.5323469689901663,3.9009938695851494,0.5323469689901663,,1.0,1.6487903594970703,1.3254834413528442,0.5,7056152.0,4922242.0,0.0048482529893115345,0.02435280399949793,0.08469605445861816
1.0,0.9950980544090271,,0.0,0.6065033272349188,0.4545132889956278,3.2680035829544067,0.4545132889956278,,1.0,1.4198967218399048,1.4672366380691528,0.5024630427360535,4912679.0,6002663.0,0.00015998881866966387,0.01318073477476679,0.08057785034179688
