model_returned_smth,valid_cf_disc,dissimilarity_proximity_categorical_hamming,dissimilarity_proximity_categorical_jaccard,dissimilarity_proximity_continuous_manhatan,dissimilarity_proximity_continuous_euclidean,dissimilarity_proximity_continuous_mad,distance_l2_jaccard,distance_mad_hamming,sparsity,flow_log_density_cfs,flow_log_density_xs,flow_prob_condition_acc,lof_scores_xs,lof_scores_cfs,isolation_forest_scores_xs,isolation_forest_scores_cfs,time
1.0,1.0,,0.0,0.586567465033632,0.457277952635946,2.976879661839183,0.457277952635946,,1.0,-17.1875,1.4153826236724854,0.0,4729699.0,6984290.0,-0.0003442402891234154,0.012150139390200803,0.31229233741760254
1.0,0.995121955871582,,0.0,0.6220251503604941,0.46673993585504436,3.5461072965366083,0.46673993585504436,,1.0,-11.470037460327148,1.3076914548873901,0.0,1813173.5,6564393.0,0.0010552992123513893,0.0044311119007976576,0.2578732967376709
1.0,1.0,,0.0,0.6414351073502585,0.4777407166265108,3.3819258076388663,0.4777407166265108,,1.0,-7.612451553344727,1.4187835454940796,0.0,3804390.5,6124745.5,-0.00079731476051489,0.0110443167240195,0.25578856468200684
1.0,0.995121955871582,,0.0,0.7012324438220253,0.5324593607389967,3.897828638844374,0.5324593607389967,,1.0,-6.3327317237854,1.3041713237762451,0.0,7021731.5,4917435.0,0.001956478118503979,0.02932199249977844,0.25551509857177734
1.0,1.0,,0.0,0.604467466364012,0.45297851828914737,3.268332941275017,0.45297851828914737,,1.0,-5.270997524261475,1.4616645574569702,0.0,4665689.5,5946512.0,0.0032525365339939293,0.010830704291242221,0.25453639030456543
