model_returned_smth,valid_cf_disc,dissimilarity_proximity_categorical_hamming,dissimilarity_proximity_categorical_jaccard,dissimilarity_proximity_continuous_manhatan,dissimilarity_proximity_continuous_euclidean,dissimilarity_proximity_continuous_mad,distance_l2_jaccard,distance_mad_hamming,sparsity,flow_log_density_cfs,flow_log_density_xs,flow_prob_condition_acc,lof_scores_xs,lof_scores_cfs,isolation_forest_scores_xs,isolation_forest_scores_cfs,time
1.0,1.0,,0.0,0.5885695595379419,0.45915840036043115,2.9892304815897126,0.45915840036043115,,1.0,1.2119605541229248,1.4153826236724854,0.5121951103210449,4729699.0,6984290.0,-0.0024462517452713303,0.02829741018773937,0.57505202293396
1.0,1.0,,0.0,0.6220251503604941,0.466771202926808,3.546107297699626,0.466771202926808,,1.0,1.4949473142623901,1.3076914548873901,0.497560977935791,1813173.5,6564393.0,3.3792446134015606e-05,0.016399080208523414,0.3669719696044922
1.0,1.0,,0.0,0.6436757193628426,0.4793615193460013,3.3939182245149846,0.4793615193460013,,1.0,1.1976264715194702,1.4187835454940796,0.502439022064209,3804390.5,6124745.5,0.001288055215369024,0.014577264597939385,0.4100968837738037
1.0,1.0,,0.0,0.7138723542408382,0.5413461193248882,3.965465903863674,0.5413461193248882,,1.0,1.6475526094436646,1.3041713237762451,0.497560977935791,7021731.5,4917435.0,0.0004335477996340078,0.027422708161877137,0.36360597610473633
1.0,1.0,,0.0,0.5535276940128967,0.43226702339206685,2.924510765893787,0.43226702339206685,,1.0,-1.0688767433166504,1.4616645574569702,0.5,3730387.2,5783247.0,0.007173508913498563,0.025451300305291052,0.35838961601257324
