model_returned_smth,valid_cf_disc,dissimilarity_proximity_categorical_hamming,dissimilarity_proximity_categorical_jaccard,dissimilarity_proximity_continuous_manhatan,dissimilarity_proximity_continuous_euclidean,dissimilarity_proximity_continuous_mad,distance_l2_jaccard,distance_mad_hamming,sparsity,flow_log_density_cfs,flow_log_density_xs,flow_prob_condition_acc,lof_scores_xs,lof_scores_cfs,isolation_forest_scores_xs,isolation_forest_scores_cfs,time
1.0,1.0,,0.0,0.6235929588895155,0.480163052866479,3.0862634379689284,0.480163052866479,,1.0,-7.287188529968262,1.4153826236724854,0.0,1.045943,1.0490215,-0.0005268676476471984,0.029689152090228568,0.0757830142974853
1.0,1.0,,0.0,0.5690038410719575,0.448887102812776,3.134526272808633,0.448887102812776,,1.0,-0.6958133578300476,1.3076914548873901,0.5170731544494629,1.084471,1.0651922,-0.0010762087434659318,0.028807749291057432,0.0609350204467773
1.0,1.0,,0.0,0.6052344803198627,0.46744377994290426,3.2156772084352445,0.46744377994290426,,1.0,-10.742592811584473,1.4187835454940796,0.0,1.0458289,1.0756302,0.0044313801402887905,0.024340891855378993,0.0605340003967285
1.0,1.0,,0.0,0.7400710862215109,0.5595395042671346,4.194986796960598,0.5595395042671346,,1.0,-4.430248737335205,1.3041713237762451,0.0,1.0599597,1.0183883,0.0027541499283298514,0.022130203262010522,0.0618548393249511
1.0,1.0,,0.0,0.5761121358430269,0.4453397296291162,3.151298494899974,0.4453397296291162,,1.0,-5.734886646270752,1.4616645574569702,0.0,1.0473603,1.0736065,0.0050090523921422605,0.025992078869148616,0.0597951412200927
