model_returned_smth,valid_cf_disc,dissimilarity_proximity_categorical_hamming,dissimilarity_proximity_categorical_jaccard,dissimilarity_proximity_continuous_manhatan,dissimilarity_proximity_continuous_euclidean,dissimilarity_proximity_continuous_mad,distance_l2_jaccard,distance_mad_hamming,sparsity,flow_log_density_cfs,flow_log_density_xs,flow_prob_condition_acc,lof_scores_xs,lof_scores_cfs,isolation_forest_scores_xs,isolation_forest_scores_cfs,time
1.0,1.0,,0.0,0.586567465033632,0.457277952635946,2.976879661839183,0.457277952635946,,1.0,1.200046181678772,1.4153826236724854,0.502439022064209,1.045943,1.0277725,-0.0005268676476471984,0.011816287762697155,0.0806028842926025
1.0,0.9902439117431641,,0.0,0.6230533352864934,0.4677249278840757,3.5279234850347923,0.4677249278840757,,1.0,1.4488029479980469,1.3285349607467651,0.49753695726394653,1.084471,1.0544237,-0.0010762087434659318,0.02128860339687178,0.0806829929351806
1.0,0.4292683005332947,,0.0,0.9843967467803106,0.7179016753609674,9.015462745319713,0.7179016753609674,,1.0,0.7770635485649109,1.5446642637252808,0.875,1.0458289,1.0615596,0.0044313801402887905,0.015877860408824596,0.0815479755401611
1.0,0.8829268217086792,,0.0,0.7301441074152174,0.553413948056411,3.723537422016839,0.553413948056411,,1.0,1.3983739614486694,1.3488119840621948,0.5138121843338013,1.0599597,0.98428154,0.0027541499283298514,0.027829738017214986,0.0846960544586181
1.0,0.9166666865348816,,0.0,0.6241363408492211,0.46735188484100454,3.478296149860729,0.46735188484100454,,1.0,1.3438283205032349,1.4864513874053955,0.529411792755127,1.0473603,1.0460149,0.0050090523921422605,0.016404961168214577,0.0805778503417968
