model_returned_smth,valid_cf_disc,dissimilarity_proximity_categorical_hamming,dissimilarity_proximity_categorical_jaccard,dissimilarity_proximity_continuous_manhatan,dissimilarity_proximity_continuous_euclidean,dissimilarity_proximity_continuous_mad,distance_l2_jaccard,distance_mad_hamming,sparsity,flow_log_density_cfs,flow_log_density_xs,flow_prob_condition_acc,lof_scores_xs,lof_scores_cfs,isolation_forest_scores_xs,isolation_forest_scores_cfs,time
1.0,1.0,,0.0,0.6235929588895155,0.480163052866479,3.0862634379689284,0.480163052866479,,1.0,-7.2871904373168945,1.4153826236724854,0.0,6426482.5,6131902.5,-0.0012760024629241463,0.02628267889722844,0.07578301429748535
1.0,1.0,,0.0,0.5690038410719575,0.448887102812776,3.134526272808633,0.448887102812776,,1.0,-0.6958135962486267,1.3076913356781006,0.5170731544494629,3958303.8,5760331.5,0.0014397613819752434,0.033110598071978345,0.060935020446777344
1.0,1.0,,0.0,0.6052344803198627,0.46744377994290426,3.2156772084352445,0.46744377994290426,,1.0,-10.742592811584473,1.4187835454940796,0.0,6072427.5,5960537.0,0.004848149675340067,0.02769031267459493,0.060534000396728516
1.0,1.0,,0.0,0.7400710862215109,0.5595395042671346,4.194986796960598,0.5595395042671346,,1.0,-4.430243968963623,1.3041713237762451,0.0,8656476.0,5228174.5,0.002218366614671596,0.024068571686733015,0.06185483932495117
1.0,1.0,,0.0,0.5761121358430269,0.4453397296291162,3.151298494899974,0.4453397296291162,,1.0,-5.734885215759277,1.4616645574569702,0.0,5644420.5,6039943.0,0.007574575722214334,0.027198184316888967,0.05979514122009277
