model_returned_smth,valid_cf_disc,dissimilarity_proximity_categorical_hamming,dissimilarity_proximity_categorical_jaccard,dissimilarity_proximity_continuous_manhatan,dissimilarity_proximity_continuous_euclidean,dissimilarity_proximity_continuous_mad,distance_l2_jaccard,distance_mad_hamming,sparsity,flow_log_density_cfs,flow_log_density_xs,flow_prob_condition_acc,lof_scores_xs,lof_scores_cfs,isolation_forest_scores_xs,isolation_forest_scores_cfs,time
1.0,1.0,,0.0,0.5885695595379419,0.45915840036043115,2.9892304815897126,0.45915840036043115,,1.0,1.2119605541229248,1.4153826236724854,0.5121951103210449,1.045943,1.0263243,-0.0005268676476471984,0.01162174187421791,0.57505202293396
1.0,1.0,,0.0,0.6220251503604941,0.466771202926808,3.546107297699626,0.466771202926808,,1.0,1.4949473142623901,1.3076914548873901,0.497560977935791,1.084471,1.0535569,-0.0010762087434659318,0.021223953508707174,0.3669719696044922
1.0,1.0,,0.0,0.6436757193628426,0.4793615193460013,3.3939182245149846,0.4793615193460013,,1.0,1.1976264715194702,1.4187835454940796,0.502439022064209,1.0458289,1.0607787,0.0044313801402887905,0.01581774448486629,0.4100968837738037
1.0,1.0,,0.0,0.7138723542408382,0.5413461193248882,3.965465903863674,0.5413461193248882,,1.0,1.6475526094436646,1.3041713237762451,0.497560977935791,1.0599597,0.98428154,0.0027541499283298514,0.027829738017214986,0.3636059761047363
1.0,1.0,,0.0,0.5535276940128967,0.43226702339206685,2.924510765893787,0.43226702339206685,,1.0,-1.0688767433166504,1.4616645574569702,0.5,1.0473603,1.055937,0.0050090523921422605,0.02489934593077528,0.3583896160125732
