model_returned_smth,valid_cf_disc,dissimilarity_proximity_categorical_hamming,dissimilarity_proximity_categorical_jaccard,dissimilarity_proximity_continuous_manhatan,dissimilarity_proximity_continuous_euclidean,dissimilarity_proximity_continuous_mad,distance_l2_jaccard,distance_mad_hamming,sparsity,flow_log_density_cfs,flow_log_density_xs,flow_prob_condition_acc,lof_scores_xs,lof_scores_cfs,isolation_forest_scores_xs,isolation_forest_scores_cfs,time
1.0,1.0,,0.0,0.6210781101222581,0.47810735028603585,3.068435614574246,0.47810735028603585,,1.0,-7.2871880531311035,1.4153826236724854,0.0,1.045943,1.0490215,-0.0005268676476471984,0.029689152090228568,0.0786099433898925
1.0,1.0,,0.0,0.5690038410719575,0.448887102812776,3.134526272808633,0.448887102812776,,1.0,-0.6958133578300476,1.3076914548873901,0.5170731544494629,1.084471,1.0651922,-0.0010762087434659318,0.028807749291057432,0.0649950504302978
1.0,1.0,,0.0,0.6073301191532575,0.4694380985092014,3.229258698951907,0.4694380985092014,,1.0,-10.86812686920166,1.4187835454940796,0.0,1.0458289,1.074278,0.0044313801402887905,0.02438895798327193,0.0637810230255127
1.0,1.0,,0.0,0.7364482627040139,0.5566563293594111,4.169463270757256,0.5566563293594111,,1.0,-4.430248737335205,1.3041713237762451,0.0,1.0599597,1.0183883,0.0027541499283298514,0.022130203262010522,0.0646932125091552
1.0,1.0,,0.0,0.5736903202373023,0.44327942699301986,3.1356027973633185,0.44327942699301986,,1.0,-5.750762462615967,1.4616645574569702,0.0,1.0473603,1.0733228,0.0050090523921422605,0.02608477169924797,0.0630440711975097
