model_returned_smth,valid_cf_disc,dissimilarity_proximity_categorical_hamming,dissimilarity_proximity_categorical_jaccard,dissimilarity_proximity_continuous_manhatan,dissimilarity_proximity_continuous_euclidean,dissimilarity_proximity_continuous_mad,distance_l2_jaccard,distance_mad_hamming,sparsity,flow_log_density_cfs,flow_log_density_xs,flow_prob_condition_acc,lof_scores_xs,lof_scores_cfs,isolation_forest_scores_xs,isolation_forest_scores_cfs,time
1.0,1.0,,0.0,0.22848113285386012,0.17713249641245665,2.025349438308973,0.17713249641245665,,0.7132132132132132,1.1062289476394653,1.2017868757247925,0.5135135054588318,1.0679567,1.0696965,0.025300793516807005,0.03949595980864332,1992.3047711849213
1.0,1.0,,0.0,0.22333194467297815,0.1752673295187089,1.8862558226630737,0.1752673295187089,,0.7387387387387387,1.1036224365234375,1.2399526834487915,0.4977477490901947,1.0676569,1.0727237,0.03014741928070085,0.042332819877817104,1965.0286374092104
1.0,1.0,,0.0,0.23868914448807166,0.1874987750284056,2.059946769058205,0.1874987750284056,,0.7567567567567568,1.0028419494628906,1.1745578050613403,0.45045045018196106,1.0723763,1.0712031,0.020505050651133287,0.03202080755517126,1972.6013526916504
1.0,1.0,,0.0,0.22567292779415576,0.1735368434576197,2.012104137221179,0.1735368434576197,,0.7402402402402403,1.0854542255401611,1.3193167448043823,0.542792797088623,1.0595237,1.0737853,0.027864477094232516,0.039750583539266394,1973.5406575202944
1.0,1.0,,0.0,0.23096920582172167,0.18431653292419806,1.841294876607093,0.18431653292419806,,0.734984984984985,1.0857489109039307,1.2359378337860107,0.47072070837020874,1.0682547,1.0690439,0.024361042918202604,0.037331779522353295,1965.3459210395813
