model_returned_smth,valid_cf_disc,dissimilarity_proximity_categorical_hamming,dissimilarity_proximity_categorical_jaccard,dissimilarity_proximity_continuous_manhatan,dissimilarity_proximity_continuous_euclidean,dissimilarity_proximity_continuous_mad,distance_l2_jaccard,distance_mad_hamming,sparsity,flow_log_density_cfs,flow_log_density_xs,flow_prob_condition_acc,lof_scores_xs,lof_scores_cfs,isolation_forest_scores_xs,isolation_forest_scores_cfs,time
1.0,1.0,,0.0,0.22848113285386012,0.17713249641245665,2.025349438308973,0.17713249641245665,,0.7132132132132132,1.1062289476394653,1.2017868757247925,0.5135135054588318,1.0654334,1.0590576,0.02531946093007792,0.04211907252304628,1992.3047711849213
1.0,1.0,,0.0,0.22333194467297815,0.1752673295187089,1.8862558226630737,0.1752673295187089,,0.7387387387387387,1.1036224365234375,1.2399526834487915,0.4977477490901947,1.0647231,1.0581708,0.02605049556257094,0.03735184533728055,1965.0286374092102
1.0,1.0,,0.0,0.23868914448807166,0.1874987750284056,2.059946769058205,0.1874987750284056,,0.7567567567567568,1.0028419494628906,1.1745578050613403,0.45045045018196106,1.06025,1.0590794,0.028719710675343946,0.046637317052295735,1972.6013526916504
1.0,1.0,,0.0,0.22567292779415576,0.1735368434576197,2.012104137221179,0.1735368434576197,,0.7402402402402403,1.0854542255401611,1.3193167448043823,0.542792797088623,1.0623437,1.0608889,0.028456814481557784,0.038852183555263244,1973.5406575202942
1.0,1.0,,0.0,0.23096920582172167,0.18431653292419806,1.841294876607093,0.18431653292419806,,0.734984984984985,1.0857489109039307,1.2359378337860107,0.47072070837020874,1.0663857,1.0563244,0.02904994151478964,0.04499933496141353,1965.3459210395813
