model_returned_smth,valid_cf_disc,dissimilarity_proximity_categorical_hamming,dissimilarity_proximity_categorical_jaccard,dissimilarity_proximity_continuous_manhatan,dissimilarity_proximity_continuous_euclidean,dissimilarity_proximity_continuous_mad,distance_l2_jaccard,distance_mad_hamming,sparsity,flow_log_density_cfs,flow_log_density_xs,flow_prob_condition_acc,lof_scores_xs,lof_scores_cfs,isolation_forest_scores_xs,isolation_forest_scores_cfs,time
1.0,1.0,,0.0,0.20950377405084133,0.1757451213088013,1.8525903222302127,0.1757451213088013,,0.6636636636636637,1.0111889839172363,1.2017868757247925,0.4752252399921417,1.0679567,1.068628,0.025300793516807005,0.036804659986261916,1959.607944011688
1.0,1.0,,0.0,0.21963220369909797,0.17695456698049916,1.8646344573353417,0.17695456698049916,,0.728978978978979,1.053070068359375,1.2399526834487915,0.4842342436313629,1.0676569,1.0791214,0.03014741928070085,0.04126319764738813,1960.699428319931
1.0,1.0,,0.0,0.22911435203953973,0.18784125627596054,1.9900581105391972,0.18784125627596054,,0.737987987987988,0.9134037494659424,1.1745578050613403,0.434684693813324,1.0723763,1.078123,0.020505050651133287,0.029176315946986792,1965.2594459056847
1.0,1.0,,0.0,0.20546763651240785,0.17324415269139515,1.8283442774051297,0.17324415269139515,,0.7117117117117117,0.9629614949226379,1.3193167448043823,0.4932432472705841,1.0595237,1.0780607,0.027864477094232516,0.03605816128362405,1988.5313467979431
1.0,1.0,,0.0,0.21731887463698382,0.18445597286185686,1.7448682210697617,0.18445597286185686,,0.7214714714714715,0.9959233999252319,1.2359378337860107,0.45945945382118225,1.0682547,1.0705061,0.024361042918202604,0.03524853865403401,1963.789021730423
