model_returned_smth,valid_cf_disc,dissimilarity_proximity_categorical_hamming,dissimilarity_proximity_categorical_jaccard,dissimilarity_proximity_continuous_manhatan,dissimilarity_proximity_continuous_euclidean,dissimilarity_proximity_continuous_mad,distance_l2_jaccard,distance_mad_hamming,sparsity,flow_log_density_cfs,flow_log_density_xs,flow_prob_condition_acc,lof_scores_xs,lof_scores_cfs,isolation_forest_scores_xs,isolation_forest_scores_cfs,time
0.9279279279279279,0.2572815418243408,,0.0,0.2335401065647602,0.15895902150772043,2.08945470493076,0.15895902150772043,,0.7735849056603774,1.3401648998260498,1.2530690431594849,0.5660377144813538,1.0679567,1.0616262,0.025300793516807005,0.04266259592694513,3025.87438416481
0.8896396396396397,0.2936708927154541,,0.0,0.22321790687996765,0.15231650328492422,2.048604330112194,0.15231650328492422,,0.75,1.3140690326690674,1.2457568645477295,0.5431034564971924,1.0676569,1.0686486,0.03014741928070085,0.04507952113267176,2893.8755593299866
0.9301801801801802,0.2711864411830902,,0.0,0.23699292158874283,0.16532967339112284,2.174640531152753,0.16532967339112284,,0.7529761904761905,1.3594368696212769,1.189887285232544,0.5714285969734192,1.0723763,1.0660199,0.020505050651133287,0.03804872496825045,3006.089621067047
0.9346846846846847,0.2698795199394226,,0.0,0.24378032885890985,0.16909586816140568,2.0639509985090365,0.16909586816140568,,0.8125,1.1722432374954224,1.3241616487503052,0.5267857313156128,1.0595237,1.0674105,0.027864477094232516,0.042081719835314856,2960.329166650772
0.9436936936936937,0.28400954604148865,,0.0,0.268443029139097,0.18891402438153346,1.947018894953888,0.18891402438153346,,0.8263305322128851,0.9716375470161438,1.0318814516067505,0.43697479367256165,1.0682547,1.0710117,0.024361042918202604,0.038288518936368164,3046.028524398804
