model_returned_smth,valid_cf_disc,dissimilarity_proximity_categorical_hamming,dissimilarity_proximity_categorical_jaccard,dissimilarity_proximity_continuous_manhatan,dissimilarity_proximity_continuous_euclidean,dissimilarity_proximity_continuous_mad,distance_l2_jaccard,distance_mad_hamming,sparsity,flow_log_density_cfs,flow_log_density_xs,flow_prob_condition_acc,lof_scores_xs,lof_scores_cfs,isolation_forest_scores_xs,isolation_forest_scores_cfs,time
0.9279279279279279,0.27912622690200806,,0.0,0.24321833887825842,0.1677457628867354,2.143788773145365,0.1677457628867354,,0.7971014492753623,1.1467612981796265,1.2149454355239868,0.469565212726593,1.0573843,1.059355,0.02450985464687742,0.04360655031023079,3025.87438416481
0.8896396396396397,0.2506329119205475,,0.0,0.2570330831739638,0.17361725777591702,2.056756776240137,0.17361725777591702,,0.8181818181818182,1.305359959602356,1.1994740962982178,0.5353535413742065,1.0598806,1.0581785,0.021312154327287423,0.0464124759630112,2893.8755593299866
0.9301801801801802,0.3050847351551056,,0.0,0.27432348967219394,0.18878644887607457,2.263479664892195,0.18878644887607457,,0.8253968253968254,1.3760616779327393,1.200378179550171,0.5952380895614624,1.0599241,1.0586295,0.023350714671845085,0.053291990559811916,3006.089621067047
0.9346846846846847,0.2650602459907532,,0.0,0.23608122061599385,0.1617743027529643,1.9691041545434431,0.1617743027529643,,0.803030303030303,1.1998142004013062,1.360794186592102,0.5090909004211426,1.0593053,1.0598713,0.03051074578833946,0.04398842204516551,2960.329166650772
0.9436936936936937,0.3078759014606476,,0.0,0.23355365654294805,0.16421669494453275,1.9294088493686083,0.16421669494453275,,0.8087855297157622,1.2532438039779663,1.2843836545944214,0.5503876209259033,1.0685117,1.0596297,0.028115727250585806,0.0457832393649635,3046.0285243988037
