,precision,recall,f1-score,support
0,0.9672131147540983,0.9672131147540983,0.9672131147540983,61.0
1,0.9672131147540983,0.9672131147540983,0.9672131147540983,61.0
accuracy,0.9672131147540983,0.9672131147540983,0.9672131147540983,0.9672131147540983
macro avg,0.9672131147540983,0.9672131147540983,0.9672131147540983,122.0
weighted avg,0.9672131147540983,0.9672131147540983,0.9672131147540983,122.0
