,train_ll,test_ll
0,1.610916018486023,1.693441390991211
