,precision,recall,f1-score,support
0,0.772093023255814,0.7477477477477478,0.7597254004576659,222.0
1,0.7554585152838428,0.7792792792792793,0.7671840354767184,222.0
accuracy,0.7635135135135135,0.7635135135135135,0.7635135135135135,0.7635135135135135
macro avg,0.7637757692698284,0.7635135135135136,0.7634547179671922,444.0
weighted avg,0.7637757692698284,0.7635135135135135,0.7634547179671921,444.0
