,precision,recall,f1-score,support
0,0.7798165137614679,0.7657657657657657,0.7727272727272727,222.0
1,0.7699115044247787,0.7837837837837838,0.7767857142857143,222.0
accuracy,0.7747747747747747,0.7747747747747747,0.7747747747747747,0.7747747747747747
macro avg,0.7748640090931234,0.7747747747747747,0.7747564935064934,444.0
weighted avg,0.7748640090931233,0.7747747747747747,0.7747564935064936,444.0
