,precision,recall,f1-score,support
0,0.7709251101321586,0.7882882882882883,0.779510022271715,222.0
1,0.783410138248848,0.7657657657657657,0.7744874715261959,222.0
accuracy,0.777027027027027,0.777027027027027,0.777027027027027,0.777027027027027
macro avg,0.7771676241905032,0.777027027027027,0.7769987468989554,444.0
weighted avg,0.7771676241905033,0.777027027027027,0.7769987468989554,444.0
