,train_ll,test_ll
0,1.1833723783493042,1.1139618158340454
