,train_ll,test_ll
0,1.2293596267700195,1.2399526834487915
