,precision,recall,f1-score,support
0,0.7688679245283019,0.7342342342342343,0.7511520737327189,222.0
1,0.7456896551724138,0.7792792792792793,0.762114537444934,222.0
accuracy,0.7567567567567568,0.7567567567567568,0.7567567567567568,0.7567567567567568
macro avg,0.7572787898503579,0.7567567567567568,0.7566333055888264,444.0
weighted avg,0.7572787898503579,0.7567567567567568,0.7566333055888265,444.0
