,train_ll,test_ll
0,1.225704550743103,1.239952564239502
