,train_ll,test_ll
0,1.2238825559616089,1.2017868757247925
