,precision,recall,f1-score,support
0,0.7370689655172413,0.7702702702702703,0.7533039647577092,222.0
1,0.7594339622641509,0.7252252252252253,0.7419354838709677,222.0
accuracy,0.7477477477477478,0.7477477477477478,0.7477477477477478,0.7477477477477478
macro avg,0.7482514638906961,0.7477477477477478,0.7476197243143385,444.0
weighted avg,0.7482514638906962,0.7477477477477478,0.7476197243143384,444.0
