,precision,recall,f1-score,support
0,0.8048780487804879,0.7432432432432432,0.7728337236533958,222.0
1,0.7615062761506276,0.8198198198198198,0.789587852494577,222.0
accuracy,0.7815315315315315,0.7815315315315315,0.7815315315315315,0.7815315315315315
macro avg,0.7831921624655578,0.7815315315315314,0.7812107880739864,444.0
weighted avg,0.7831921624655577,0.7815315315315315,0.7812107880739864,444.0
