,train_ll,test_ll
0,1.209775686264038,1.2359378337860107
