,precision,recall,f1-score,support
0,0.7731481481481481,0.7522522522522522,0.7625570776255708,222.0
1,0.7587719298245614,0.7792792792792793,0.7688888888888888,222.0
accuracy,0.7657657657657657,0.7657657657657657,0.7657657657657657,0.7657657657657657
macro avg,0.7659600389863548,0.7657657657657657,0.7657229832572299,444.0
weighted avg,0.7659600389863548,0.7657657657657657,0.7657229832572298,444.0
