,precision,recall,f1-score,support
0,0.7818181818181819,0.7747747747747747,0.7782805429864253,222.0
1,0.7767857142857143,0.7837837837837838,0.7802690582959642,222.0
accuracy,0.7792792792792793,0.7792792792792793,0.7792792792792793,0.7792792792792793
macro avg,0.7793019480519481,0.7792792792792793,0.7792748006411947,444.0
weighted avg,0.7793019480519482,0.7792792792792793,0.7792748006411947,444.0
