,train_ll,test_ll
0,1.2385683059692383,1.2399526834487915
