,train_ll,test_ll
0,1.2037698030471802,1.1471091508865356
