,train_ll,test_ll
0,1.2176403999328613,1.201786756515503
