,train_ll,test_ll
0,-2.796408176422119,-2.7969722747802734
