,train_ll,test_ll
0,1.4155877828598022,1.4214783906936646
