,train_ll,test_ll
0,-2.7948906421661377,-2.796325922012329
