,train_ll,test_ll
0,1.2024832963943481,1.3193167448043823
