,train_ll,test_ll
0,1.6066519021987915,1.6220415830612183
