,precision,recall,f1-score,support
0,0.7592592592592593,0.7387387387387387,0.7488584474885844,222.0
1,0.7456140350877193,0.7657657657657657,0.7555555555555555,222.0
accuracy,0.7522522522522522,0.7522522522522522,0.7522522522522522,0.7522522522522522
macro avg,0.7524366471734893,0.7522522522522522,0.75220700152207,444.0
weighted avg,0.7524366471734892,0.7522522522522522,0.7522070015220699,444.0
