,precision,recall,f1-score,support
0,0.7892376681614349,0.7927927927927928,0.7910112359550562,222.0
1,0.7918552036199095,0.7882882882882883,0.7900677200902935,222.0
accuracy,0.7905405405405406,0.7905405405405406,0.7905405405405406,0.7905405405405406
macro avg,0.7905464358906722,0.7905405405405406,0.7905394780226749,444.0
weighted avg,0.7905464358906722,0.7905405405405406,0.7905394780226749,444.0
