,train_ll,test_ll
0,1.2046409845352173,1.169456958770752
