,precision,recall,f1-score,support
0,0.7746478873239436,0.7432432432432432,0.7586206896551724,222.0
1,0.7532467532467533,0.7837837837837838,0.7682119205298014,222.0
accuracy,0.7635135135135135,0.7635135135135135,0.7635135135135135,0.7635135135135135
macro avg,0.7639473202853484,0.7635135135135135,0.7634163050924869,444.0
weighted avg,0.7639473202853485,0.7635135135135135,0.7634163050924869,444.0
