,precision,recall,f1-score,support
0,0.7695852534562212,0.7522522522522522,0.7608200455580866,222.0
1,0.7577092511013216,0.7747747747747747,0.7661469933184856,222.0
accuracy,0.7635135135135135,0.7635135135135135,0.7635135135135135,0.7635135135135135
macro avg,0.7636472522787714,0.7635135135135135,0.7634835194382861,444.0
weighted avg,0.7636472522787713,0.7635135135135135,0.7634835194382861,444.0
