,precision,recall,f1-score,support
0,0.7614678899082569,0.7477477477477478,0.7545454545454545,222.0
1,0.7522123893805309,0.7657657657657657,0.7589285714285714,222.0
accuracy,0.7567567567567568,0.7567567567567568,0.7567567567567568,0.7567567567567568
macro avg,0.7568401396443939,0.7567567567567568,0.756737012987013,444.0
weighted avg,0.756840139644394,0.7567567567567568,0.756737012987013,444.0
