,train_ll,test_ll
0,1.2348766326904297,1.3011517524719238
