,precision,recall,f1-score,support
0,0.7870370370370371,0.7657657657657657,0.776255707762557,222.0
1,0.7719298245614035,0.7927927927927928,0.7822222222222223,222.0
accuracy,0.7792792792792793,0.7792792792792793,0.7792792792792793,0.7792792792792793
macro avg,0.7794834307992202,0.7792792792792793,0.7792389649923896,444.0
weighted avg,0.7794834307992202,0.7792792792792793,0.7792389649923895,444.0
