,train_ll,test_ll
0,-2.789073944091797,-2.786137819290161
