,train_ll,test_ll
0,1.4593199491500854,1.4827234745025635
