,train_ll,test_ll
0,1.5178934335708618,1.5490788221359253
