,train_ll,test_ll
0,1.2319401502609253,1.239952564239502
