,train_ll,test_ll
0,1.228613257408142,1.2017868757247925
