,precision,recall,f1-score,support
0,0.717391304347826,0.8918918918918919,0.7951807228915663,222.0
1,0.8571428571428571,0.6486486486486487,0.7384615384615385,222.0
accuracy,0.7702702702702703,0.7702702702702703,0.7702702702702703,0.7702702702702703
macro avg,0.7872670807453416,0.7702702702702703,0.7668211306765524,444.0
weighted avg,0.7872670807453416,0.7702702702702703,0.7668211306765523,444.0
