,train_ll,test_ll
0,1.2923481464385986,1.3876124620437622
