,train_ll,test_ll
0,1.177819013595581,1.1745578050613403
