,precision,recall,f1-score,support
0,0.7357723577235772,0.8153153153153153,0.7735042735042735,222.0
1,0.7929292929292929,0.7072072072072072,0.7476190476190476,222.0
accuracy,0.7612612612612613,0.7612612612612613,0.7612612612612613,0.7612612612612613
macro avg,0.7643508253264351,0.7612612612612613,0.7605616605616605,444.0
weighted avg,0.7643508253264351,0.7612612612612613,0.7605616605616605,444.0
