,train_ll,test_ll
0,1.5168782472610474,1.5283159017562866
