,precision,recall,f1-score,support
0,0.7663934426229508,0.8423423423423423,0.8025751072961373,222.0
1,0.825,0.7432432432432432,0.7819905213270142,222.0
accuracy,0.7927927927927928,0.7927927927927928,0.7927927927927928,0.7927927927927928
macro avg,0.7956967213114754,0.7927927927927927,0.7922828143115758,444.0
weighted avg,0.7956967213114754,0.7927927927927928,0.7922828143115758,444.0
