,precision,recall,f1-score,support
0,0.7916666666666666,0.7702702702702703,0.7808219178082192,222.0
1,0.7763157894736842,0.7972972972972973,0.7866666666666666,222.0
accuracy,0.7837837837837838,0.7837837837837838,0.7837837837837838,0.7837837837837838
macro avg,0.7839912280701754,0.7837837837837838,0.7837442922374429,444.0
weighted avg,0.7839912280701755,0.7837837837837838,0.7837442922374429,444.0
