,train_ll,test_ll
0,1.5936344861984253,1.606528878211975
