,precision,recall,f1-score,support
0,0.7889908256880734,0.7747747747747747,0.7818181818181819,222.0
1,0.7787610619469026,0.7927927927927928,0.7857142857142857,222.0
accuracy,0.7837837837837838,0.7837837837837838,0.7837837837837838,0.7837837837837838
macro avg,0.783875943817488,0.7837837837837838,0.7837662337662338,444.0
weighted avg,0.7838759438174879,0.7837837837837838,0.7837662337662337,444.0
