,train_ll,test_ll
0,1.651547908782959,1.7485852241516113
