,precision,recall,f1-score,support
0,0.7542372881355932,0.8018018018018018,0.777292576419214,222.0
1,0.7884615384615384,0.7387387387387387,0.7627906976744186,222.0
accuracy,0.7702702702702703,0.7702702702702703,0.7702702702702703,0.7702702702702703
macro avg,0.7713494132985659,0.7702702702702703,0.7700416370468164,444.0
weighted avg,0.7713494132985659,0.7702702702702703,0.7700416370468163,444.0
