,precision,recall,f1-score,support
0,0.7767441860465116,0.7522522522522522,0.7643020594965675,222.0
1,0.759825327510917,0.7837837837837838,0.7716186252771619,222.0
accuracy,0.7680180180180181,0.7680180180180181,0.7680180180180181,0.7680180180180181
macro avg,0.7682847567787143,0.7680180180180181,0.7679603423868646,444.0
weighted avg,0.7682847567787144,0.7680180180180181,0.7679603423868646,444.0
