,train_ll,test_ll
0,1.215720534324646,1.2359378337860107
