,train_ll,test_ll
0,1.6589196920394897,1.658032774925232
