,train_ll,test_ll
0,1.4622281789779663,1.5640066862106323
