,train_ll,test_ll
0,1.4997917413711548,1.4417171478271484
