,precision,recall,f1-score,support
0,0.7540322580645161,0.8423423423423423,0.7957446808510639,222.0
1,0.8214285714285714,0.7252252252252253,0.7703349282296651,222.0
accuracy,0.7837837837837838,0.7837837837837838,0.7837837837837838,0.7837837837837838
macro avg,0.7877304147465438,0.7837837837837838,0.7830398045403645,444.0
weighted avg,0.7877304147465438,0.7837837837837838,0.7830398045403645,444.0
