,train_ll,test_ll
0,1.2235755920410156,1.2359378337860107
