,train_ll,test_ll
0,1.1762363910675049,1.1745578050613403
