,precision,recall,f1-score,support
0,0.772020725388601,0.6711711711711712,0.7180722891566265,222.0
1,0.7091633466135459,0.8018018018018018,0.7526427061310782,222.0
accuracy,0.7364864864864865,0.7364864864864865,0.7364864864864865,0.7364864864864865
macro avg,0.7405920360010734,0.7364864864864865,0.7353574976438524,444.0
weighted avg,0.7405920360010735,0.7364864864864865,0.7353574976438524,444.0
