,train_ll,test_ll
0,1.2153865098953247,1.2359378337860107
