,precision,recall,f1-score,support
0,0.8028846153846154,0.7522522522522522,0.7767441860465116,222.0
1,0.7669491525423728,0.8153153153153153,0.7903930131004366,222.0
accuracy,0.7837837837837838,0.7837837837837838,0.7837837837837838,0.7837837837837838
macro avg,0.7849168839634941,0.7837837837837838,0.7835685995734741,444.0
weighted avg,0.7849168839634941,0.7837837837837838,0.7835685995734741,444.0
