,train_ll,test_ll
0,-2.7902309894561768,-2.791970729827881
