,precision,recall,f1-score,support
0,0.8100558659217877,0.6531531531531531,0.7231920199501247,222.0
1,0.7094339622641509,0.8468468468468469,0.7720739219712526,222.0
accuracy,0.75,0.75,0.75,0.75
macro avg,0.7597449140929693,0.75,0.7476329709606886,444.0
weighted avg,0.7597449140929693,0.75,0.7476329709606887,444.0
