,train_ll,test_ll
0,-2.7887160778045654,-2.789802312850952
