,precision,recall,f1-score,support
0,0.759090909090909,0.7522522522522522,0.755656108597285,222.0
1,0.7544642857142857,0.7612612612612613,0.757847533632287,222.0
accuracy,0.7567567567567568,0.7567567567567568,0.7567567567567568,0.7567567567567568
macro avg,0.7567775974025974,0.7567567567567568,0.756751821114786,444.0
weighted avg,0.7567775974025974,0.7567567567567568,0.756751821114786,444.0
