,train_ll,test_ll
0,1.2039915323257446,1.3193167448043823
