,precision,recall,f1-score,support
0,0.7488584474885844,0.7387387387387387,0.7437641723356009,222.0
1,0.7422222222222222,0.7522522522522522,0.7472035794183445,222.0
accuracy,0.7454954954954955,0.7454954954954955,0.7454954954954955,0.7454954954954955
macro avg,0.7455403348554033,0.7454954954954955,0.7454838758769726,444.0
weighted avg,0.7455403348554034,0.7454954954954955,0.7454838758769726,444.0
