,train_ll,test_ll
0,1.6596633195877075,1.6727365255355835
