,train_ll,test_ll
0,1.5450643301010132,1.6392850875854492
