,precision,recall,f1-score,support
0,0.749003984063745,0.8468468468468469,0.7949260042283298,222.0
1,0.8238341968911918,0.7162162162162162,0.7662650602409639,222.0
accuracy,0.7815315315315315,0.7815315315315315,0.7815315315315315,0.7815315315315315
macro avg,0.7864190904774684,0.7815315315315315,0.7805955322346468,444.0
weighted avg,0.7864190904774684,0.7815315315315315,0.7805955322346468,444.0
