,train_ll,test_ll
0,-2.7963526248931885,-2.7938649654388428
