,precision,recall,f1-score,support
0,0.7338709677419355,0.8198198198198198,0.774468085106383,222.0
1,0.7959183673469388,0.7027027027027027,0.7464114832535885,222.0
accuracy,0.7612612612612613,0.7612612612612613,0.7612612612612613,0.7612612612612613
macro avg,0.7648946675444371,0.7612612612612613,0.7604397841799857,444.0
weighted avg,0.7648946675444372,0.7612612612612613,0.7604397841799858,444.0
