,train_ll,test_ll
0,1.2037720680236816,1.3193167448043823
