,precision,recall,f1-score,support
0,0.759493670886076,0.8108108108108109,0.7843137254901961,222.0
1,0.7971014492753623,0.7432432432432432,0.7692307692307693,222.0
accuracy,0.777027027027027,0.777027027027027,0.777027027027027,0.777027027027027
macro avg,0.7782975600807192,0.777027027027027,0.7767722473604827,444.0
weighted avg,0.778297560080719,0.777027027027027,0.7767722473604827,444.0
