,precision,recall,f1-score,support
0,0.7651821862348178,0.8513513513513513,0.8059701492537313,222.0
1,0.8324873096446701,0.7387387387387387,0.7828162291169452,222.0
accuracy,0.795045045045045,0.795045045045045,0.795045045045045,0.795045045045045
macro avg,0.798834747939744,0.795045045045045,0.7943931891853382,444.0
weighted avg,0.798834747939744,0.795045045045045,0.7943931891853383,444.0
