,train_ll,test_ll
0,1.2032015323638916,1.3193167448043823
