,precision,recall,f1-score,support
0,0.7471264367816092,0.8783783783783784,0.8074534161490683,222.0
1,0.8524590163934426,0.7027027027027027,0.7703703703703704,222.0
accuracy,0.7905405405405406,0.7905405405405406,0.7905405405405406,0.7905405405405406
macro avg,0.7997927265875259,0.7905405405405406,0.7889118932597193,444.0
weighted avg,0.799792726587526,0.7905405405405406,0.7889118932597193,444.0
