,precision,recall,f1-score,support
0,0.7644628099173554,0.8333333333333334,0.7974137931034483,222.0
1,0.8168316831683168,0.7432432432432432,0.7783018867924528,222.0
accuracy,0.7882882882882883,0.7882882882882883,0.7882882882882883,0.7882882882882883
macro avg,0.790647246542836,0.7882882882882882,0.7878578399479506,444.0
weighted avg,0.7906472465428359,0.7882882882882883,0.7878578399479507,444.0
