,precision,recall,f1-score,support
0,0.7557603686635944,0.7387387387387387,0.7471526195899773,222.0
1,0.7444933920704846,0.7612612612612613,0.7527839643652561,222.0
accuracy,0.75,0.75,0.75,0.75
macro avg,0.7501268803670396,0.75,0.7499682919776167,444.0
weighted avg,0.7501268803670395,0.75,0.7499682919776167,444.0
