,precision,recall,f1-score,support
0,0.7952380952380952,0.7522522522522522,0.7731481481481481,222.0
1,0.7649572649572649,0.8063063063063063,0.7850877192982456,222.0
accuracy,0.7792792792792793,0.7792792792792793,0.7792792792792793,0.7792792792792793
macro avg,0.78009768009768,0.7792792792792793,0.7791179337231968,444.0
weighted avg,0.7800976800976801,0.7792792792792793,0.7791179337231969,444.0
