,train_ll,test_ll
0,1.3608378171920776,1.2754079103469849
