,train_ll,test_ll
0,-2.7957308292388916,-2.7951862812042236
