,precision,recall,f1-score,support
0,0.7440944881889764,0.8513513513513513,0.7941176470588235,222.0
1,0.8263157894736842,0.7072072072072072,0.7621359223300971,222.0
accuracy,0.7792792792792793,0.7792792792792793,0.7792792792792793,0.7792792792792793
macro avg,0.7852051388313304,0.7792792792792793,0.7781267846944603,444.0
weighted avg,0.7852051388313303,0.7792792792792793,0.7781267846944603,444.0
