,train_ll,test_ll
0,1.198276400566101,1.1745578050613403
