,train_ll,test_ll
0,1.5108705759048462,1.538175344467163
