,train_ll,test_ll
0,1.1797192096710205,1.1745578050613403
