,precision,recall,f1-score,support
0,0.7853658536585366,0.7252252252252253,0.7540983606557377,222.0
1,0.7447698744769874,0.8018018018018018,0.7722342733188721,222.0
accuracy,0.7635135135135135,0.7635135135135135,0.7635135135135135,0.7635135135135135
macro avg,0.765067864067762,0.7635135135135136,0.7631663169873049,444.0
weighted avg,0.7650678640677621,0.7635135135135135,0.763166316987305,444.0
