,precision,recall,f1-score,support
0,0.755656108597285,0.7522522522522522,0.7539503386004515,222.0
1,0.7533632286995515,0.7567567567567568,0.755056179775281,222.0
accuracy,0.7545045045045045,0.7545045045045045,0.7545045045045045,0.7545045045045045
macro avg,0.7545096686484183,0.7545045045045045,0.7545032591878662,444.0
weighted avg,0.7545096686484183,0.7545045045045045,0.7545032591878662,444.0
