,precision,recall,f1-score,support
0,0.7391304347826086,0.7657657657657657,0.7522123893805309,222.0
1,0.7570093457943925,0.7297297297297297,0.7431192660550459,222.0
accuracy,0.7477477477477478,0.7477477477477478,0.7477477477477478,0.7477477477477478
macro avg,0.7480698902885006,0.7477477477477477,0.7476658277177883,444.0
weighted avg,0.7480698902885005,0.7477477477477478,0.7476658277177884,444.0
