,train_ll,test_ll
0,1.1868078708648682,1.212576985359192
