,train_ll,test_ll
0,1.2203915119171143,1.2017868757247925
