,train_ll,test_ll
0,1.2088351249694824,1.3193167448043823
