,train_ll,test_ll
0,1.1887657642364502,1.1745578050613403
