,precision,recall,f1-score,support
0,0.7510548523206751,0.8018018018018018,0.775599128540305,222.0
1,0.7874396135265701,0.7342342342342343,0.7599067599067599,222.0
accuracy,0.7680180180180181,0.7680180180180181,0.7680180180180181,0.7680180180180181
macro avg,0.7692472329236226,0.7680180180180181,0.7677529442235325,444.0
weighted avg,0.7692472329236225,0.7680180180180181,0.7677529442235325,444.0
