,train_ll,test_ll
0,1.2223925590515137,1.201786756515503
