,train_ll,test_ll
0,-2.7894041538238525,-2.7892255783081055
