,train_ll,test_ll
0,1.2065547704696655,1.165219783782959
