,precision,recall,f1-score,support
0,0.7116104868913857,0.8558558558558559,0.7770961145194274,222.0
1,0.8192090395480226,0.6531531531531531,0.7268170426065163,222.0
accuracy,0.7545045045045045,0.7545045045045045,0.7545045045045045,0.7545045045045045
macro avg,0.7654097632197041,0.7545045045045045,0.7519565785629718,444.0
weighted avg,0.7654097632197042,0.7545045045045045,0.7519565785629717,444.0
