,train_ll,test_ll
0,-2.791820526123047,-2.7926316261291504
