,train_ll,test_ll
0,1.6856650114059448,1.6090691089630127
