,precision,recall,f1-score,support
0,0.7541666666666667,0.8153153153153153,0.7835497835497836,222.0
1,0.7990196078431373,0.7342342342342343,0.7652582159624414,222.0
accuracy,0.7747747747747747,0.7747747747747747,0.7747747747747747,0.7747747747747747
macro avg,0.776593137254902,0.7747747747747749,0.7744039997561125,444.0
weighted avg,0.776593137254902,0.7747747747747747,0.7744039997561125,444.0
