,train_ll,test_ll
0,1.6739295721054077,1.6725965738296509
