,train_ll,test_ll
0,1.6261091232299805,1.5267888307571411
