,train_ll,test_ll
0,1.2077287435531616,1.2359378337860107
