,train_ll,test_ll
0,1.621862769126892,1.5915167331695557
