,train_ll,test_ll
0,-2.7955446243286133,-2.795398235321045
