,precision,recall,f1-score,support
0,0.7710280373831776,0.7432432432432432,0.7568807339449541,222.0
1,0.7521739130434782,0.7792792792792793,0.7654867256637168,222.0
accuracy,0.7612612612612613,0.7612612612612613,0.7612612612612613,0.7612612612612613
macro avg,0.7616009752133279,0.7612612612612613,0.7611837298043355,444.0
weighted avg,0.7616009752133279,0.7612612612612613,0.7611837298043355,444.0
