,train_ll,test_ll
0,1.2323633432388306,1.2399526834487915
