,train_ll,test_ll
0,1.0077407360076904,1.07097589969635
