model_returned_smth,valid_cf_disc,dissimilarity_proximity_categorical_hamming,dissimilarity_proximity_categorical_jaccard,dissimilarity_proximity_continuous_manhatan,dissimilarity_proximity_continuous_euclidean,dissimilarity_proximity_continuous_mad,distance_l2_jaccard,distance_mad_hamming,sparsity,flow_log_density_cfs,flow_log_density_xs,flow_prob_condition_acc,lof_scores_xs,lof_scores_cfs,isolation_forest_scores_xs,isolation_forest_scores_cfs,time
1.0,0.7364864945411682,,0.0,0.42838827826777637,0.2613692885798199,3.5220847208200974,0.2613692885798199,,1.0,2.0876998901367188,1.1072522401809692,1.0,1.075523,1.0663306,0.014226609940139875,0.061228917599075505,37.24333357810974
1.0,0.7342342138290405,,0.0,0.3955336340068857,0.2474146954561292,3.7010946003205936,0.2474146954561292,,1.0,2.105912208557129,1.1459444761276245,1.0,1.0761111,1.0659238,0.027790506684906367,0.06844341538736144,29.578375577926636
1.0,0.7319819927215576,,0.0,0.45036582675404274,0.2735169490086223,3.4738864862918852,0.2735169490086223,,1.0,2.0905497074127197,1.0378608703613281,1.0,1.0724052,1.0663319,0.02076854287985759,0.07669229630702167,34.08453559875488
1.0,0.6689189076423645,,0.0,0.37747877543974,0.23904463182151556,3.5214499592379687,0.23904463182151556,,1.0,2.101090431213379,1.214241623878479,1.0,1.0872902,1.0696251,0.026976024817139902,0.06831064995127073,28.547487258911133
1.0,0.587837815284729,,0.0,0.40515541054765153,0.25328019052248874,3.6942383708625006,0.25328019052248874,,1.0,2.1158924102783203,1.1734546422958374,1.0,1.0781134,1.0674682,0.02694819293613845,0.07148738685372083,33.34076523780823
