model_returned_smth,valid_cf_disc,dissimilarity_proximity_categorical_hamming,dissimilarity_proximity_categorical_jaccard,dissimilarity_proximity_continuous_manhatan,dissimilarity_proximity_continuous_euclidean,dissimilarity_proximity_continuous_mad,distance_l2_jaccard,distance_mad_hamming,sparsity,flow_log_density_cfs,flow_log_density_xs,flow_prob_condition_acc,lof_scores_xs,lof_scores_cfs,isolation_forest_scores_xs,isolation_forest_scores_cfs,time
1.0,1.0,,0.0,0.3772003227354002,0.23326408802914983,3.2040184722156138,0.23326408802914983,,1.0,2.0294876098632812,1.2017868757247925,1.0,1.0679567,1.0272696,0.025300793516807005,0.07254655796151999,61.88788843154907
1.0,1.0,,0.0,0.3764981380370152,0.23173547097647548,2.9703640812454193,0.23173547097647548,,0.9992492492492493,2.065051794052124,1.2399526834487915,1.0,1.0676569,1.0271895,0.03014741928070085,0.07464711224878127,59.82425236701965
1.0,1.0,,0.0,0.3949955286613355,0.24355679124285934,3.2058322750837416,0.24355679124285934,,1.0,2.0454611778259277,1.1745578050613403,1.0,1.0723763,1.0280381,0.020505050651133287,0.06732983835386282,64.34651184082031
1.0,1.0,,0.0,0.3638277632343742,0.22305876985648992,3.092394028530196,0.22305876985648992,,1.0,2.0364739894866943,1.3193167448043823,1.0,1.0595237,1.0255982,0.027864477094232516,0.0710541315351126,64.47116184234619
1.0,1.0,,0.0,0.36665563839529686,0.22699943576400178,2.7938962182080425,0.22699943576400178,,1.0,2.030038595199585,1.2359378337860107,0.9977477192878723,1.0682547,1.0337069,0.024361042918202604,0.07021244462141055,57.84454345703125
