model_returned_smth,valid_cf_disc,dissimilarity_proximity_categorical_hamming,dissimilarity_proximity_categorical_jaccard,dissimilarity_proximity_continuous_manhatan,dissimilarity_proximity_continuous_euclidean,dissimilarity_proximity_continuous_mad,distance_l2_jaccard,distance_mad_hamming,sparsity,flow_log_density_cfs,flow_log_density_xs,flow_prob_condition_acc,lof_scores_xs,lof_scores_cfs,isolation_forest_scores_xs,isolation_forest_scores_cfs,time
1.0,1.0,,0.0,0.3031652437770521,0.19419755260038932,2.6061761064773745,0.19419755260038932,,1.0,1.8307057619094849,1.201786756515503,0.9797297120094299,1.0679464,1.0360246,0.025300793516807005,0.06803986218022394,0.9045178890228271
1.0,1.0,,0.0,0.299703304286677,0.19077339945628927,2.392723823687783,0.19077339945628927,,1.0,1.8801798820495605,1.239952564239502,0.9819819927215576,1.067604,1.0361083,0.03014741928070085,0.0714763345878362,0.846301794052124
1.0,1.0,,0.0,0.32072899567156293,0.20318948500350323,2.631091090305163,0.20318948500350323,,1.0,1.8266230821609497,1.1745578050613403,0.9707207083702087,1.0723758,1.0344677,0.020505050651133287,0.06263896847192751,0.8399369716644287
1.0,1.0,,0.0,0.30099329002503605,0.19043584224653182,2.5888328349200993,0.19043584224653182,,1.0,1.8773419857025146,1.3193167448043823,0.9887387156486511,1.0595094,1.0285964,0.027864477094232513,0.06912149219927084,0.8460209369659424
1.0,1.0,,0.0,0.3101069026140009,0.1983046189289464,2.3825656232835204,0.1983046189289464,,1.0,1.857667088508606,1.2359378337860107,0.9819819927215576,1.0682462,1.0379434,0.024361042918202604,0.06555795970560901,0.8419981002807617
