model_returned_smth,valid_cf_disc,dissimilarity_proximity_categorical_hamming,dissimilarity_proximity_categorical_jaccard,dissimilarity_proximity_continuous_manhatan,dissimilarity_proximity_continuous_euclidean,dissimilarity_proximity_continuous_mad,distance_l2_jaccard,distance_mad_hamming,sparsity,flow_log_density_cfs,flow_log_density_xs,flow_prob_condition_acc,lof_scores_xs,lof_scores_cfs,isolation_forest_scores_xs,isolation_forest_scores_cfs,time
1.0,1.0,,0.0,0.5624614397991244,0.35361249037459114,5.992848835413969,0.35361249037459114,,1.0,2.0656681060791016,1.23615562915802,0.746835470199585,1.0758181,1.0589006,0.0234494347941833,0.03889631939734201,58.214993715286255
1.0,1.0,,0.0,0.45884455861316786,0.29532731651836003,5.079487233956655,0.29532731651836003,,1.0,1.9524834156036377,1.4542336463928223,0.7688888907432556,1.0732565,1.0588155,0.027536967147633814,0.05249976800967794,300.4005620479584
1.0,1.0,,0.0,0.5020967323444784,0.3166560465144248,4.798752632856369,0.3166560465144248,,1.0,1.9062336683273315,1.3083250522613525,0.6919999718666077,1.0806121,1.0545107,0.016730139698590676,0.043200888810418364,144.80852389335632
1.0,0.9953703880310059,,0.0,0.47731213122606275,0.2942807695050702,5.209229489537172,0.2942807695050702,,1.0,1.9272162914276123,1.3388487100601196,0.7720929980278015,1.0700614,1.0463879,0.02593804562477735,0.04814695359427222,129.8486144542694
1.0,1.0,,0.0,0.5405546285848065,0.33606760950519593,5.71312716763194,0.33606760950519593,,1.0,2.1503467559814453,1.5188531875610352,0.7317073345184326,1.0682006,1.0491298,0.024742631742561905,0.04433720982015172,58.19128370285034
