model_returned_smth,valid_cf_disc,dissimilarity_proximity_categorical_hamming,dissimilarity_proximity_categorical_jaccard,dissimilarity_proximity_continuous_manhatan,dissimilarity_proximity_continuous_euclidean,dissimilarity_proximity_continuous_mad,distance_l2_jaccard,distance_mad_hamming,sparsity,flow_log_density_cfs,flow_log_density_xs,flow_prob_condition_acc,lof_scores_xs,lof_scores_cfs,isolation_forest_scores_xs,isolation_forest_scores_cfs,time
1.0,1.0,,0.0,0.40782181585316657,0.24531564008490817,3.422662648330401,0.24531564008490817,,1.0,2.0734004974365234,1.201786756515503,1.0,1.0679464,1.0262821,0.025300793516807005,0.07538932742035193,0.845034122467041
1.0,1.0,,0.0,0.40188456842726145,0.24044857916431522,3.1328643853734204,0.24044857916431522,,1.0,2.102339506149292,1.239952564239502,1.0,1.067604,1.0271676,0.03014741928070085,0.076638205082635,0.8481690883636475
1.0,1.0,,0.0,0.424457673312727,0.2547452471658486,3.401365433525932,0.2547452471658486,,1.0,2.053802967071533,1.1745578050613403,1.0,1.0723758,1.0270377,0.020505050651133287,0.06759369239065718,0.8498058319091797
1.0,1.0,,0.0,0.39915724675095565,0.2392023586103365,3.3586407628682284,0.2392023586103365,,1.0,2.080137014389038,1.3193167448043823,1.0,1.0595094,1.0245575,0.027864477094232513,0.07211576880035109,0.8560481071472168
1.0,1.0,,0.0,0.4170987770875899,0.25131117065798164,3.1514308872792096,0.25131117065798164,,1.0,2.0880582332611084,1.2359378337860107,1.0,1.0682462,1.0328114,0.024361042918202604,0.07187770405821099,0.9201736450195312
