model_returned_smth,valid_cf_disc,dissimilarity_proximity_categorical_hamming,dissimilarity_proximity_categorical_jaccard,dissimilarity_proximity_continuous_manhatan,dissimilarity_proximity_continuous_euclidean,dissimilarity_proximity_continuous_mad,distance_l2_jaccard,distance_mad_hamming,sparsity,flow_log_density_cfs,flow_log_density_xs,flow_prob_condition_acc,lof_scores_xs,lof_scores_cfs,isolation_forest_scores_xs,isolation_forest_scores_cfs,time
1.0,1.0,,0.0,0.3096441208607274,0.19615831050610577,2.65556388892032,0.19615831050610577,,1.0,1.8555001020431519,1.201786756515503,0.9864864945411682,1.0679464,1.035594,0.025300793516807005,0.0689963320979216,0.8413758277893066
1.0,1.0,,0.0,0.3066375566948507,0.19292982580708812,2.4388814756462165,0.19292982580708812,,1.0,1.908402442932129,1.239952564239502,0.9887387156486511,1.067604,1.0326203,0.03014741928070085,0.07280397612075054,0.8457229137420654
1.0,1.0,,0.0,0.328111399428684,0.20557302518502144,2.6819202349194,0.20557302518502144,,1.0,1.8590443134307861,1.1745578050613403,0.9909909963607788,1.0723758,1.0334505,0.020505050651133287,0.06391460939316979,0.8446352481842041
1.0,1.0,,0.0,0.30711590692501617,0.19230654594021693,2.6340348787337273,0.19230654594021693,,1.0,1.9018458127975464,1.3193167448043823,0.9864864945411682,1.0595094,1.0284868,0.027864477094232513,0.07000710071405768,0.8455569744110107
1.0,1.0,,0.0,0.3166793542242869,0.20055476259189353,2.427502998427765,0.20055476259189353,,1.0,1.8878029584884644,1.2359378337860107,0.9842342138290405,1.0682462,1.0398887,0.024361042918202604,0.06667705331731912,0.8471329212188721
