model_returned_smth,valid_cf_disc,dissimilarity_proximity_categorical_hamming,dissimilarity_proximity_categorical_jaccard,dissimilarity_proximity_continuous_manhatan,dissimilarity_proximity_continuous_euclidean,dissimilarity_proximity_continuous_mad,distance_l2_jaccard,distance_mad_hamming,sparsity,flow_log_density_cfs,flow_log_density_xs,flow_prob_condition_acc,lof_scores_xs,lof_scores_cfs,isolation_forest_scores_xs,isolation_forest_scores_cfs,time
1.0,1.0,,0.0,0.4777877372382033,0.29083492951899365,5.243586600951429,0.29083492951899365,,1.0,2.009705066680908,0.9631768465042114,0.8113207817077637,1.0715153,1.0637374,0.02371692916306962,0.050122154420122494,243.71246123313904
1.0,1.0,,0.0,0.4681932385686947,0.28606211016921734,4.780654436609019,0.28606211016921734,,1.0,1.8265756368637085,1.2488893270492554,0.708695650100708,1.0721217,1.0597847,0.028087203037838116,0.05082743227424389,198.57172012329102
1.0,0.9959514141082764,,0.0,0.4887120855055992,0.29787043407662217,4.409916424654363,0.29787043407662217,,1.0,1.7421482801437378,1.130222201347351,0.7845528721809387,1.0822647,1.0498408,0.017063021954520353,0.046160420561521295,264.0899474620819
1.0,1.0,,0.0,0.48530300106254537,0.29705251124652543,5.070550878665277,0.29705251124652543,,1.0,1.738067626953125,1.3596473932266235,0.7321428656578064,1.0681127,1.0522677,0.027271340010546184,0.045397198069613336,260.9557900428772
1.0,1.0,,0.0,0.482718376620588,0.2992305190409044,4.985902667045593,0.2992305190409044,,1.0,1.7789545059204102,0.7495235800743103,0.8636363744735718,1.0648909,1.0543118,0.026640550904096432,0.04458631415891813,212.33619499206543
