model_returned_smth,valid_cf_disc,dissimilarity_proximity_categorical_hamming,dissimilarity_proximity_categorical_jaccard,dissimilarity_proximity_continuous_manhatan,dissimilarity_proximity_continuous_euclidean,dissimilarity_proximity_continuous_mad,distance_l2_jaccard,distance_mad_hamming,sparsity,flow_log_density_cfs,flow_log_density_xs,flow_prob_condition_acc,lof_scores_xs,lof_scores_cfs,isolation_forest_scores_xs,isolation_forest_scores_cfs,time
1.0,1.0,,0.0,0.965206034168987,0.5968497352768591,8.134220889022759,0.5968497352768591,,1.0,1.682472586631775,1.201786756515503,0.9819819927215576,1.0679464,0.99178815,0.025300793516807005,0.0036832647797937087,2.8917059898376465
1.0,1.0,,0.0,0.9440095526594166,0.5882495416727389,7.427441111556044,0.5882495416727389,,1.0,1.6792545318603516,1.239952564239502,0.9864864945411682,1.067604,0.9887108,0.03014741928070085,0.015422302694875177,2.8835620880126953
1.0,1.0,,0.0,0.9905065320503503,0.6143082171712883,7.9798018481280355,0.6143082171712883,,1.0,1.65644109249115,1.1745578050613403,0.9729729890823364,1.0723758,0.98392695,0.020505050651133287,0.014449087374532876,2.8772151470184326
1.0,1.0,,0.0,0.9667014464786327,0.5947655885568851,8.189379852097314,0.5947655885568851,,1.0,1.6605676412582397,1.3193167448043823,0.9684684872627258,1.0595094,0.9873734,0.027864477094232513,0.016844937030495992,2.9150900840759277
1.0,1.0,,0.0,0.9685894467045663,0.5999554117520818,7.355795534881386,0.5999554117520818,,1.0,1.6712151765823364,1.2359378337860107,0.9752252101898193,1.0682462,0.9900712,0.024361042918202604,0.019068973713111878,2.907825231552124
