model_returned_smth,valid_cf_disc,dissimilarity_proximity_categorical_hamming,dissimilarity_proximity_categorical_jaccard,dissimilarity_proximity_continuous_manhatan,dissimilarity_proximity_continuous_euclidean,dissimilarity_proximity_continuous_mad,distance_l2_jaccard,distance_mad_hamming,sparsity,flow_log_density_cfs,flow_log_density_xs,flow_prob_condition_acc,lof_scores_xs,lof_scores_cfs,isolation_forest_scores_xs,isolation_forest_scores_cfs,time
1.0,1.0,,0.0,0.3145858645669881,0.19729507464954515,2.6617906611194617,0.19729507464954515,,0.8693693693693694,2.0031380653381348,1.2017868757247925,1.0,1.0733646,1.0629336,0.031328351940873564,0.07611264971870733,19.12051558494568
1.0,1.0,,0.0,0.3254260115979894,0.2033034711766952,2.566310898140744,0.2033034711766952,,0.8490990990990991,2.035234212875366,1.2399526834487915,0.9977477192878723,1.0719352,1.061982,0.024237340379912563,0.06544621366373551,18.030021905899048
1.0,1.0,,0.0,0.3358003160442217,0.2079322965168635,2.708458933475855,0.2079322965168635,,0.8828828828828829,1.9386426210403442,1.1745578050613403,0.9842342138290405,1.0719011,1.0630226,0.023051045132857988,0.07341094312705876,13.692413568496704
1.0,0.9977477192878723,,0.0,0.3209240963380482,0.20249233659273935,2.7268998690184443,0.20249233659273935,,0.8798798798798799,2.060784339904785,1.3193167448043823,0.9977477192878723,1.0724938,1.0608059,0.027582555004590944,0.07104759124218342,19.302895069122314
1.0,1.0,,0.0,0.33234177325508213,0.2063896015881995,2.5278461533388845,0.2063896015881995,,0.8558558558558559,2.0366697311401367,1.2359378337860107,1.0,1.0738069,1.0607291,0.025931264053510313,0.07163454107548839,14.485194206237793
