model_returned_smth,valid_cf_disc,dissimilarity_proximity_categorical_hamming,dissimilarity_proximity_categorical_jaccard,dissimilarity_proximity_continuous_manhatan,dissimilarity_proximity_continuous_euclidean,dissimilarity_proximity_continuous_mad,distance_l2_jaccard,distance_mad_hamming,sparsity,flow_log_density_cfs,flow_log_density_xs,flow_prob_condition_acc,lof_scores_xs,lof_scores_cfs,isolation_forest_scores_xs,isolation_forest_scores_cfs,time
1.0,0.954954981803894,,0.0,0.3889248453251982,0.23957201529893268,3.249563030757994,0.23957201529893268,,1.0,2.0117623805999756,1.1941088438034058,1.0,1.0728658,1.0604953,0.024662580147601927,0.06965104693675321,21.089483499526978
1.0,0.9459459185600281,,0.0,0.38425878210968917,0.23540232847464107,2.9689964922411103,0.23540232847464107,,1.0,2.0637004375457764,1.2413630485534668,1.0,1.0710585,1.0596097,0.029177942050312464,0.07569718267792337,19.22093176841736
1.0,0.9414414167404175,,0.0,0.41078239001342626,0.25154746269382233,3.3060940763596713,0.25154746269382233,,1.0,2.0325348377227783,1.165624976158142,1.0,1.0675706,1.0589476,0.019036403301564128,0.07175844922072477,20.294712781906128
1.0,0.9527027010917664,,0.0,0.3865063267872266,0.23661243084675107,3.2728966298396425,0.23661243084675107,,1.0,2.0635645389556885,1.3361176252365112,1.0,1.06639,1.0598354,0.0300993968532623,0.07288141509763724,22.146955490112305
1.0,0.9617117047309875,,0.0,0.40194840405127624,0.24615671508681725,2.998189776717081,0.24615671508681725,,1.0,2.039031505584717,1.2345188856124878,1.0,1.0733148,1.0574088,0.022545340867239687,0.07027169055983935,20.378503799438477
