model_returned_smth,valid_cf_disc,dissimilarity_proximity_categorical_hamming,dissimilarity_proximity_categorical_jaccard,dissimilarity_proximity_continuous_manhatan,dissimilarity_proximity_continuous_euclidean,dissimilarity_proximity_continuous_mad,distance_l2_jaccard,distance_mad_hamming,sparsity,flow_log_density_cfs,flow_log_density_xs,flow_prob_condition_acc,lof_scores_xs,lof_scores_cfs,isolation_forest_scores_xs,isolation_forest_scores_cfs,time
1.0,1.0,,0.0,0.32246691984258724,0.20081872553702435,2.7470783801027783,0.20081872553702435,,1.0,1.9135316610336304,1.201786756515503,0.9954954981803894,1.0679464,1.0333987,0.025300793516807005,0.07200550377378927,0.8440098762512207
1.0,1.0,,0.0,0.3192975469990759,0.19761964139475766,2.522821349133779,0.19761964139475766,,1.0,1.9621365070343018,1.239952564239502,0.9954954981803894,1.067604,1.0319911,0.03014741928070085,0.0749343205625829,0.8476748466491699
1.0,1.0,,0.0,0.3394507893575104,0.2100850305606107,2.758105874162268,0.2100850305606107,,1.0,1.9143848419189453,1.1745578050613403,0.9977477192878723,1.0723758,1.0331696,0.020505050651133287,0.06582638643417985,0.8511769771575928
1.0,1.0,,0.0,0.318208482007387,0.19685153179331996,2.7144957731167474,0.19685153179331996,,1.0,1.9538527727127075,1.3193167448043823,0.9954954981803894,1.0595094,1.0279428,0.027864477094232513,0.07205247756453059,0.8460249900817871
1.0,1.0,,0.0,0.32999835952461976,0.20572799661374574,2.518665434507368,0.20572799661374574,,1.0,1.9412851333618164,1.2359378337860107,0.9909909963607788,1.0682462,1.039807,0.024361042918202604,0.06926926682615224,0.8513748645782471
