model_returned_smth,valid_cf_disc,dissimilarity_proximity_categorical_hamming,dissimilarity_proximity_categorical_jaccard,dissimilarity_proximity_continuous_manhatan,dissimilarity_proximity_continuous_euclidean,dissimilarity_proximity_continuous_mad,distance_l2_jaccard,distance_mad_hamming,sparsity,flow_log_density_cfs,flow_log_density_xs,flow_prob_condition_acc,lof_scores_xs,lof_scores_cfs,isolation_forest_scores_xs,isolation_forest_scores_cfs,time
1.0,1.0,,0.0,0.3772003227354002,0.23326408802914983,3.2040184722156138,0.23326408802914983,,1.0,2.0294876098632812,1.2017868757247925,1.0,1.0699452,1.0600734,0.023661491503322044,0.07111845483097565,61.88788843154907
1.0,1.0,,0.0,0.3764981380370152,0.23173547097647548,2.9703640812454193,0.23173547097647548,,0.9992492492492493,2.065051794052124,1.2399526834487915,1.0,1.067031,1.0587686,0.024332487520628446,0.07151526312598287,59.82425236701965
1.0,1.0,,0.0,0.3949955286613355,0.24355679124285934,3.2058322750837416,0.24355679124285934,,1.0,2.0454611778259277,1.1745578050613403,1.0,1.0655104,1.0595615,0.02277538258210986,0.06905387032114693,64.34651184082031
1.0,1.0,,0.0,0.3638277632343742,0.22305876985648992,3.092394028530196,0.22305876985648992,,1.0,2.0364739894866943,1.3193167448043823,1.0,1.0683321,1.0612366,0.03627587815298891,0.07937801388708762,64.47116184234619
1.0,1.0,,0.0,0.36665563839529686,0.22699943576400178,2.7938962182080425,0.22699943576400178,,1.0,2.030038595199585,1.2359378337860107,0.9977477192878723,1.0749863,1.0599058,0.02399233188007732,0.07178066321245213,57.84454345703125
