model_returned_smth,valid_cf_disc,dissimilarity_proximity_categorical_hamming,dissimilarity_proximity_categorical_jaccard,dissimilarity_proximity_continuous_manhatan,dissimilarity_proximity_continuous_euclidean,dissimilarity_proximity_continuous_mad,distance_l2_jaccard,distance_mad_hamming,sparsity,flow_log_density_cfs,flow_log_density_xs,flow_prob_condition_acc,lof_scores_xs,lof_scores_cfs,isolation_forest_scores_xs,isolation_forest_scores_cfs,time
1.0,0.9414414167404175,,0.0,0.39091059436094744,0.24066625095424296,3.266282242165798,0.24066625095424296,,1.0,2.012401819229126,1.195134162902832,1.0,1.0679567,1.0276151,0.025300793516807005,0.07165457851961318,21.089483499526978
1.0,0.9324324131011963,,0.0,0.38847518538615267,0.23790690086128827,2.982547429664699,0.23790690086128827,,1.0,2.0678296089172363,1.2296632528305054,1.0,1.0676569,1.0264064,0.03014741928070085,0.07546125940350232,19.22093176841736
1.0,0.9459459185600281,,0.0,0.41042260030240174,0.2512637814621146,3.23329344115087,0.2512637814621146,,1.0,2.0360050201416016,1.178433895111084,1.0,1.0723763,1.025504,0.020505050651133287,0.06595055770929278,20.294712781906128
1.0,0.954954981803894,,0.0,0.386081733011623,0.23639810671146794,3.2673572812159106,0.23639810671146794,,1.0,2.051197052001953,1.3288697004318237,1.0,1.0595237,1.0252494,0.027864477094232516,0.07050650424627698,22.146955490112305
1.0,0.9639639854431152,,0.0,0.4007559334467574,0.24540267517142075,3.0061743718998453,0.24540267517142075,,1.0,2.036628246307373,1.2433546781539917,1.0,1.0682547,1.0330602,0.024361042918202604,0.06901723517282933,20.37850379943848
