model_returned_smth,valid_cf_disc,dissimilarity_proximity_categorical_hamming,dissimilarity_proximity_categorical_jaccard,dissimilarity_proximity_continuous_manhatan,dissimilarity_proximity_continuous_euclidean,dissimilarity_proximity_continuous_mad,distance_l2_jaccard,distance_mad_hamming,sparsity,flow_log_density_cfs,flow_log_density_xs,flow_prob_condition_acc,lof_scores_xs,lof_scores_cfs,isolation_forest_scores_xs,isolation_forest_scores_cfs,time
1.0,0.8963963985443115,,0.0,0.52026521284882,0.31606512818407273,5.368903001798457,0.31606512818407273,,1.0,1.8549829721450806,1.3630332946777344,0.7788944840431213,1.0720896,1.0547383,0.02370775629840362,0.05258055134051099,80.12767004966736
1.0,0.9575289487838745,,0.0,0.5153809633075951,0.3189692178535907,5.441129288365764,0.3189692178535907,,1.0,2.108290195465088,1.4421231746673584,0.8024193644523621,1.071324,1.0493243,0.030810305306485937,0.04793148686011458,123.2856695652008
1.0,0.9588015079498291,,0.0,0.5464417594957922,0.3315471066049456,5.106493275379762,0.3315471066049456,,1.0,1.722441554069519,1.1515424251556396,0.77734375,1.079569,1.080568,0.01789832015516317,0.04070541091610732,101.36444354057312
1.0,0.9152542352676392,,0.0,0.5100264638765819,0.3184757369260086,5.305165689300607,0.3184757369260086,,1.0,2.050959348678589,1.4721778631210327,0.7685185074806213,1.0696647,1.0439312,0.026989885019438137,0.04821693478018741,77.78261542320251
1.0,0.9526066184043884,,0.0,0.47023729936437525,0.2863466270011755,5.102894030993258,0.2863466270011755,,1.0,2.0085196495056152,1.5073002576828003,0.7512437701225281,1.0669229,1.0609595,0.024466476320874526,0.049042926444049985,109.50186347961426
