model_returned_smth,valid_cf_disc,dissimilarity_proximity_categorical_hamming,dissimilarity_proximity_categorical_jaccard,dissimilarity_proximity_continuous_manhatan,dissimilarity_proximity_continuous_euclidean,dissimilarity_proximity_continuous_mad,distance_l2_jaccard,distance_mad_hamming,sparsity,flow_log_density_cfs,flow_log_density_xs,flow_prob_condition_acc,lof_scores_xs,lof_scores_cfs,isolation_forest_scores_xs,isolation_forest_scores_cfs,time
1.0,1.0,,0.0,0.36300059403544543,0.2227316333975696,3.0691454575673953,0.2227316333975696,,1.0,2.0249321460723877,1.2017868757247925,1.0,1.0679567,1.0266919,0.025300793516807005,0.07562969546452576,2.4643218517303467
1.0,1.0,,0.0,0.3608224569056351,0.21998935757710167,2.8318045594737873,0.21998935757710167,,1.0,2.0723655223846436,1.2399526834487915,1.0,1.0676569,1.0272179,0.03014741928070085,0.07782986727739959,2.4553020000457764
1.0,1.0,,0.0,0.38190109923121157,0.23312251433829084,3.0818695729380257,0.23312251433829084,,1.0,2.027031898498535,1.1745578050613403,1.0,1.0723763,1.0288546,0.020505050651133287,0.06861823863166833,2.4737043380737305
1.0,1.0,,0.0,0.36233733888916875,0.2207831111001186,3.067914616887097,0.2207831111001186,,1.0,2.065514326095581,1.3193167448043823,1.0,1.0595237,1.0229527,0.027864477094232516,0.07364994405584721,2.235960006713867
1.0,1.0,,0.0,0.3725269104958185,0.22882888425427297,2.829426614785785,0.22882888425427297,,1.0,2.0565829277038574,1.2359378337860107,1.0,1.0682547,1.0351963,0.024361042918202604,0.07238995449675235,2.4818601608276367
