model_returned_smth,valid_cf_disc,dissimilarity_proximity_categorical_hamming,dissimilarity_proximity_categorical_jaccard,dissimilarity_proximity_continuous_manhatan,dissimilarity_proximity_continuous_euclidean,dissimilarity_proximity_continuous_mad,distance_l2_jaccard,distance_mad_hamming,sparsity,flow_log_density_cfs,flow_log_density_xs,flow_prob_condition_acc,lof_scores_xs,lof_scores_cfs,isolation_forest_scores_xs,isolation_forest_scores_cfs,time
1.0,1.0,,0.0,0.44004687286602956,0.26271583140501353,3.680998511948027,0.26271583140501353,,1.0,2.0817129611968994,1.201786756515503,1.0,1.0679464,1.0263014,0.025300793516807005,0.07367539307129321,0.8540852069854736
1.0,1.0,,0.0,0.4343333270417543,0.2581064894902677,3.3756518753262252,0.2581064894902677,,1.0,2.1064395904541016,1.239952564239502,1.0,1.067604,1.0274487,0.03014741928070085,0.07509514298667827,0.8474280834197998
1.0,1.0,,0.0,0.4564794056591586,0.27238802014490165,3.6480551327134036,0.27238802014490165,,1.0,2.0550310611724854,1.1745578050613403,1.0,1.0723758,1.0252818,0.020505050651133287,0.06554700285023923,0.8465762138366699
1.0,1.0,,0.0,0.43550271707847044,0.2592182444329577,3.650929487906061,0.2592182444329577,,1.0,2.0832815170288086,1.3193167448043823,1.0,1.0595094,1.0254327,0.027864477094232513,0.06943073225384834,0.8640120029449463
1.0,1.0,,0.0,0.45088426054346264,0.26973472868259396,3.3996365146862493,0.26973472868259396,,1.0,2.088804006576538,1.2359378337860107,1.0,1.0682462,1.0312115,0.024361042918202604,0.06981750276561166,0.8514211177825928
