model_returned_smth,valid_cf_disc,dissimilarity_proximity_categorical_hamming,dissimilarity_proximity_categorical_jaccard,dissimilarity_proximity_continuous_manhatan,dissimilarity_proximity_continuous_euclidean,dissimilarity_proximity_continuous_mad,distance_l2_jaccard,distance_mad_hamming,sparsity,flow_log_density_cfs,flow_log_density_xs,flow_prob_condition_acc,lof_scores_xs,lof_scores_cfs,isolation_forest_scores_xs,isolation_forest_scores_cfs,time
1.0,1.0,,0.0,0.3378824319350659,0.208493953669179,2.8622064411908656,0.208493953669179,,1.0,1.9747719764709473,1.201786756515503,1.0,1.0679464,1.0282094,0.025300793516807005,0.07476860209117067,0.8496310710906982
1.0,1.0,,0.0,0.33391534287885233,0.20488651422146584,2.6252056604570098,0.20488651422146584,,1.0,2.0205023288726807,1.239952564239502,1.0,1.067604,1.0301645,0.03014741928070085,0.07718933408510896,0.8442440032958984
1.0,1.0,,0.0,0.35400284990576003,0.2176926231244404,2.861917852415695,0.2176926231244404,,1.0,1.9777714014053345,1.1745578050613403,1.0,1.0723758,1.0312005,0.020505050651133287,0.06838916184646938,0.8615097999572754
1.0,1.0,,0.0,0.33119883971406266,0.20353239957672978,2.8110328520740473,0.20353239957672978,,1.0,2.006359577178955,1.3193167448043823,0.9977477192878723,1.0595094,1.0256127,0.027864477094232513,0.07378277226454437,0.8492820262908936
1.0,1.0,,0.0,0.34525400262980444,0.21336084122146062,2.6258291404123777,0.21336084122146062,,1.0,2.0023274421691895,1.2359378337860107,1.0,1.0682462,1.0396583,0.024361042918202604,0.07185766908301393,0.848459005355835
