model_returned_smth,valid_cf_disc,dissimilarity_proximity_categorical_hamming,dissimilarity_proximity_categorical_jaccard,dissimilarity_proximity_continuous_manhatan,dissimilarity_proximity_continuous_euclidean,dissimilarity_proximity_continuous_mad,distance_l2_jaccard,distance_mad_hamming,sparsity,flow_log_density_cfs,flow_log_density_xs,flow_prob_condition_acc,lof_scores_xs,lof_scores_cfs,isolation_forest_scores_xs,isolation_forest_scores_cfs,time
1.0,1.0,,0.0,0.38265434567615186,0.2327359688614761,3.235393761447421,0.2327359688614761,,0.8963963963963963,2.055426836013794,1.2017868757247925,1.0,1.0800408,1.062218,0.022296052687066765,0.06125260645426772,7.559878826141357
1.0,1.0,,0.0,0.3357312273116665,0.20289696843723434,2.624588111633653,0.20289696843723434,,0.8490990990990991,2.073302745819092,1.2399526834487915,1.0,1.0697562,1.0612799,0.030851132851174093,0.07560465416725491,5.5047926902771
1.0,1.0,,0.0,0.3567403733063288,0.21604441222133663,2.8712033307565763,0.21604441222133663,,0.8828828828828829,2.033970832824707,1.1745578050613403,1.0,1.0674386,1.059836,0.029846958594790328,0.08161264079906654,5.486128091812134
1.0,1.0,,0.0,0.32413317863032354,0.19775250112076448,2.7422525278284207,0.19775250112076448,,0.8671171171171171,2.0740654468536377,1.3193167448043823,1.0,1.0701808,1.0625063,0.027364419853241156,0.06977723224099901,5.77440333366394
1.0,1.0,,0.0,0.34429062064317567,0.20882241591205222,2.609161991021923,0.20882241591205222,,0.8603603603603603,2.0625126361846924,1.2359378337860107,1.0,1.0715976,1.0597502,0.026803652373940324,0.07492601304347248,5.668709993362427
