model_returned_smth,valid_cf_disc,dissimilarity_proximity_categorical_hamming,dissimilarity_proximity_categorical_jaccard,dissimilarity_proximity_continuous_manhatan,dissimilarity_proximity_continuous_euclidean,dissimilarity_proximity_continuous_mad,distance_l2_jaccard,distance_mad_hamming,sparsity,flow_log_density_cfs,flow_log_density_xs,flow_prob_condition_acc,lof_scores_xs,lof_scores_cfs,isolation_forest_scores_xs,isolation_forest_scores_cfs,time
1.0,1.0,,0.0,0.4256125685427472,0.2649324749967183,3.6329519064039797,0.2649324749967183,,1.0,2.0583183765411377,1.2017868757247925,1.0,1.0679567,1.0246522,0.025300793516807005,0.06892845453216766,7.559878826141357
1.0,1.0,,0.0,0.3728140444150782,0.22790042590869528,2.935654554549638,0.22790042590869528,,1.0,2.0553629398345947,1.2399526834487915,1.0,1.0676569,1.0271046,0.03014741928070085,0.07568298456475396,5.5047926902771
1.0,1.0,,0.0,0.3877747086661255,0.23755419969851838,3.140178223182489,0.23755419969851838,,1.0,2.011343479156494,1.1745578050613403,0.9977477192878723,1.0723763,1.0287856,0.020505050651133287,0.06700195200946667,5.486128091812134
1.0,1.0,,0.0,0.3617557664359878,0.22418357059114355,3.082287122940158,0.22418357059114355,,1.0,2.06026029586792,1.3193167448043823,1.0,1.0595237,1.0225745,0.027864477094232516,0.07275240288646315,5.77440333366394
1.0,1.0,,0.0,0.37518641181911033,0.23136807932038808,2.8564213319673195,0.23136807932038808,,1.0,2.031492233276367,1.2359378337860107,1.0,1.0682547,1.0332124,0.024361042918202604,0.07052223783493174,5.668709993362427
