model_returned_smth,valid_cf_disc,dissimilarity_proximity_categorical_hamming,dissimilarity_proximity_categorical_jaccard,dissimilarity_proximity_continuous_manhatan,dissimilarity_proximity_continuous_euclidean,dissimilarity_proximity_continuous_mad,distance_l2_jaccard,distance_mad_hamming,sparsity,flow_log_density_cfs,flow_log_density_xs,flow_prob_condition_acc,lof_scores_xs,lof_scores_cfs,isolation_forest_scores_xs,isolation_forest_scores_cfs,time
1.0,1.0,,0.0,0.5319604699131708,0.3283997838503661,5.668459615042043,0.3283997838503661,,1.0,1.7357087135314941,1.4153462648391724,0.8558139801025391,1.0716778,1.0572914,0.024142863872428446,0.05113286821768929,85.48139357566833
1.0,1.0,,0.0,0.46407832572790414,0.2934181951009904,4.801674106368074,0.2934181951009904,,1.0,1.7236593961715698,1.395015835762024,0.792792797088623,1.0739573,1.0610198,0.02712622691864022,0.05394555347149577,97.60393381118774
1.0,1.0,,0.0,0.4834139372611449,0.29895847501075695,4.494944767568444,0.29895847501075695,,1.0,1.767967939376831,1.3258057832717896,0.7336065769195557,1.083246,1.0599035,0.016386137413640242,0.04636207768782393,82.75017762184143
1.0,1.0,,0.0,0.40414035035711193,0.25148757724469184,4.275442985058935,0.25148757724469184,,1.0,1.8464574813842773,1.5215888023376465,0.7361111044883728,1.0673287,1.0466349,0.02744722309878256,0.05223627725946765,103.5815200805664
1.0,0.9581395387649536,,0.0,0.4256441835946973,0.27356116397477565,4.655199103563735,0.27356116397477565,,1.0,1.9905922412872314,0.9763860106468201,0.8834951519966125,1.0653285,1.0496331,0.02661144569625634,0.05326357104137216,100.26508975028992
