model_returned_smth,valid_cf_disc,dissimilarity_proximity_categorical_hamming,dissimilarity_proximity_categorical_jaccard,dissimilarity_proximity_continuous_manhatan,dissimilarity_proximity_continuous_euclidean,dissimilarity_proximity_continuous_mad,distance_l2_jaccard,distance_mad_hamming,sparsity,flow_log_density_cfs,flow_log_density_xs,flow_prob_condition_acc,lof_scores_xs,lof_scores_cfs,isolation_forest_scores_xs,isolation_forest_scores_cfs,time
1.0,0.9356435537338257,,0.0,0.5106106293412349,0.3090616651559236,5.370827962481786,0.3090616651559236,,1.0,2.040412664413452,1.5125222206115723,0.7936508059501648,1.0733413,1.0510077,0.020955872826215284,0.05355620995803136,83.57062721252441
1.0,0.9293680191040039,,0.0,0.5189838348478079,0.3286797844404624,5.437070611953735,0.3286797844404624,,1.0,2.1107795238494873,1.3866069316864014,0.7760000228881836,1.0724669,1.0529099,0.031119198948702128,0.0499621912843622,146.77705025672913
1.0,0.9261992573738098,,0.0,0.5373921532265515,0.330752962787603,4.836394509827473,0.330752962787603,,1.0,1.9191120862960815,1.255359172821045,0.7609561681747437,1.0831108,1.0679526,0.016655104510051588,0.040701031127981166,125.5024061203003
1.0,0.8763440847396851,,0.0,0.5167933740635957,0.3136678636625027,5.291583643369148,0.3136678636625027,,1.0,1.7907216548919678,1.3827745914459229,0.7975460290908813,1.0778146,1.0538263,0.018949366722180463,0.049351121671050664,77.56920623779297
1.0,0.959276020526886,,0.0,0.5055808072892141,0.30445652313852645,5.360861901967031,0.30445652313852645,,1.0,1.8801310062408447,1.401740550994873,0.7688679099082947,1.0654097,1.0615311,0.02543975955853427,0.03952331428408448,87.51793479919434
