model_returned_smth,valid_cf_disc,dissimilarity_proximity_categorical_hamming,dissimilarity_proximity_categorical_jaccard,dissimilarity_proximity_continuous_manhatan,dissimilarity_proximity_continuous_euclidean,dissimilarity_proximity_continuous_mad,distance_l2_jaccard,distance_mad_hamming,sparsity,flow_log_density_cfs,flow_log_density_xs,flow_prob_condition_acc,lof_scores_xs,lof_scores_cfs,isolation_forest_scores_xs,isolation_forest_scores_cfs,time
1.0,1.0,,0.0,0.36300059403544543,0.2227316333975696,3.0691454575673953,0.2227316333975696,,1.0,2.0249321460723877,1.201786756515503,1.0,1.077802,1.0642878,0.03227275174738013,0.08063466983755119,2.4643218517303467
1.0,1.0,,0.0,0.3608224569056351,0.21998935757710167,2.8318045594737873,0.21998935757710167,,1.0,2.0723655223846436,1.239952564239502,1.0,1.0731586,1.0643923,0.027808987571584454,0.0802085399647741,2.4553020000457764
1.0,1.0,,0.0,0.38190109923121157,0.23312251433829084,3.0818695729380257,0.23312251433829084,,1.0,2.027031898498535,1.1745578050613403,1.0,1.0727682,1.064606,0.025187766539978607,0.07369480371134245,2.4737043380737305
1.0,1.0,,0.0,0.36233733888916875,0.2207831111001186,3.067914616887097,0.2207831111001186,,1.0,2.065514326095581,1.3193167448043823,1.0,1.070941,1.064152,0.031088311010173165,0.07851135041383887,2.235960006713867
1.0,1.0,,0.0,0.3725269104958185,0.22882888425427297,2.829426614785785,0.22882888425427297,,1.0,2.0565829277038574,1.2359378337860107,1.0,1.0766337,1.0627598,0.028666016484674324,0.08671534270594311,2.4818601608276367
