,precision,recall,f1-score,support
0,0.7772727272727272,0.7702702702702703,0.7737556561085973,222.0
1,0.7723214285714286,0.7792792792792793,0.7757847533632287,222.0
accuracy,0.7747747747747747,0.7747747747747747,0.7747747747747747,0.7747747747747747
macro avg,0.7747970779220779,0.7747747747747749,0.7747702047359131,444.0
weighted avg,0.7747970779220779,0.7747747747747747,0.774770204735913,444.0
