,precision,recall,f1-score,support
0,0.7813953488372093,0.7567567567567568,0.7688787185354691,222.0
1,0.7641921397379913,0.7882882882882883,0.7760532150776053,222.0
accuracy,0.7725225225225225,0.7725225225225225,0.7725225225225225,0.7725225225225225
macro avg,0.7727937442876003,0.7725225225225225,0.7724659668065372,444.0
weighted avg,0.7727937442876003,0.7725225225225225,0.7724659668065372,444.0
