,precision,recall,f1-score,support
0,0.782608695652174,0.7297297297297297,0.7552447552447552,222.0
1,0.7468354430379747,0.7972972972972973,0.7712418300653595,222.0
accuracy,0.7635135135135135,0.7635135135135135,0.7635135135135135,0.7635135135135135
macro avg,0.7647220693450743,0.7635135135135135,0.7632432926550574,444.0
weighted avg,0.7647220693450744,0.7635135135135135,0.7632432926550573,444.0
